t_s,VSYS_V,VDISP_V,I_discharge_A
0.000000e+00,3.799999e+00,1.444000e-09,1.500000e-05
1.228000e-02,3.799999e+00,1.444000e-09,1.500000e-05
3.128000e-02,3.799999e+00,1.444000e-09,1.500000e-05
5.028000e-02,3.799999e+00,1.444000e-09,1.500000e-05
6.928000e-02,3.799999e+00,1.444000e-09,1.500000e-05
8.828000e-02,3.799999e+00,1.444000e-09,1.500000e-05
1.072800e-01,3.799999e+00,1.444000e-09,1.500000e-05
1.262800e-01,3.799999e+00,1.444000e-09,1.500000e-05
1.452800e-01,3.799999e+00,1.444000e-09,1.500000e-05
1.642800e-01,3.799999e+00,1.444000e-09,1.500000e-05
1.832800e-01,3.799999e+00,1.444000e-09,1.500000e-05
2.022800e-01,3.799999e+00,1.444000e-09,1.500000e-05
2.212800e-01,3.799999e+00,1.444000e-09,1.500000e-05
2.402800e-01,3.799999e+00,1.444000e-09,1.500000e-05
2.592800e-01,3.799999e+00,1.444000e-09,1.500000e-05
2.782800e-01,3.799999e+00,1.444000e-09,1.500000e-05
2.972800e-01,3.799999e+00,1.444000e-09,1.500000e-05
3.162800e-01,3.799999e+00,1.444000e-09,1.500000e-05
3.352800e-01,3.799999e+00,1.444000e-09,1.500000e-05
3.542800e-01,3.799999e+00,1.444000e-09,1.500000e-05
3.732800e-01,3.799999e+00,1.444000e-09,1.500000e-05
3.922800e-01,3.799999e+00,1.444000e-09,1.500000e-05
4.112800e-01,3.799999e+00,1.444000e-09,1.500000e-05
4.302800e-01,3.799999e+00,1.444000e-09,1.500000e-05
4.492800e-01,3.799999e+00,1.444000e-09,1.500000e-05
4.682800e-01,3.799999e+00,1.444000e-09,1.500000e-05
4.872800e-01,3.799999e+00,1.444000e-09,1.500000e-05
5.062800e-01,3.799999e+00,1.444000e-09,1.500000e-05
5.252800e-01,3.799999e+00,1.444000e-09,1.500000e-05
5.442800e-01,3.799999e+00,1.444000e-09,1.500000e-05
5.632800e-01,3.799999e+00,1.444000e-09,1.500000e-05
5.822800e-01,3.799999e+00,1.444000e-09,1.500000e-05
6.012800e-01,3.799999e+00,1.444000e-09,1.500000e-05
6.202800e-01,3.799999e+00,1.444000e-09,1.500000e-05
6.392800e-01,3.799999e+00,1.444000e-09,1.500000e-05
6.582800e-01,3.799999e+00,1.444000e-09,1.500000e-05
6.772800e-01,3.799999e+00,1.444000e-09,1.500000e-05
6.962800e-01,3.799999e+00,1.444000e-09,1.500000e-05
7.152800e-01,3.799999e+00,1.444000e-09,1.500000e-05
7.342800e-01,3.799999e+00,1.444000e-09,1.500000e-05
7.532800e-01,3.799999e+00,1.444000e-09,1.500000e-05
7.722800e-01,3.799999e+00,1.444000e-09,1.500000e-05
7.912800e-01,3.799999e+00,1.444000e-09,1.500000e-05
8.102800e-01,3.799999e+00,1.444000e-09,1.500000e-05
8.292800e-01,3.799999e+00,1.444000e-09,1.500000e-05
8.482800e-01,3.799999e+00,1.444000e-09,1.500000e-05
8.672800e-01,3.799999e+00,1.444000e-09,1.500000e-05
8.862800e-01,3.799999e+00,1.444000e-09,1.500000e-05
9.052800e-01,3.799999e+00,1.444000e-09,1.500000e-05
9.242800e-01,3.799999e+00,1.444000e-09,1.500000e-05
9.432800e-01,3.799999e+00,1.444000e-09,1.500000e-05
9.622800e-01,3.799999e+00,1.444000e-09,1.500000e-05
9.812800e-01,3.799999e+00,1.444000e-09,1.500000e-05
1.000280e+00,3.799999e+00,1.444000e-09,1.500000e-05
1.019280e+00,3.799999e+00,1.444000e-09,1.500000e-05
1.038280e+00,3.799999e+00,1.444000e-09,1.500000e-05
1.057280e+00,3.799999e+00,1.444000e-09,1.500000e-05
1.076280e+00,3.799999e+00,1.444000e-09,1.500000e-05
1.095280e+00,3.799999e+00,1.444000e-09,1.500000e-05
1.114280e+00,3.799999e+00,1.444000e-09,1.500000e-05
1.133280e+00,3.799999e+00,1.444000e-09,1.500000e-05
1.152280e+00,3.799999e+00,1.444000e-09,1.500000e-05
1.171280e+00,3.799999e+00,1.444000e-09,1.500000e-05
1.190280e+00,3.799999e+00,1.444000e-09,1.500000e-05
1.209280e+00,3.799999e+00,1.444000e-09,1.500000e-05
1.228280e+00,3.799999e+00,1.444000e-09,1.500000e-05
1.247280e+00,3.799999e+00,1.444000e-09,1.500000e-05
1.266280e+00,3.799999e+00,1.444000e-09,1.500000e-05
1.285280e+00,3.799999e+00,1.444000e-09,1.500000e-05
1.304280e+00,3.799999e+00,1.444000e-09,1.500000e-05
1.323280e+00,3.799999e+00,1.444000e-09,1.500000e-05
1.342280e+00,3.799999e+00,1.444000e-09,1.500000e-05
1.361280e+00,3.799999e+00,1.444000e-09,1.500000e-05
1.380280e+00,3.799999e+00,1.444000e-09,1.500000e-05
1.399280e+00,3.799999e+00,1.444000e-09,1.500000e-05
1.418280e+00,3.799999e+00,1.444000e-09,1.500000e-05
1.437280e+00,3.799999e+00,1.444000e-09,1.500000e-05
1.456280e+00,3.799999e+00,1.444000e-09,1.500000e-05
1.475280e+00,3.799999e+00,1.444000e-09,1.500000e-05
1.494280e+00,3.799999e+00,1.444000e-09,1.500000e-05
1.513280e+00,3.799999e+00,1.444000e-09,1.500000e-05
1.532280e+00,3.799999e+00,1.444000e-09,1.500000e-05
1.551280e+00,3.799999e+00,1.444000e-09,1.500000e-05
1.570280e+00,3.799999e+00,1.444000e-09,1.500000e-05
1.589280e+00,3.799999e+00,1.444000e-09,1.500000e-05
1.608280e+00,3.799999e+00,1.444000e-09,1.500000e-05
1.627280e+00,3.799999e+00,1.444000e-09,1.500000e-05
1.646280e+00,3.799999e+00,1.444000e-09,1.500000e-05
1.665280e+00,3.799999e+00,1.444000e-09,1.500000e-05
1.684280e+00,3.799999e+00,1.444000e-09,1.500000e-05
1.703280e+00,3.799999e+00,1.444000e-09,1.500000e-05
1.722280e+00,3.799999e+00,1.444000e-09,1.500000e-05
1.741280e+00,3.799999e+00,1.444000e-09,1.500000e-05
1.760280e+00,3.799999e+00,1.444000e-09,1.500000e-05
1.779280e+00,3.799999e+00,1.444000e-09,1.500000e-05
1.798280e+00,3.799999e+00,1.444000e-09,1.500000e-05
1.817280e+00,3.799999e+00,1.444000e-09,1.500000e-05
1.836280e+00,3.799999e+00,1.444000e-09,1.500000e-05
1.855280e+00,3.799999e+00,1.444000e-09,1.500000e-05
1.874280e+00,3.799999e+00,1.444000e-09,1.500000e-05
1.893280e+00,3.799999e+00,1.444000e-09,1.500000e-05
1.912280e+00,3.799999e+00,1.444000e-09,1.500000e-05
1.931280e+00,3.799999e+00,1.444000e-09,1.500000e-05
1.950280e+00,3.799999e+00,1.444000e-09,1.500000e-05
1.969280e+00,3.799999e+00,1.444000e-09,1.500000e-05
1.988280e+00,3.799999e+00,1.444000e-09,1.500000e-05
2.007280e+00,3.799999e+00,1.444000e-09,1.500000e-05
2.026280e+00,3.799999e+00,1.444000e-09,1.500000e-05
2.045280e+00,3.799999e+00,1.444000e-09,1.500000e-05
2.064280e+00,3.799999e+00,1.444000e-09,1.500000e-05
2.083280e+00,3.799999e+00,1.444000e-09,1.500000e-05
2.102280e+00,3.799999e+00,1.444000e-09,1.500000e-05
2.121280e+00,3.799999e+00,1.444000e-09,1.500000e-05
2.140280e+00,3.799999e+00,1.444000e-09,1.500000e-05
2.159280e+00,3.799999e+00,1.444000e-09,1.500000e-05
2.178280e+00,3.799999e+00,1.444000e-09,1.500000e-05
2.197280e+00,3.799999e+00,1.444000e-09,1.500000e-05
2.216280e+00,3.799999e+00,1.444000e-09,1.500000e-05
2.235280e+00,3.799999e+00,1.444000e-09,1.500000e-05
2.254280e+00,3.799999e+00,1.444000e-09,1.500000e-05
2.273280e+00,3.799999e+00,1.444000e-09,1.500000e-05
2.292280e+00,3.799999e+00,1.444000e-09,1.500000e-05
2.311280e+00,3.799999e+00,1.444000e-09,1.500000e-05
2.330280e+00,3.799999e+00,1.444000e-09,1.500000e-05
2.349280e+00,3.799999e+00,1.444000e-09,1.500000e-05
2.368280e+00,3.799999e+00,1.444000e-09,1.500000e-05
2.387280e+00,3.799999e+00,1.444000e-09,1.500000e-05
2.406280e+00,3.799999e+00,1.444000e-09,1.500000e-05
2.425280e+00,3.799999e+00,1.444000e-09,1.500000e-05
2.444280e+00,3.799999e+00,1.444000e-09,1.500000e-05
2.463280e+00,3.799999e+00,1.444000e-09,1.500000e-05
2.482280e+00,3.799999e+00,1.444000e-09,1.500000e-05
2.501280e+00,3.799999e+00,1.444000e-09,1.500000e-05
2.520280e+00,3.799999e+00,1.444000e-09,1.500000e-05
2.539280e+00,3.799999e+00,1.444000e-09,1.500000e-05
2.558280e+00,3.799999e+00,1.444000e-09,1.500000e-05
2.577280e+00,3.799999e+00,1.444000e-09,1.500000e-05
2.596280e+00,3.799999e+00,1.444000e-09,1.500000e-05
2.615280e+00,3.799999e+00,1.444000e-09,1.500000e-05
2.634280e+00,3.799999e+00,1.444000e-09,1.500000e-05
2.653280e+00,3.799999e+00,1.444000e-09,1.500000e-05
2.672280e+00,3.799999e+00,1.444000e-09,1.500000e-05
2.691280e+00,3.799999e+00,1.444000e-09,1.500000e-05
2.710280e+00,3.799999e+00,1.444000e-09,1.500000e-05
2.729280e+00,3.799999e+00,1.444000e-09,1.500000e-05
2.748280e+00,3.799999e+00,1.444000e-09,1.500000e-05
2.767280e+00,3.799999e+00,1.444000e-09,1.500000e-05
2.786280e+00,3.799999e+00,1.444000e-09,1.500000e-05
2.805280e+00,3.799999e+00,1.444000e-09,1.500000e-05
2.824280e+00,3.799999e+00,1.444000e-09,1.500000e-05
2.843280e+00,3.799999e+00,1.444000e-09,1.500000e-05
2.862280e+00,3.799999e+00,1.444000e-09,1.500000e-05
2.881280e+00,3.799999e+00,1.444000e-09,1.500000e-05
2.900280e+00,3.799999e+00,1.444000e-09,1.500000e-05
2.919280e+00,3.799999e+00,1.444000e-09,1.500000e-05
2.938280e+00,3.799999e+00,1.444000e-09,1.500000e-05
2.957280e+00,3.799999e+00,1.444000e-09,1.500000e-05
2.976280e+00,3.799999e+00,1.444000e-09,1.500000e-05
2.995280e+00,3.799999e+00,1.444000e-09,1.500000e-05
3.014280e+00,3.799999e+00,1.444000e-09,1.500000e-05
3.033280e+00,3.799999e+00,1.444000e-09,1.500000e-05
3.052280e+00,3.799999e+00,1.444000e-09,1.500000e-05
3.071280e+00,3.799999e+00,1.444000e-09,1.500000e-05
3.090280e+00,3.799999e+00,1.444000e-09,1.500000e-05
3.109280e+00,3.799999e+00,1.444000e-09,1.500000e-05
3.128280e+00,3.799999e+00,1.444000e-09,1.500000e-05
3.147280e+00,3.799999e+00,1.444000e-09,1.500000e-05
3.166280e+00,3.799999e+00,1.444000e-09,1.500000e-05
3.185280e+00,3.799999e+00,1.444000e-09,1.500000e-05
3.204280e+00,3.799999e+00,1.444000e-09,1.500000e-05
3.223280e+00,3.799999e+00,1.444000e-09,1.500000e-05
3.242280e+00,3.799999e+00,1.444000e-09,1.500000e-05
3.261280e+00,3.799999e+00,1.444000e-09,1.500000e-05
3.280280e+00,3.799999e+00,1.444000e-09,1.500000e-05
3.299280e+00,3.799999e+00,1.444000e-09,1.500000e-05
3.318280e+00,3.799999e+00,1.444000e-09,1.500000e-05
3.337280e+00,3.799999e+00,1.444000e-09,1.500000e-05
3.356280e+00,3.799999e+00,1.444000e-09,1.500000e-05
3.375280e+00,3.799999e+00,1.444000e-09,1.500000e-05
3.394280e+00,3.799999e+00,1.444000e-09,1.500000e-05
3.413280e+00,3.799999e+00,1.444000e-09,1.500000e-05
3.432280e+00,3.799999e+00,1.444000e-09,1.500000e-05
3.451280e+00,3.799999e+00,1.444000e-09,1.500000e-05
3.470280e+00,3.799999e+00,1.444000e-09,1.500000e-05
3.489280e+00,3.799999e+00,1.444000e-09,1.500000e-05
3.508280e+00,3.799999e+00,1.444000e-09,1.500000e-05
3.527280e+00,3.799999e+00,1.444000e-09,1.500000e-05
3.546280e+00,3.799999e+00,1.444000e-09,1.500000e-05
3.565280e+00,3.799999e+00,1.444000e-09,1.500000e-05
3.584280e+00,3.799999e+00,1.444000e-09,1.500000e-05
3.603280e+00,3.799999e+00,1.444000e-09,1.500000e-05
3.622280e+00,3.799999e+00,1.444000e-09,1.500000e-05
3.641280e+00,3.799999e+00,1.444000e-09,1.500000e-05
3.660280e+00,3.799999e+00,1.444000e-09,1.500000e-05
3.679280e+00,3.799999e+00,1.444000e-09,1.500000e-05
3.698280e+00,3.799999e+00,1.444000e-09,1.500000e-05
3.717280e+00,3.799999e+00,1.444000e-09,1.500000e-05
3.736280e+00,3.799999e+00,1.444000e-09,1.500000e-05
3.755280e+00,3.799999e+00,1.444000e-09,1.500000e-05
3.774280e+00,3.799999e+00,1.444000e-09,1.500000e-05
3.793280e+00,3.799999e+00,1.444000e-09,1.500000e-05
3.812280e+00,3.799999e+00,1.444000e-09,1.500000e-05
3.831280e+00,3.799999e+00,1.444000e-09,1.500000e-05
3.850280e+00,3.799999e+00,1.444000e-09,1.500000e-05
3.869280e+00,3.799999e+00,1.444000e-09,1.500000e-05
3.888280e+00,3.799999e+00,1.444000e-09,1.500000e-05
3.907280e+00,3.799999e+00,1.444000e-09,1.500000e-05
3.926280e+00,3.799999e+00,1.444000e-09,1.500000e-05
3.945280e+00,3.799999e+00,1.444000e-09,1.500000e-05
3.964280e+00,3.799999e+00,1.444000e-09,1.500000e-05
3.983280e+00,3.799999e+00,1.444000e-09,1.500000e-05
4.002280e+00,3.799999e+00,1.444000e-09,1.500000e-05
4.021280e+00,3.799999e+00,1.444000e-09,1.500000e-05
4.040280e+00,3.799999e+00,1.444000e-09,1.500000e-05
4.059280e+00,3.799999e+00,1.444000e-09,1.500000e-05
4.078280e+00,3.799999e+00,1.444000e-09,1.500000e-05
4.097280e+00,3.799999e+00,1.444000e-09,1.500000e-05
4.116280e+00,3.799999e+00,1.444000e-09,1.500000e-05
4.135280e+00,3.799999e+00,1.444000e-09,1.500000e-05
4.154280e+00,3.799999e+00,1.444000e-09,1.500000e-05
4.173280e+00,3.799999e+00,1.444000e-09,1.500000e-05
4.192280e+00,3.799999e+00,1.444000e-09,1.500000e-05
4.211280e+00,3.799999e+00,1.444000e-09,1.500000e-05
4.230280e+00,3.799999e+00,1.444000e-09,1.500000e-05
4.249280e+00,3.799999e+00,1.444000e-09,1.500000e-05
4.268280e+00,3.799999e+00,1.444000e-09,1.500000e-05
4.287280e+00,3.799999e+00,1.444000e-09,1.500000e-05
4.306280e+00,3.799999e+00,1.444000e-09,1.500000e-05
4.325280e+00,3.799999e+00,1.444000e-09,1.500000e-05
4.344280e+00,3.799999e+00,1.444000e-09,1.500000e-05
4.363280e+00,3.799999e+00,1.444000e-09,1.500000e-05
4.382280e+00,3.799999e+00,1.444000e-09,1.500000e-05
4.401280e+00,3.799999e+00,1.444000e-09,1.500000e-05
4.420280e+00,3.799999e+00,1.444000e-09,1.500000e-05
4.439280e+00,3.799999e+00,1.444000e-09,1.500000e-05
4.458280e+00,3.799999e+00,1.444000e-09,1.500000e-05
4.477280e+00,3.799999e+00,1.444000e-09,1.500000e-05
4.496280e+00,3.799999e+00,1.444000e-09,1.500000e-05
4.515280e+00,3.799999e+00,1.444000e-09,1.500000e-05
4.534280e+00,3.799999e+00,1.444000e-09,1.500000e-05
4.553280e+00,3.799999e+00,1.444000e-09,1.500000e-05
4.572280e+00,3.799999e+00,1.444000e-09,1.500000e-05
4.591280e+00,3.799999e+00,1.444000e-09,1.500000e-05
4.610280e+00,3.799999e+00,1.444000e-09,1.500000e-05
4.629280e+00,3.799999e+00,1.444000e-09,1.500000e-05
4.648280e+00,3.799999e+00,1.444000e-09,1.500000e-05
4.667280e+00,3.799999e+00,1.444000e-09,1.500000e-05
4.686280e+00,3.799999e+00,1.444000e-09,1.500000e-05
4.705280e+00,3.799999e+00,1.444000e-09,1.500000e-05
4.724280e+00,3.799999e+00,1.444000e-09,1.500000e-05
4.743280e+00,3.799999e+00,1.444000e-09,1.500000e-05
4.762280e+00,3.799999e+00,1.444000e-09,1.500000e-05
4.781280e+00,3.799999e+00,1.444000e-09,1.500000e-05
4.800280e+00,3.799999e+00,1.444000e-09,1.500000e-05
4.819280e+00,3.799999e+00,1.444000e-09,1.500000e-05
4.838280e+00,3.799999e+00,1.444000e-09,1.500000e-05
4.857280e+00,3.799999e+00,1.444000e-09,1.500000e-05
4.876280e+00,3.799999e+00,1.444000e-09,1.500000e-05
4.895280e+00,3.799999e+00,1.444000e-09,1.500000e-05
4.914280e+00,3.799999e+00,1.444000e-09,1.500000e-05
4.933280e+00,3.799999e+00,1.444000e-09,1.500000e-05
4.952280e+00,3.799999e+00,1.444000e-09,1.500000e-05
4.971280e+00,3.799999e+00,1.444000e-09,1.500000e-05
4.990280e+00,3.799999e+00,1.444000e-09,1.500000e-05
5.000009e+00,3.767154e+00,3.724895e+00,4.105762e-01
5.006607e+00,3.799166e+00,3.789166e+00,1.042849e-02
5.025607e+00,3.799227e+00,3.789279e+00,9.658319e-03
5.044607e+00,3.799182e+00,3.789190e+00,1.023047e-02
5.063607e+00,3.799216e+00,3.789262e+00,9.805783e-03
5.082607e+00,3.799190e+00,3.789203e+00,1.012068e-02
5.101607e+00,3.799209e+00,3.789251e+00,9.887502e-03
5.120607e+00,3.799195e+00,3.789211e+00,1.005987e-02
5.139607e+00,3.799205e+00,3.789245e+00,9.932721e-03
5.158607e+00,3.799198e+00,3.789216e+00,1.002626e-02
5.177607e+00,3.799203e+00,3.789241e+00,9.957687e-03
5.196607e+00,3.799199e+00,3.789220e+00,1.000774e-02
5.215607e+00,3.799202e+00,3.789238e+00,9.971421e-03
5.234607e+00,3.799200e+00,3.789222e+00,9.997569e-03
5.253607e+00,3.799202e+00,3.789236e+00,9.978934e-03
5.272607e+00,3.799201e+00,3.789223e+00,9.992030e-03
5.291607e+00,3.799201e+00,3.789235e+00,9.983006e-03
5.310607e+00,3.799201e+00,3.789224e+00,9.989047e-03
5.329607e+00,3.799201e+00,3.789234e+00,9.985181e-03
5.348607e+00,3.799201e+00,3.789225e+00,9.987471e-03
5.367607e+00,3.799201e+00,3.789233e+00,9.986314e-03
5.386607e+00,3.799201e+00,3.789226e+00,9.986666e-03
5.405607e+00,3.799201e+00,3.789233e+00,9.986877e-03
5.424607e+00,3.799201e+00,3.789226e+00,9.986279e-03
5.443607e+00,3.799201e+00,3.789232e+00,9.987134e-03
5.462607e+00,3.799201e+00,3.789227e+00,9.986117e-03
5.481607e+00,3.799201e+00,3.789232e+00,9.987228e-03
5.500607e+00,3.799201e+00,3.789227e+00,9.986072e-03
5.519607e+00,3.799201e+00,3.789232e+00,9.987239e-03
5.538607e+00,3.799201e+00,3.789227e+00,9.986086e-03
5.557607e+00,3.799201e+00,3.789231e+00,9.987208e-03
5.576607e+00,3.799201e+00,3.789228e+00,9.986127e-03
5.595607e+00,3.799201e+00,3.789231e+00,9.987160e-03
5.614607e+00,3.799201e+00,3.789228e+00,9.986179e-03
5.633607e+00,3.799201e+00,3.789231e+00,9.987106e-03
5.652607e+00,3.799201e+00,3.789228e+00,9.986234e-03
5.671607e+00,3.799201e+00,3.789231e+00,9.987053e-03
5.690607e+00,3.799201e+00,3.789228e+00,9.986285e-03
5.709607e+00,3.799201e+00,3.789230e+00,9.987003e-03
5.728607e+00,3.799201e+00,3.789228e+00,9.986333e-03
5.747607e+00,3.799201e+00,3.789230e+00,9.986958e-03
5.766607e+00,3.799201e+00,3.789229e+00,9.986375e-03
5.785607e+00,3.799201e+00,3.789230e+00,9.986918e-03
5.804607e+00,3.799201e+00,3.789229e+00,9.986412e-03
5.823607e+00,3.799201e+00,3.789230e+00,9.986883e-03
5.842607e+00,3.799201e+00,3.789229e+00,9.986445e-03
5.861607e+00,3.799201e+00,3.789230e+00,9.986853e-03
5.880607e+00,3.799201e+00,3.789229e+00,9.986474e-03
5.899607e+00,3.799201e+00,3.789230e+00,9.986826e-03
5.918607e+00,3.799201e+00,3.789229e+00,9.986499e-03
5.937607e+00,3.799201e+00,3.789230e+00,9.986803e-03
5.956607e+00,3.799201e+00,3.789229e+00,9.986520e-03
5.975607e+00,3.799201e+00,3.789230e+00,9.986783e-03
5.994607e+00,3.799201e+00,3.789229e+00,9.986539e-03
6.000224e+00,3.799999e+00,2.176362e+00,1.791123e-05
6.004995e+00,3.799999e+00,4.686482e-06,1.406999e-05
6.018428e+00,3.799999e+00,1.444000e-09,1.552443e-05
6.037428e+00,3.799999e+00,1.444000e-09,1.460593e-05
6.056428e+00,3.799999e+00,1.444000e-09,1.529613e-05
6.075428e+00,3.799999e+00,1.444000e-09,1.477749e-05
6.094428e+00,3.799999e+00,1.444000e-09,1.516721e-05
6.113428e+00,3.799999e+00,1.444000e-09,1.487436e-05
6.132428e+00,3.799999e+00,1.444000e-09,1.509442e-05
6.151428e+00,3.799999e+00,1.444000e-09,1.492906e-05
6.170428e+00,3.799999e+00,1.444000e-09,1.505332e-05
6.189428e+00,3.799999e+00,1.444000e-09,1.495994e-05
6.208428e+00,3.799999e+00,1.444000e-09,1.503011e-05
6.227428e+00,3.799999e+00,1.444000e-09,1.497738e-05
6.246428e+00,3.799999e+00,1.444000e-09,1.501700e-05
6.265428e+00,3.799999e+00,1.444000e-09,1.498723e-05
6.284428e+00,3.799999e+00,1.444000e-09,1.500960e-05
6.303428e+00,3.799999e+00,1.444000e-09,1.499279e-05
6.322428e+00,3.799999e+00,1.444000e-09,1.500542e-05
6.341428e+00,3.799999e+00,1.444000e-09,1.499593e-05
6.360428e+00,3.799999e+00,1.444000e-09,1.500306e-05
6.379428e+00,3.799999e+00,1.444000e-09,1.499770e-05
6.398428e+00,3.799999e+00,1.444000e-09,1.500173e-05
6.417428e+00,3.799999e+00,1.444000e-09,1.499871e-05
6.436428e+00,3.799999e+00,1.444000e-09,1.500098e-05
6.455428e+00,3.799999e+00,1.444000e-09,1.499927e-05
6.474428e+00,3.799999e+00,1.444000e-09,1.500055e-05
6.493428e+00,3.799999e+00,1.444000e-09,1.499959e-05
6.512428e+00,3.799999e+00,1.444000e-09,1.500031e-05
6.531428e+00,3.799999e+00,1.444000e-09,1.499977e-05
6.550428e+00,3.799999e+00,1.444000e-09,1.500018e-05
6.569428e+00,3.799999e+00,1.444000e-09,1.499987e-05
6.588428e+00,3.799999e+00,1.444000e-09,1.500010e-05
6.607428e+00,3.799999e+00,1.444000e-09,1.499993e-05
6.626428e+00,3.799999e+00,1.444000e-09,1.500006e-05
6.645428e+00,3.799999e+00,1.444000e-09,1.499996e-05
6.664428e+00,3.799999e+00,1.444000e-09,1.500004e-05
6.683428e+00,3.799999e+00,1.444000e-09,1.499998e-05
6.702428e+00,3.799999e+00,1.444000e-09,1.500002e-05
6.721428e+00,3.799999e+00,1.444000e-09,1.499999e-05
6.740428e+00,3.799999e+00,1.444000e-09,1.500001e-05
6.759428e+00,3.799999e+00,1.444000e-09,1.500000e-05
6.778428e+00,3.799999e+00,1.444000e-09,1.500001e-05
6.797428e+00,3.799999e+00,1.444000e-09,1.500000e-05
6.816428e+00,3.799999e+00,1.444000e-09,1.500001e-05
6.835428e+00,3.799999e+00,1.444000e-09,1.500000e-05
6.854428e+00,3.799999e+00,1.444000e-09,1.500001e-05
6.873428e+00,3.799999e+00,1.444000e-09,1.500000e-05
6.892428e+00,3.799999e+00,1.444000e-09,1.500000e-05
6.911428e+00,3.799999e+00,1.444000e-09,1.500000e-05
6.930428e+00,3.799999e+00,1.444000e-09,1.500000e-05
6.949428e+00,3.799999e+00,1.444000e-09,1.500000e-05
6.968428e+00,3.799999e+00,1.444000e-09,1.500000e-05
6.987428e+00,3.799999e+00,1.444000e-09,1.500000e-05
7.006428e+00,3.799999e+00,1.444000e-09,1.500000e-05
7.025428e+00,3.799999e+00,1.444000e-09,1.500000e-05
7.044428e+00,3.799999e+00,1.444000e-09,1.500000e-05
7.063428e+00,3.799999e+00,1.444000e-09,1.500000e-05
7.082428e+00,3.799999e+00,1.444000e-09,1.500000e-05
7.101428e+00,3.799999e+00,1.444000e-09,1.500000e-05
7.120428e+00,3.799999e+00,1.444000e-09,1.500000e-05
7.139428e+00,3.799999e+00,1.444000e-09,1.500000e-05
7.158428e+00,3.799999e+00,1.444000e-09,1.500000e-05
7.177428e+00,3.799999e+00,1.444000e-09,1.500000e-05
7.196428e+00,3.799999e+00,1.444000e-09,1.500000e-05
7.215428e+00,3.799999e+00,1.444000e-09,1.500000e-05
7.234428e+00,3.799999e+00,1.444000e-09,1.500000e-05
7.253428e+00,3.799999e+00,1.444000e-09,1.500000e-05
7.272428e+00,3.799999e+00,1.444000e-09,1.500000e-05
7.291428e+00,3.799999e+00,1.444000e-09,1.500000e-05
7.310428e+00,3.799999e+00,1.444000e-09,1.500000e-05
7.329428e+00,3.799999e+00,1.444000e-09,1.500000e-05
7.348428e+00,3.799999e+00,1.444000e-09,1.500000e-05
7.367428e+00,3.799999e+00,1.444000e-09,1.500000e-05
7.386428e+00,3.799999e+00,1.444000e-09,1.500000e-05
7.405428e+00,3.799999e+00,1.444000e-09,1.500000e-05
7.424428e+00,3.799999e+00,1.444000e-09,1.500000e-05
7.443428e+00,3.799999e+00,1.444000e-09,1.500000e-05
7.462428e+00,3.799999e+00,1.444000e-09,1.500000e-05
7.481428e+00,3.799999e+00,1.444000e-09,1.500000e-05
7.500428e+00,3.799999e+00,1.444000e-09,1.500000e-05
7.519428e+00,3.799999e+00,1.444000e-09,1.500000e-05
7.538428e+00,3.799999e+00,1.444000e-09,1.500000e-05
7.557428e+00,3.799999e+00,1.444000e-09,1.500000e-05
7.576428e+00,3.799999e+00,1.444000e-09,1.500000e-05
7.595428e+00,3.799999e+00,1.444000e-09,1.500000e-05
7.614428e+00,3.799999e+00,1.444000e-09,1.500000e-05
7.633428e+00,3.799999e+00,1.444000e-09,1.500000e-05
7.652428e+00,3.799999e+00,1.444000e-09,1.500000e-05
7.671428e+00,3.799999e+00,1.444000e-09,1.500000e-05
7.690428e+00,3.799999e+00,1.444000e-09,1.500000e-05
7.709428e+00,3.799999e+00,1.444000e-09,1.500000e-05
7.728428e+00,3.799999e+00,1.444000e-09,1.500000e-05
7.747428e+00,3.799999e+00,1.444000e-09,1.500000e-05
7.766428e+00,3.799999e+00,1.444000e-09,1.500000e-05
7.785428e+00,3.799999e+00,1.444000e-09,1.500000e-05
7.804428e+00,3.799999e+00,1.444000e-09,1.500000e-05
7.823428e+00,3.799999e+00,1.444000e-09,1.500000e-05
7.842428e+00,3.799999e+00,1.444000e-09,1.500000e-05
7.861428e+00,3.799999e+00,1.444000e-09,1.500000e-05
7.880428e+00,3.799999e+00,1.444000e-09,1.500000e-05
7.899428e+00,3.799999e+00,1.444000e-09,1.500000e-05
7.918428e+00,3.799999e+00,1.444000e-09,1.500000e-05
7.937428e+00,3.799999e+00,1.444000e-09,1.500000e-05
7.956428e+00,3.799999e+00,1.444000e-09,1.500000e-05
7.975428e+00,3.799999e+00,1.444000e-09,1.500000e-05
7.994428e+00,3.799999e+00,1.444000e-09,1.500000e-05
8.013428e+00,3.799999e+00,1.444000e-09,1.500000e-05
8.032428e+00,3.799999e+00,1.444000e-09,1.500000e-05
8.051428e+00,3.799999e+00,1.444000e-09,1.500000e-05
8.070428e+00,3.799999e+00,1.444000e-09,1.500000e-05
8.089428e+00,3.799999e+00,1.444000e-09,1.500000e-05
8.108428e+00,3.799999e+00,1.444000e-09,1.500000e-05
8.127428e+00,3.799999e+00,1.444000e-09,1.500000e-05
8.146428e+00,3.799999e+00,1.444000e-09,1.500000e-05
8.165428e+00,3.799999e+00,1.444000e-09,1.500000e-05
8.184428e+00,3.799999e+00,1.444000e-09,1.500000e-05
8.203428e+00,3.799999e+00,1.444000e-09,1.500000e-05
8.222428e+00,3.799999e+00,1.444000e-09,1.500000e-05
8.241428e+00,3.799999e+00,1.444000e-09,1.500000e-05
8.260428e+00,3.799999e+00,1.444000e-09,1.500000e-05
8.279428e+00,3.799999e+00,1.444000e-09,1.500000e-05
8.298428e+00,3.799999e+00,1.444000e-09,1.500000e-05
8.317428e+00,3.799999e+00,1.444000e-09,1.500000e-05
8.336428e+00,3.799999e+00,1.444000e-09,1.500000e-05
8.355428e+00,3.799999e+00,1.444000e-09,1.500000e-05
8.374428e+00,3.799999e+00,1.444000e-09,1.500000e-05
8.393428e+00,3.799999e+00,1.444000e-09,1.500000e-05
8.412428e+00,3.799999e+00,1.444000e-09,1.500000e-05
8.431428e+00,3.799999e+00,1.444000e-09,1.500000e-05
8.450428e+00,3.799999e+00,1.444000e-09,1.500000e-05
8.469428e+00,3.799999e+00,1.444000e-09,1.500000e-05
8.488428e+00,3.799999e+00,1.444000e-09,1.500000e-05
8.507428e+00,3.799999e+00,1.444000e-09,1.500000e-05
8.526428e+00,3.799999e+00,1.444000e-09,1.500000e-05
8.545428e+00,3.799999e+00,1.444000e-09,1.500000e-05
8.564428e+00,3.799999e+00,1.444000e-09,1.500000e-05
8.583428e+00,3.799999e+00,1.444000e-09,1.500000e-05
8.602428e+00,3.799999e+00,1.444000e-09,1.500000e-05
8.621428e+00,3.799999e+00,1.444000e-09,1.500000e-05
8.640428e+00,3.799999e+00,1.444000e-09,1.500000e-05
8.659428e+00,3.799999e+00,1.444000e-09,1.500000e-05
8.678428e+00,3.799999e+00,1.444000e-09,1.500000e-05
8.697428e+00,3.799999e+00,1.444000e-09,1.500000e-05
8.716428e+00,3.799999e+00,1.444000e-09,1.500000e-05
8.735428e+00,3.799999e+00,1.444000e-09,1.500000e-05
8.754428e+00,3.799999e+00,1.444000e-09,1.500000e-05
8.773428e+00,3.799999e+00,1.444000e-09,1.500000e-05
8.792428e+00,3.799999e+00,1.444000e-09,1.500000e-05
8.811428e+00,3.799999e+00,1.444000e-09,1.500000e-05
8.830428e+00,3.799999e+00,1.444000e-09,1.500000e-05
8.849428e+00,3.799999e+00,1.444000e-09,1.500000e-05
8.868428e+00,3.799999e+00,1.444000e-09,1.500000e-05
8.887428e+00,3.799999e+00,1.444000e-09,1.500000e-05
8.906428e+00,3.799999e+00,1.444000e-09,1.500000e-05
8.925428e+00,3.799999e+00,1.444000e-09,1.500000e-05
8.944428e+00,3.799999e+00,1.444000e-09,1.500000e-05
8.963428e+00,3.799999e+00,1.444000e-09,1.500000e-05
8.982428e+00,3.799999e+00,1.444000e-09,1.500000e-05
9.001428e+00,3.799999e+00,1.444000e-09,1.500000e-05
9.020428e+00,3.799999e+00,1.444000e-09,1.500000e-05
9.039428e+00,3.799999e+00,1.444000e-09,1.500000e-05
9.058428e+00,3.799999e+00,1.444000e-09,1.500000e-05
9.077428e+00,3.799999e+00,1.444000e-09,1.500000e-05
9.096428e+00,3.799999e+00,1.444000e-09,1.500000e-05
9.115428e+00,3.799999e+00,1.444000e-09,1.500000e-05
9.134428e+00,3.799999e+00,1.444000e-09,1.500000e-05
9.153428e+00,3.799999e+00,1.444000e-09,1.500000e-05
9.172428e+00,3.799999e+00,1.444000e-09,1.500000e-05
9.191428e+00,3.799999e+00,1.444000e-09,1.500000e-05
9.210428e+00,3.799999e+00,1.444000e-09,1.500000e-05
9.229428e+00,3.799999e+00,1.444000e-09,1.500000e-05
9.248428e+00,3.799999e+00,1.444000e-09,1.500000e-05
9.267428e+00,3.799999e+00,1.444000e-09,1.500000e-05
9.286428e+00,3.799999e+00,1.444000e-09,1.500000e-05
9.305428e+00,3.799999e+00,1.444000e-09,1.500000e-05
9.324428e+00,3.799999e+00,1.444000e-09,1.500000e-05
9.343428e+00,3.799999e+00,1.444000e-09,1.500000e-05
9.362428e+00,3.799999e+00,1.444000e-09,1.500000e-05
9.381428e+00,3.799999e+00,1.444000e-09,1.500000e-05
9.400428e+00,3.799999e+00,1.444000e-09,1.500000e-05
9.419428e+00,3.799999e+00,1.444000e-09,1.500000e-05
9.438428e+00,3.799999e+00,1.444000e-09,1.500000e-05
9.457428e+00,3.799999e+00,1.444000e-09,1.500000e-05
9.476428e+00,3.799999e+00,1.444000e-09,1.500000e-05
9.495428e+00,3.799999e+00,1.444000e-09,1.500000e-05
9.514428e+00,3.799999e+00,1.444000e-09,1.500000e-05
9.533428e+00,3.799999e+00,1.444000e-09,1.500000e-05
9.552428e+00,3.799999e+00,1.444000e-09,1.500000e-05
9.571428e+00,3.799999e+00,1.444000e-09,1.500000e-05
9.590428e+00,3.799999e+00,1.444000e-09,1.500000e-05
9.609428e+00,3.799999e+00,1.444000e-09,1.500000e-05
9.628428e+00,3.799999e+00,1.444000e-09,1.500000e-05
9.647428e+00,3.799999e+00,1.444000e-09,1.500000e-05
9.666428e+00,3.799999e+00,1.444000e-09,1.500000e-05
9.685428e+00,3.799999e+00,1.444000e-09,1.500000e-05
9.704428e+00,3.799999e+00,1.444000e-09,1.500000e-05
9.723428e+00,3.799999e+00,1.444000e-09,1.500000e-05
9.742428e+00,3.799999e+00,1.444000e-09,1.500000e-05
9.761428e+00,3.799999e+00,1.444000e-09,1.500000e-05
9.780428e+00,3.799999e+00,1.444000e-09,1.500000e-05
9.799428e+00,3.799999e+00,1.444000e-09,1.500000e-05
9.818428e+00,3.799999e+00,1.444000e-09,1.500000e-05
9.837428e+00,3.799999e+00,1.444000e-09,1.500000e-05
9.856428e+00,3.799999e+00,1.444000e-09,1.500000e-05
9.875428e+00,3.799999e+00,1.444000e-09,1.500000e-05
9.894428e+00,3.799999e+00,1.444000e-09,1.500000e-05
9.913428e+00,3.799999e+00,1.444000e-09,1.500000e-05
9.932428e+00,3.799999e+00,1.444000e-09,1.500000e-05
9.951428e+00,3.799999e+00,1.444000e-09,1.500000e-05
9.970428e+00,3.799999e+00,1.444000e-09,1.500000e-05
9.989428e+00,3.799999e+00,1.444000e-09,1.500000e-05
1.000843e+01,3.799999e+00,1.444000e-09,1.500000e-05
1.002743e+01,3.799999e+00,1.444000e-09,1.500000e-05
1.004643e+01,3.799999e+00,1.444000e-09,1.500000e-05
1.006543e+01,3.799999e+00,1.444000e-09,1.500000e-05
1.008443e+01,3.799999e+00,1.444000e-09,1.500000e-05
1.010343e+01,3.799999e+00,1.444000e-09,1.500000e-05
1.012243e+01,3.799999e+00,1.444000e-09,1.500000e-05
1.014143e+01,3.799999e+00,1.444000e-09,1.500000e-05
1.016043e+01,3.799999e+00,1.444000e-09,1.500000e-05
1.017943e+01,3.799999e+00,1.444000e-09,1.500000e-05
1.019843e+01,3.799999e+00,1.444000e-09,1.500000e-05
1.021743e+01,3.799999e+00,1.444000e-09,1.500000e-05
1.023643e+01,3.799999e+00,1.444000e-09,1.500000e-05
1.025543e+01,3.799999e+00,1.444000e-09,1.500000e-05
1.027443e+01,3.799999e+00,1.444000e-09,1.500000e-05
1.029343e+01,3.799999e+00,1.444000e-09,1.500000e-05
1.031243e+01,3.799999e+00,1.444000e-09,1.500000e-05
1.033143e+01,3.799999e+00,1.444000e-09,1.500000e-05
1.035043e+01,3.799999e+00,1.444000e-09,1.500000e-05
1.036943e+01,3.799999e+00,1.444000e-09,1.500000e-05
1.038843e+01,3.799999e+00,1.444000e-09,1.500000e-05
1.040743e+01,3.799999e+00,1.444000e-09,1.500000e-05
1.042643e+01,3.799999e+00,1.444000e-09,1.500000e-05
1.044543e+01,3.799999e+00,1.444000e-09,1.500000e-05
1.046443e+01,3.799999e+00,1.444000e-09,1.500000e-05
1.048343e+01,3.799999e+00,1.444000e-09,1.500000e-05
1.050243e+01,3.799999e+00,1.444000e-09,1.500000e-05
1.052143e+01,3.799999e+00,1.444000e-09,1.500000e-05
1.054043e+01,3.799999e+00,1.444000e-09,1.500000e-05
1.055943e+01,3.799999e+00,1.444000e-09,1.500000e-05
1.057843e+01,3.799999e+00,1.444000e-09,1.500000e-05
1.059743e+01,3.799999e+00,1.444000e-09,1.500000e-05
1.061643e+01,3.799999e+00,1.444000e-09,1.500000e-05
1.063543e+01,3.799999e+00,1.444000e-09,1.500000e-05
1.065443e+01,3.799999e+00,1.444000e-09,1.500000e-05
1.067343e+01,3.799999e+00,1.444000e-09,1.500000e-05
1.069243e+01,3.799999e+00,1.444000e-09,1.500000e-05
1.071143e+01,3.799999e+00,1.444000e-09,1.500000e-05
1.073043e+01,3.799999e+00,1.444000e-09,1.500000e-05
1.074943e+01,3.799999e+00,1.444000e-09,1.500000e-05
1.076843e+01,3.799999e+00,1.444000e-09,1.500000e-05
1.078743e+01,3.799999e+00,1.444000e-09,1.500000e-05
1.080643e+01,3.799999e+00,1.444000e-09,1.500000e-05
1.082543e+01,3.799999e+00,1.444000e-09,1.500000e-05
1.084443e+01,3.799999e+00,1.444000e-09,1.500000e-05
1.086343e+01,3.799999e+00,1.444000e-09,1.500000e-05
1.088243e+01,3.799999e+00,1.444000e-09,1.500000e-05
1.090143e+01,3.799999e+00,1.444000e-09,1.500000e-05
1.092043e+01,3.799999e+00,1.444000e-09,1.500000e-05
1.093943e+01,3.799999e+00,1.444000e-09,1.500000e-05
1.095843e+01,3.799999e+00,1.444000e-09,1.500000e-05
1.097743e+01,3.799999e+00,1.444000e-09,1.500000e-05
1.099643e+01,3.799999e+00,1.444000e-09,1.500000e-05
1.101543e+01,3.799999e+00,1.444000e-09,1.500000e-05
1.103443e+01,3.799999e+00,1.444000e-09,1.500000e-05
1.105343e+01,3.799999e+00,1.444000e-09,1.500000e-05
1.107243e+01,3.799999e+00,1.444000e-09,1.500000e-05
1.109143e+01,3.799999e+00,1.444000e-09,1.500000e-05
1.111043e+01,3.799999e+00,1.444000e-09,1.500000e-05
1.112943e+01,3.799999e+00,1.444000e-09,1.500000e-05
1.114843e+01,3.799999e+00,1.444000e-09,1.500000e-05
1.116743e+01,3.799999e+00,1.444000e-09,1.500000e-05
1.118643e+01,3.799999e+00,1.444000e-09,1.500000e-05
1.120543e+01,3.799999e+00,1.444000e-09,1.500000e-05
1.122443e+01,3.799999e+00,1.444000e-09,1.500000e-05
1.124343e+01,3.799999e+00,1.444000e-09,1.500000e-05
1.126243e+01,3.799999e+00,1.444000e-09,1.500000e-05
1.128143e+01,3.799999e+00,1.444000e-09,1.500000e-05
1.130043e+01,3.799999e+00,1.444000e-09,1.500000e-05
1.131943e+01,3.799999e+00,1.444000e-09,1.500000e-05
1.133843e+01,3.799999e+00,1.444000e-09,1.500000e-05
1.135743e+01,3.799999e+00,1.444000e-09,1.500000e-05
1.137643e+01,3.799999e+00,1.444000e-09,1.500000e-05
1.139543e+01,3.799999e+00,1.444000e-09,1.500000e-05
1.141443e+01,3.799999e+00,1.444000e-09,1.500000e-05
1.143343e+01,3.799999e+00,1.444000e-09,1.500000e-05
1.145243e+01,3.799999e+00,1.444000e-09,1.500000e-05
1.147143e+01,3.799999e+00,1.444000e-09,1.500000e-05
1.149043e+01,3.799999e+00,1.444000e-09,1.500000e-05
1.150943e+01,3.799999e+00,1.444000e-09,1.500000e-05
1.152843e+01,3.799999e+00,1.444000e-09,1.500000e-05
1.154743e+01,3.799999e+00,1.444000e-09,1.500000e-05
1.156643e+01,3.799999e+00,1.444000e-09,1.500000e-05
1.158543e+01,3.799999e+00,1.444000e-09,1.500000e-05
1.160443e+01,3.799999e+00,1.444000e-09,1.500000e-05
1.162343e+01,3.799999e+00,1.444000e-09,1.500000e-05
1.164243e+01,3.799999e+00,1.444000e-09,1.500000e-05
1.166143e+01,3.799999e+00,1.444000e-09,1.500000e-05
1.168043e+01,3.799999e+00,1.444000e-09,1.500000e-05
1.169943e+01,3.799999e+00,1.444000e-09,1.500000e-05
1.171843e+01,3.799999e+00,1.444000e-09,1.500000e-05
1.173743e+01,3.799999e+00,1.444000e-09,1.500000e-05
1.175643e+01,3.799999e+00,1.444000e-09,1.500000e-05
1.177543e+01,3.799999e+00,1.444000e-09,1.500000e-05
1.179443e+01,3.799999e+00,1.444000e-09,1.500000e-05
1.181343e+01,3.799999e+00,1.444000e-09,1.500000e-05
1.183243e+01,3.799999e+00,1.444000e-09,1.500000e-05
1.185143e+01,3.799999e+00,1.444000e-09,1.500000e-05
1.187043e+01,3.799999e+00,1.444000e-09,1.500000e-05
1.188943e+01,3.799999e+00,1.444000e-09,1.500000e-05
1.190843e+01,3.799999e+00,1.444000e-09,1.500000e-05
1.192743e+01,3.799999e+00,1.444000e-09,1.500000e-05
1.194643e+01,3.799999e+00,1.444000e-09,1.500000e-05
1.196543e+01,3.799999e+00,1.444000e-09,1.500000e-05
1.198443e+01,3.799999e+00,1.444000e-09,1.500000e-05
1.200343e+01,3.799999e+00,1.444000e-09,1.500000e-05
1.202243e+01,3.799999e+00,1.444000e-09,1.500000e-05
1.204143e+01,3.799999e+00,1.444000e-09,1.500000e-05
1.206043e+01,3.799999e+00,1.444000e-09,1.500000e-05
1.207943e+01,3.799999e+00,1.444000e-09,1.500000e-05
1.209843e+01,3.799999e+00,1.444000e-09,1.500000e-05
1.211743e+01,3.799999e+00,1.444000e-09,1.500000e-05
1.213643e+01,3.799999e+00,1.444000e-09,1.500000e-05
1.215543e+01,3.799999e+00,1.444000e-09,1.500000e-05
1.217443e+01,3.799999e+00,1.444000e-09,1.500000e-05
1.219343e+01,3.799999e+00,1.444000e-09,1.500000e-05
1.221243e+01,3.799999e+00,1.444000e-09,1.500000e-05
1.223143e+01,3.799999e+00,1.444000e-09,1.500000e-05
1.225043e+01,3.799999e+00,1.444000e-09,1.500000e-05
1.226943e+01,3.799999e+00,1.444000e-09,1.500000e-05
1.228843e+01,3.799999e+00,1.444000e-09,1.500000e-05
1.230743e+01,3.799999e+00,1.444000e-09,1.500000e-05
1.232643e+01,3.799999e+00,1.444000e-09,1.500000e-05
1.234543e+01,3.799999e+00,1.444000e-09,1.500000e-05
1.236443e+01,3.799999e+00,1.444000e-09,1.500000e-05
1.238343e+01,3.799999e+00,1.444000e-09,1.500000e-05
1.240243e+01,3.799999e+00,1.444000e-09,1.500000e-05
1.242143e+01,3.799999e+00,1.444000e-09,1.500000e-05
1.244043e+01,3.799999e+00,1.444000e-09,1.500000e-05
1.245943e+01,3.799999e+00,1.444000e-09,1.500000e-05
1.247843e+01,3.799999e+00,1.444000e-09,1.500000e-05
1.249743e+01,3.799999e+00,1.444000e-09,1.500000e-05
1.251643e+01,3.799999e+00,1.444000e-09,1.500000e-05
1.253543e+01,3.799999e+00,1.444000e-09,1.500000e-05
1.255443e+01,3.799999e+00,1.444000e-09,1.500000e-05
1.257343e+01,3.799999e+00,1.444000e-09,1.500000e-05
1.259243e+01,3.799999e+00,1.444000e-09,1.500000e-05
1.261143e+01,3.799999e+00,1.444000e-09,1.500000e-05
1.263043e+01,3.799999e+00,1.444000e-09,1.500000e-05
1.264943e+01,3.799999e+00,1.444000e-09,1.500000e-05
1.266843e+01,3.799999e+00,1.444000e-09,1.500000e-05
1.268743e+01,3.799999e+00,1.444000e-09,1.500000e-05
1.270643e+01,3.799999e+00,1.444000e-09,1.500000e-05
1.272543e+01,3.799999e+00,1.444000e-09,1.500000e-05
1.274443e+01,3.799999e+00,1.444000e-09,1.500000e-05
1.276343e+01,3.799999e+00,1.444000e-09,1.500000e-05
1.278243e+01,3.799999e+00,1.444000e-09,1.500000e-05
1.280143e+01,3.799999e+00,1.444000e-09,1.500000e-05
1.282043e+01,3.799999e+00,1.444000e-09,1.500000e-05
1.283943e+01,3.799999e+00,1.444000e-09,1.500000e-05
1.285843e+01,3.799999e+00,1.444000e-09,1.500000e-05
1.287743e+01,3.799999e+00,1.444000e-09,1.500000e-05
1.289643e+01,3.799999e+00,1.444000e-09,1.500000e-05
1.291543e+01,3.799999e+00,1.444000e-09,1.500000e-05
1.293443e+01,3.799999e+00,1.444000e-09,1.500000e-05
1.295343e+01,3.799999e+00,1.444000e-09,1.500000e-05
1.297243e+01,3.799999e+00,1.444000e-09,1.500000e-05
1.299143e+01,3.799999e+00,1.444000e-09,1.500000e-05
1.301043e+01,3.799999e+00,1.444000e-09,1.500000e-05
1.302943e+01,3.799999e+00,1.444000e-09,1.500000e-05
1.304843e+01,3.799999e+00,1.444000e-09,1.500000e-05
1.306743e+01,3.799999e+00,1.444000e-09,1.500000e-05
1.308643e+01,3.799999e+00,1.444000e-09,1.500000e-05
1.310543e+01,3.799999e+00,1.444000e-09,1.500000e-05
1.312443e+01,3.799999e+00,1.444000e-09,1.500000e-05
1.314343e+01,3.799999e+00,1.444000e-09,1.500000e-05
1.316243e+01,3.799999e+00,1.444000e-09,1.500000e-05
1.318143e+01,3.799999e+00,1.444000e-09,1.500000e-05
1.320043e+01,3.799999e+00,1.444000e-09,1.500000e-05
1.321943e+01,3.799999e+00,1.444000e-09,1.500000e-05
1.323843e+01,3.799999e+00,1.444000e-09,1.500000e-05
1.325743e+01,3.799999e+00,1.444000e-09,1.500000e-05
1.327643e+01,3.799999e+00,1.444000e-09,1.500000e-05
1.329543e+01,3.799999e+00,1.444000e-09,1.500000e-05
1.331443e+01,3.799999e+00,1.444000e-09,1.500000e-05
1.333343e+01,3.799999e+00,1.444000e-09,1.500000e-05
1.335243e+01,3.799999e+00,1.444000e-09,1.500000e-05
1.337143e+01,3.799999e+00,1.444000e-09,1.500000e-05
1.339043e+01,3.799999e+00,1.444000e-09,1.500000e-05
1.340943e+01,3.799999e+00,1.444000e-09,1.500000e-05
1.342843e+01,3.799999e+00,1.444000e-09,1.500000e-05
1.344743e+01,3.799999e+00,1.444000e-09,1.500000e-05
1.346643e+01,3.799999e+00,1.444000e-09,1.500000e-05
1.348543e+01,3.799999e+00,1.444000e-09,1.500000e-05
1.350443e+01,3.799999e+00,1.444000e-09,1.500000e-05
1.352343e+01,3.799999e+00,1.444000e-09,1.500000e-05
1.354243e+01,3.799999e+00,1.444000e-09,1.500000e-05
1.356143e+01,3.799999e+00,1.444000e-09,1.500000e-05
1.358043e+01,3.799999e+00,1.444000e-09,1.500000e-05
1.359943e+01,3.799999e+00,1.444000e-09,1.500000e-05
1.361843e+01,3.799999e+00,1.444000e-09,1.500000e-05
1.363743e+01,3.799999e+00,1.444000e-09,1.500000e-05
1.365643e+01,3.799999e+00,1.444000e-09,1.500000e-05
1.367543e+01,3.799999e+00,1.444000e-09,1.500000e-05
1.369443e+01,3.799999e+00,1.444000e-09,1.500000e-05
1.371343e+01,3.799999e+00,1.444000e-09,1.500000e-05
1.373243e+01,3.799999e+00,1.444000e-09,1.500000e-05
1.375143e+01,3.799999e+00,1.444000e-09,1.500000e-05
1.377043e+01,3.799999e+00,1.444000e-09,1.500000e-05
1.378943e+01,3.799999e+00,1.444000e-09,1.500000e-05
1.380843e+01,3.799999e+00,1.444000e-09,1.500000e-05
1.382743e+01,3.799999e+00,1.444000e-09,1.500000e-05
1.384643e+01,3.799999e+00,1.444000e-09,1.500000e-05
1.386543e+01,3.799999e+00,1.444000e-09,1.500000e-05
1.388443e+01,3.799999e+00,1.444000e-09,1.500000e-05
1.390343e+01,3.799999e+00,1.444000e-09,1.500000e-05
1.392243e+01,3.799999e+00,1.444000e-09,1.500000e-05
1.394143e+01,3.799999e+00,1.444000e-09,1.500000e-05
1.396043e+01,3.799999e+00,1.444000e-09,1.500000e-05
1.397943e+01,3.799999e+00,1.444000e-09,1.500000e-05
1.399843e+01,3.799999e+00,1.444000e-09,1.500000e-05
1.401743e+01,3.799999e+00,1.444000e-09,1.500000e-05
1.403643e+01,3.799999e+00,1.444000e-09,1.500000e-05
1.405543e+01,3.799999e+00,1.444000e-09,1.500000e-05
1.407443e+01,3.799999e+00,1.444000e-09,1.500000e-05
1.409343e+01,3.799999e+00,1.444000e-09,1.500000e-05
1.411243e+01,3.799999e+00,1.444000e-09,1.500000e-05
1.413143e+01,3.799999e+00,1.444000e-09,1.500000e-05
1.415043e+01,3.799999e+00,1.444000e-09,1.500000e-05
1.416943e+01,3.799999e+00,1.444000e-09,1.500000e-05
1.418843e+01,3.799999e+00,1.444000e-09,1.500000e-05
1.420743e+01,3.799999e+00,1.444000e-09,1.500000e-05
1.422643e+01,3.799999e+00,1.444000e-09,1.500000e-05
1.424543e+01,3.799999e+00,1.444000e-09,1.500000e-05
1.426443e+01,3.799999e+00,1.444000e-09,1.500000e-05
1.428343e+01,3.799999e+00,1.444000e-09,1.500000e-05
1.430243e+01,3.799999e+00,1.444000e-09,1.500000e-05
1.432143e+01,3.799999e+00,1.444000e-09,1.500000e-05
1.434043e+01,3.799999e+00,1.444000e-09,1.500000e-05
1.435943e+01,3.799999e+00,1.444000e-09,1.500000e-05
1.437843e+01,3.799999e+00,1.444000e-09,1.500000e-05
1.439743e+01,3.799999e+00,1.444000e-09,1.500000e-05
1.441643e+01,3.799999e+00,1.444000e-09,1.500000e-05
1.443543e+01,3.799999e+00,1.444000e-09,1.500000e-05
1.445443e+01,3.799999e+00,1.444000e-09,1.500000e-05
1.447343e+01,3.799999e+00,1.444000e-09,1.500000e-05
1.449243e+01,3.799999e+00,1.444000e-09,1.500000e-05
1.451143e+01,3.799999e+00,1.444000e-09,1.500000e-05
1.453043e+01,3.799999e+00,1.444000e-09,1.500000e-05
1.454943e+01,3.799999e+00,1.444000e-09,1.500000e-05
1.456843e+01,3.799999e+00,1.444000e-09,1.500000e-05
1.458743e+01,3.799999e+00,1.444000e-09,1.500000e-05
1.460643e+01,3.799999e+00,1.444000e-09,1.500000e-05
1.462543e+01,3.799999e+00,1.444000e-09,1.500000e-05
1.464443e+01,3.799999e+00,1.444000e-09,1.500000e-05
1.466343e+01,3.799999e+00,1.444000e-09,1.500000e-05
1.468243e+01,3.799999e+00,1.444000e-09,1.500000e-05
1.470143e+01,3.799999e+00,1.444000e-09,1.500000e-05
1.472043e+01,3.799999e+00,1.444000e-09,1.500000e-05
1.473943e+01,3.799999e+00,1.444000e-09,1.500000e-05
1.475843e+01,3.799999e+00,1.444000e-09,1.500000e-05
1.477743e+01,3.799999e+00,1.444000e-09,1.500000e-05
1.479643e+01,3.799999e+00,1.444000e-09,1.500000e-05
1.481543e+01,3.799999e+00,1.444000e-09,1.500000e-05
1.483443e+01,3.799999e+00,1.444000e-09,1.500000e-05
1.485343e+01,3.799999e+00,1.444000e-09,1.500000e-05
1.487243e+01,3.799999e+00,1.444000e-09,1.500000e-05
1.489143e+01,3.799999e+00,1.444000e-09,1.500000e-05
1.491043e+01,3.799999e+00,1.444000e-09,1.500000e-05
1.492943e+01,3.799999e+00,1.444000e-09,1.500000e-05
1.494843e+01,3.799999e+00,1.444000e-09,1.500000e-05
1.496743e+01,3.799999e+00,1.444000e-09,1.500000e-05
1.498643e+01,3.799999e+00,1.444000e-09,1.500000e-05
1.500543e+01,3.799999e+00,1.444000e-09,1.500000e-05
1.502443e+01,3.799999e+00,1.444000e-09,1.500000e-05
1.504343e+01,3.799999e+00,1.444000e-09,1.500000e-05
1.506243e+01,3.799999e+00,1.444000e-09,1.500000e-05
1.508143e+01,3.799999e+00,1.444000e-09,1.500000e-05
1.510043e+01,3.799999e+00,1.444000e-09,1.500000e-05
1.511943e+01,3.799999e+00,1.444000e-09,1.500000e-05
1.513843e+01,3.799999e+00,1.444000e-09,1.500000e-05
1.515743e+01,3.799999e+00,1.444000e-09,1.500000e-05
1.517643e+01,3.799999e+00,1.444000e-09,1.500000e-05
1.519543e+01,3.799999e+00,1.444000e-09,1.500000e-05
1.521443e+01,3.799999e+00,1.444000e-09,1.500000e-05
1.523343e+01,3.799999e+00,1.444000e-09,1.500000e-05
1.525243e+01,3.799999e+00,1.444000e-09,1.500000e-05
1.527143e+01,3.799999e+00,1.444000e-09,1.500000e-05
1.529043e+01,3.799999e+00,1.444000e-09,1.500000e-05
1.530943e+01,3.799999e+00,1.444000e-09,1.500000e-05
1.532843e+01,3.799999e+00,1.444000e-09,1.500000e-05
1.534743e+01,3.799999e+00,1.444000e-09,1.500000e-05
1.536643e+01,3.799999e+00,1.444000e-09,1.500000e-05
1.538543e+01,3.799999e+00,1.444000e-09,1.500000e-05
1.540443e+01,3.799999e+00,1.444000e-09,1.500000e-05
1.542343e+01,3.799999e+00,1.444000e-09,1.500000e-05
1.544243e+01,3.799999e+00,1.444000e-09,1.500000e-05
1.546143e+01,3.799999e+00,1.444000e-09,1.500000e-05
1.548043e+01,3.799999e+00,1.444000e-09,1.500000e-05
1.549943e+01,3.799999e+00,1.444000e-09,1.500000e-05
1.551843e+01,3.799999e+00,1.444000e-09,1.500000e-05
1.553743e+01,3.799999e+00,1.444000e-09,1.500000e-05
1.555643e+01,3.799999e+00,1.444000e-09,1.500000e-05
1.557543e+01,3.799999e+00,1.444000e-09,1.500000e-05
1.559443e+01,3.799999e+00,1.444000e-09,1.500000e-05
1.561343e+01,3.799999e+00,1.444000e-09,1.500000e-05
1.563243e+01,3.799999e+00,1.444000e-09,1.500000e-05
1.565143e+01,3.799999e+00,1.444000e-09,1.500000e-05
1.567043e+01,3.799999e+00,1.444000e-09,1.500000e-05
1.568943e+01,3.799999e+00,1.444000e-09,1.500000e-05
1.570843e+01,3.799999e+00,1.444000e-09,1.500000e-05
1.572743e+01,3.799999e+00,1.444000e-09,1.500000e-05
1.574643e+01,3.799999e+00,1.444000e-09,1.500000e-05
1.576543e+01,3.799999e+00,1.444000e-09,1.500000e-05
1.578443e+01,3.799999e+00,1.444000e-09,1.500000e-05
1.580343e+01,3.799999e+00,1.444000e-09,1.500000e-05
1.582243e+01,3.799999e+00,1.444000e-09,1.500000e-05
1.584143e+01,3.799999e+00,1.444000e-09,1.500000e-05
1.586043e+01,3.799999e+00,1.444000e-09,1.500000e-05
1.587943e+01,3.799999e+00,1.444000e-09,1.500000e-05
1.589843e+01,3.799999e+00,1.444000e-09,1.500000e-05
1.591743e+01,3.799999e+00,1.444000e-09,1.500000e-05
1.593643e+01,3.799999e+00,1.444000e-09,1.500000e-05
1.595543e+01,3.799999e+00,1.444000e-09,1.500000e-05
1.597443e+01,3.799999e+00,1.444000e-09,1.500000e-05
1.599343e+01,3.799999e+00,1.444000e-09,1.500000e-05
1.601243e+01,3.799999e+00,1.444000e-09,1.500000e-05
1.603143e+01,3.799999e+00,1.444000e-09,1.500000e-05
1.605043e+01,3.799999e+00,1.444000e-09,1.500000e-05
1.606943e+01,3.799999e+00,1.444000e-09,1.500000e-05
1.608843e+01,3.799999e+00,1.444000e-09,1.500000e-05
1.610743e+01,3.799999e+00,1.444000e-09,1.500000e-05
1.612643e+01,3.799999e+00,1.444000e-09,1.500000e-05
1.614543e+01,3.799999e+00,1.444000e-09,1.500000e-05
1.616443e+01,3.799999e+00,1.444000e-09,1.500000e-05
1.618343e+01,3.799999e+00,1.444000e-09,1.500000e-05
1.620243e+01,3.799999e+00,1.444000e-09,1.500000e-05
1.622143e+01,3.799999e+00,1.444000e-09,1.500000e-05
1.624043e+01,3.799999e+00,1.444000e-09,1.500000e-05
1.625943e+01,3.799999e+00,1.444000e-09,1.500000e-05
1.627843e+01,3.799999e+00,1.444000e-09,1.500000e-05
1.629743e+01,3.799999e+00,1.444000e-09,1.500000e-05
1.631643e+01,3.799999e+00,1.444000e-09,1.500000e-05
1.633543e+01,3.799999e+00,1.444000e-09,1.500000e-05
1.635443e+01,3.799999e+00,1.444000e-09,1.500000e-05
1.637343e+01,3.799999e+00,1.444000e-09,1.500000e-05
1.639243e+01,3.799999e+00,1.444000e-09,1.500000e-05
1.641143e+01,3.799999e+00,1.444000e-09,1.500000e-05
1.643043e+01,3.799999e+00,1.444000e-09,1.500000e-05
1.644943e+01,3.799999e+00,1.444000e-09,1.500000e-05
1.646843e+01,3.799999e+00,1.444000e-09,1.500000e-05
1.648743e+01,3.799999e+00,1.444000e-09,1.500000e-05
1.650643e+01,3.799999e+00,1.444000e-09,1.500000e-05
1.652543e+01,3.799999e+00,1.444000e-09,1.500000e-05
1.654443e+01,3.799999e+00,1.444000e-09,1.500000e-05
1.656343e+01,3.799999e+00,1.444000e-09,1.500000e-05
1.658243e+01,3.799999e+00,1.444000e-09,1.500000e-05
1.660143e+01,3.799999e+00,1.444000e-09,1.500000e-05
1.662043e+01,3.799999e+00,1.444000e-09,1.500000e-05
1.663943e+01,3.799999e+00,1.444000e-09,1.500000e-05
1.665843e+01,3.799999e+00,1.444000e-09,1.500000e-05
1.667743e+01,3.799999e+00,1.444000e-09,1.500000e-05
1.669643e+01,3.799999e+00,1.444000e-09,1.500000e-05
1.671543e+01,3.799999e+00,1.444000e-09,1.500000e-05
1.673443e+01,3.799999e+00,1.444000e-09,1.500000e-05
1.675343e+01,3.799999e+00,1.444000e-09,1.500000e-05
1.677243e+01,3.799999e+00,1.444000e-09,1.500000e-05
1.679143e+01,3.799999e+00,1.444000e-09,1.500000e-05
1.681043e+01,3.799999e+00,1.444000e-09,1.500000e-05
1.682943e+01,3.799999e+00,1.444000e-09,1.500000e-05
1.684843e+01,3.799999e+00,1.444000e-09,1.500000e-05
1.686743e+01,3.799999e+00,1.444000e-09,1.500000e-05
1.688643e+01,3.799999e+00,1.444000e-09,1.500000e-05
1.690543e+01,3.799999e+00,1.444000e-09,1.500000e-05
1.692443e+01,3.799999e+00,1.444000e-09,1.500000e-05
1.694343e+01,3.799999e+00,1.444000e-09,1.500000e-05
1.696243e+01,3.799999e+00,1.444000e-09,1.500000e-05
1.698143e+01,3.799999e+00,1.444000e-09,1.500000e-05
1.700043e+01,3.799999e+00,1.444000e-09,1.500000e-05
1.701943e+01,3.799999e+00,1.444000e-09,1.500000e-05
1.703843e+01,3.799999e+00,1.444000e-09,1.500000e-05
1.705743e+01,3.799999e+00,1.444000e-09,1.500000e-05
1.707643e+01,3.799999e+00,1.444000e-09,1.500000e-05
1.709543e+01,3.799999e+00,1.444000e-09,1.500000e-05
1.711443e+01,3.799999e+00,1.444000e-09,1.500000e-05
1.713343e+01,3.799999e+00,1.444000e-09,1.500000e-05
1.715243e+01,3.799999e+00,1.444000e-09,1.500000e-05
1.717143e+01,3.799999e+00,1.444000e-09,1.500000e-05
1.719043e+01,3.799999e+00,1.444000e-09,1.500000e-05
1.720943e+01,3.799999e+00,1.444000e-09,1.500000e-05
1.722843e+01,3.799999e+00,1.444000e-09,1.500000e-05
1.724743e+01,3.799999e+00,1.444000e-09,1.500000e-05
1.726643e+01,3.799999e+00,1.444000e-09,1.500000e-05
1.728543e+01,3.799999e+00,1.444000e-09,1.500000e-05
1.730443e+01,3.799999e+00,1.444000e-09,1.500000e-05
1.732343e+01,3.799999e+00,1.444000e-09,1.500000e-05
1.734243e+01,3.799999e+00,1.444000e-09,1.500000e-05
1.736143e+01,3.799999e+00,1.444000e-09,1.500000e-05
1.738043e+01,3.799999e+00,1.444000e-09,1.500000e-05
1.739943e+01,3.799999e+00,1.444000e-09,1.500000e-05
1.741843e+01,3.799999e+00,1.444000e-09,1.500000e-05
1.743743e+01,3.799999e+00,1.444000e-09,1.500000e-05
1.745643e+01,3.799999e+00,1.444000e-09,1.500000e-05
1.747543e+01,3.799999e+00,1.444000e-09,1.500000e-05
1.749443e+01,3.799999e+00,1.444000e-09,1.500000e-05
1.751343e+01,3.799999e+00,1.444000e-09,1.500000e-05
1.753243e+01,3.799999e+00,1.444000e-09,1.500000e-05
1.755143e+01,3.799999e+00,1.444000e-09,1.500000e-05
1.757043e+01,3.799999e+00,1.444000e-09,1.500000e-05
1.758943e+01,3.799999e+00,1.444000e-09,1.500000e-05
1.760843e+01,3.799999e+00,1.444000e-09,1.500000e-05
1.762743e+01,3.799999e+00,1.444000e-09,1.500000e-05
1.764643e+01,3.799999e+00,1.444000e-09,1.500000e-05
1.766543e+01,3.799999e+00,1.444000e-09,1.500000e-05
1.768443e+01,3.799999e+00,1.444000e-09,1.500000e-05
1.770343e+01,3.799999e+00,1.444000e-09,1.500000e-05
1.772243e+01,3.799999e+00,1.444000e-09,1.500000e-05
1.774143e+01,3.799999e+00,1.444000e-09,1.500000e-05
1.776043e+01,3.799999e+00,1.444000e-09,1.500000e-05
1.777943e+01,3.799999e+00,1.444000e-09,1.500000e-05
1.779843e+01,3.799999e+00,1.444000e-09,1.500000e-05
1.781743e+01,3.799999e+00,1.444000e-09,1.500000e-05
1.783643e+01,3.799999e+00,1.444000e-09,1.500000e-05
1.785543e+01,3.799999e+00,1.444000e-09,1.500000e-05
1.787443e+01,3.799999e+00,1.444000e-09,1.500000e-05
1.789343e+01,3.799999e+00,1.444000e-09,1.500000e-05
1.791243e+01,3.799999e+00,1.444000e-09,1.500000e-05
1.793143e+01,3.799999e+00,1.444000e-09,1.500000e-05
1.795043e+01,3.799999e+00,1.444000e-09,1.500000e-05
1.796943e+01,3.799999e+00,1.444000e-09,1.500000e-05
1.798843e+01,3.799999e+00,1.444000e-09,1.500000e-05
1.800743e+01,3.799999e+00,1.444000e-09,1.500000e-05
1.802643e+01,3.799999e+00,1.444000e-09,1.500000e-05
1.804543e+01,3.799999e+00,1.444000e-09,1.500000e-05
1.806443e+01,3.799999e+00,1.444000e-09,1.500000e-05
1.808343e+01,3.799999e+00,1.444000e-09,1.500000e-05
1.810243e+01,3.799999e+00,1.444000e-09,1.500000e-05
1.812143e+01,3.799999e+00,1.444000e-09,1.500000e-05
1.814043e+01,3.799999e+00,1.444000e-09,1.500000e-05
1.815943e+01,3.799999e+00,1.444000e-09,1.500000e-05
1.817843e+01,3.799999e+00,1.444000e-09,1.500000e-05
1.819743e+01,3.799999e+00,1.444000e-09,1.500000e-05
1.821643e+01,3.799999e+00,1.444000e-09,1.500000e-05
1.823543e+01,3.799999e+00,1.444000e-09,1.500000e-05
1.825443e+01,3.799999e+00,1.444000e-09,1.500000e-05
1.827343e+01,3.799999e+00,1.444000e-09,1.500000e-05
1.829243e+01,3.799999e+00,1.444000e-09,1.500000e-05
1.831143e+01,3.799999e+00,1.444000e-09,1.500000e-05
1.833043e+01,3.799999e+00,1.444000e-09,1.500000e-05
1.834943e+01,3.799999e+00,1.444000e-09,1.500000e-05
1.836843e+01,3.799999e+00,1.444000e-09,1.500000e-05
1.838743e+01,3.799999e+00,1.444000e-09,1.500000e-05
1.840643e+01,3.799999e+00,1.444000e-09,1.500000e-05
1.842543e+01,3.799999e+00,1.444000e-09,1.500000e-05
1.844443e+01,3.799999e+00,1.444000e-09,1.500000e-05
1.846343e+01,3.799999e+00,1.444000e-09,1.500000e-05
1.848243e+01,3.799999e+00,1.444000e-09,1.500000e-05
1.850143e+01,3.799999e+00,1.444000e-09,1.500000e-05
1.852043e+01,3.799999e+00,1.444000e-09,1.500000e-05
1.853943e+01,3.799999e+00,1.444000e-09,1.500000e-05
1.855843e+01,3.799999e+00,1.444000e-09,1.500000e-05
1.857743e+01,3.799999e+00,1.444000e-09,1.500000e-05
1.859643e+01,3.799999e+00,1.444000e-09,1.500000e-05
1.861543e+01,3.799999e+00,1.444000e-09,1.500000e-05
1.863443e+01,3.799999e+00,1.444000e-09,1.500000e-05
1.865343e+01,3.799999e+00,1.444000e-09,1.500000e-05
1.867243e+01,3.799999e+00,1.444000e-09,1.500000e-05
1.869143e+01,3.799999e+00,1.444000e-09,1.500000e-05
1.871043e+01,3.799999e+00,1.444000e-09,1.500000e-05
1.872943e+01,3.799999e+00,1.444000e-09,1.500000e-05
1.874843e+01,3.799999e+00,1.444000e-09,1.500000e-05
1.876743e+01,3.799999e+00,1.444000e-09,1.500000e-05
1.878643e+01,3.799999e+00,1.444000e-09,1.500000e-05
1.880543e+01,3.799999e+00,1.444000e-09,1.500000e-05
1.882443e+01,3.799999e+00,1.444000e-09,1.500000e-05
1.884343e+01,3.799999e+00,1.444000e-09,1.500000e-05
1.886243e+01,3.799999e+00,1.444000e-09,1.500000e-05
1.888143e+01,3.799999e+00,1.444000e-09,1.500000e-05
1.890043e+01,3.799999e+00,1.444000e-09,1.500000e-05
1.891943e+01,3.799999e+00,1.444000e-09,1.500000e-05
1.893843e+01,3.799999e+00,1.444000e-09,1.500000e-05
1.895743e+01,3.799999e+00,1.444000e-09,1.500000e-05
1.897643e+01,3.799999e+00,1.444000e-09,1.500000e-05
1.899543e+01,3.799999e+00,1.444000e-09,1.500000e-05
1.901443e+01,3.799999e+00,1.444000e-09,1.500000e-05
1.903343e+01,3.799999e+00,1.444000e-09,1.500000e-05
1.905243e+01,3.799999e+00,1.444000e-09,1.500000e-05
1.907143e+01,3.799999e+00,1.444000e-09,1.500000e-05
1.909043e+01,3.799999e+00,1.444000e-09,1.500000e-05
1.910943e+01,3.799999e+00,1.444000e-09,1.500000e-05
1.912843e+01,3.799999e+00,1.444000e-09,1.500000e-05
1.914743e+01,3.799999e+00,1.444000e-09,1.500000e-05
1.916643e+01,3.799999e+00,1.444000e-09,1.500000e-05
1.918543e+01,3.799999e+00,1.444000e-09,1.500000e-05
1.920443e+01,3.799999e+00,1.444000e-09,1.500000e-05
1.922343e+01,3.799999e+00,1.444000e-09,1.500000e-05
1.924243e+01,3.799999e+00,1.444000e-09,1.500000e-05
1.926143e+01,3.799999e+00,1.444000e-09,1.500000e-05
1.928043e+01,3.799999e+00,1.444000e-09,1.500000e-05
1.929943e+01,3.799999e+00,1.444000e-09,1.500000e-05
1.931843e+01,3.799999e+00,1.444000e-09,1.500000e-05
1.933743e+01,3.799999e+00,1.444000e-09,1.500000e-05
1.935643e+01,3.799999e+00,1.444000e-09,1.500000e-05
1.937543e+01,3.799999e+00,1.444000e-09,1.500000e-05
1.939443e+01,3.799999e+00,1.444000e-09,1.500000e-05
1.941343e+01,3.799999e+00,1.444000e-09,1.500000e-05
1.943243e+01,3.799999e+00,1.444000e-09,1.500000e-05
1.945143e+01,3.799999e+00,1.444000e-09,1.500000e-05
1.947043e+01,3.799999e+00,1.444000e-09,1.500000e-05
1.948943e+01,3.799999e+00,1.444000e-09,1.500000e-05
1.950843e+01,3.799999e+00,1.444000e-09,1.500000e-05
1.952743e+01,3.799999e+00,1.444000e-09,1.500000e-05
1.954643e+01,3.799999e+00,1.444000e-09,1.500000e-05
1.956543e+01,3.799999e+00,1.444000e-09,1.500000e-05
1.958443e+01,3.799999e+00,1.444000e-09,1.500000e-05
1.960343e+01,3.799999e+00,1.444000e-09,1.500000e-05
1.962243e+01,3.799999e+00,1.444000e-09,1.500000e-05
1.964143e+01,3.799999e+00,1.444000e-09,1.500000e-05
1.966043e+01,3.799999e+00,1.444000e-09,1.500000e-05
1.967943e+01,3.799999e+00,1.444000e-09,1.500000e-05
1.969843e+01,3.799999e+00,1.444000e-09,1.500000e-05
1.971743e+01,3.799999e+00,1.444000e-09,1.500000e-05
1.973643e+01,3.799999e+00,1.444000e-09,1.500000e-05
1.975543e+01,3.799999e+00,1.444000e-09,1.500000e-05
1.977443e+01,3.799999e+00,1.444000e-09,1.500000e-05
1.979343e+01,3.799999e+00,1.444000e-09,1.500000e-05
1.981243e+01,3.799999e+00,1.444000e-09,1.500000e-05
1.983143e+01,3.799999e+00,1.444000e-09,1.500000e-05
1.985043e+01,3.799999e+00,1.444000e-09,1.500000e-05
1.986943e+01,3.799999e+00,1.444000e-09,1.500000e-05
1.988843e+01,3.799999e+00,1.444000e-09,1.500000e-05
1.990743e+01,3.799999e+00,1.444000e-09,1.500000e-05
1.992643e+01,3.799999e+00,1.444000e-09,1.500000e-05
1.994543e+01,3.799999e+00,1.444000e-09,1.500000e-05
1.996443e+01,3.799999e+00,1.444000e-09,1.500000e-05
1.998343e+01,3.799999e+00,1.444000e-09,1.500000e-05
2.000243e+01,3.799999e+00,1.444000e-09,1.500000e-05
2.002143e+01,3.799999e+00,1.444000e-09,1.500000e-05
2.004043e+01,3.799999e+00,1.444000e-09,1.500000e-05
2.005943e+01,3.799999e+00,1.444000e-09,1.500000e-05
2.007843e+01,3.799999e+00,1.444000e-09,1.500000e-05
2.009743e+01,3.799999e+00,1.444000e-09,1.500000e-05
2.011643e+01,3.799999e+00,1.444000e-09,1.500000e-05
2.013543e+01,3.799999e+00,1.444000e-09,1.500000e-05
2.015443e+01,3.799999e+00,1.444000e-09,1.500000e-05
2.017343e+01,3.799999e+00,1.444000e-09,1.500000e-05
2.019243e+01,3.799999e+00,1.444000e-09,1.500000e-05
2.021143e+01,3.799999e+00,1.444000e-09,1.500000e-05
2.023043e+01,3.799999e+00,1.444000e-09,1.500000e-05
2.024943e+01,3.799999e+00,1.444000e-09,1.500000e-05
2.026843e+01,3.799999e+00,1.444000e-09,1.500000e-05
2.028743e+01,3.799999e+00,1.444000e-09,1.500000e-05
2.030643e+01,3.799999e+00,1.444000e-09,1.500000e-05
2.032543e+01,3.799999e+00,1.444000e-09,1.500000e-05
2.034443e+01,3.799999e+00,1.444000e-09,1.500000e-05
2.036343e+01,3.799999e+00,1.444000e-09,1.500000e-05
2.038243e+01,3.799999e+00,1.444000e-09,1.500000e-05
2.040143e+01,3.799999e+00,1.444000e-09,1.500000e-05
2.042043e+01,3.799999e+00,1.444000e-09,1.500000e-05
2.043943e+01,3.799999e+00,1.444000e-09,1.500000e-05
2.045843e+01,3.799999e+00,1.444000e-09,1.500000e-05
2.047743e+01,3.799999e+00,1.444000e-09,1.500000e-05
2.049643e+01,3.799999e+00,1.444000e-09,1.500000e-05
2.051543e+01,3.799999e+00,1.444000e-09,1.500000e-05
2.053443e+01,3.799999e+00,1.444000e-09,1.500000e-05
2.055343e+01,3.799999e+00,1.444000e-09,1.500000e-05
2.057243e+01,3.799999e+00,1.444000e-09,1.500000e-05
2.059143e+01,3.799999e+00,1.444000e-09,1.500000e-05
2.061043e+01,3.799999e+00,1.444000e-09,1.500000e-05
2.062943e+01,3.799999e+00,1.444000e-09,1.500000e-05
2.064843e+01,3.799999e+00,1.444000e-09,1.500000e-05
2.066743e+01,3.799999e+00,1.444000e-09,1.500000e-05
2.068643e+01,3.799999e+00,1.444000e-09,1.500000e-05
2.070543e+01,3.799999e+00,1.444000e-09,1.500000e-05
2.072443e+01,3.799999e+00,1.444000e-09,1.500000e-05
2.074343e+01,3.799999e+00,1.444000e-09,1.500000e-05
2.076243e+01,3.799999e+00,1.444000e-09,1.500000e-05
2.078143e+01,3.799999e+00,1.444000e-09,1.500000e-05
2.080043e+01,3.799999e+00,1.444000e-09,1.500000e-05
2.081943e+01,3.799999e+00,1.444000e-09,1.500000e-05
2.083843e+01,3.799999e+00,1.444000e-09,1.500000e-05
2.085743e+01,3.799999e+00,1.444000e-09,1.500000e-05
2.087643e+01,3.799999e+00,1.444000e-09,1.500000e-05
2.089543e+01,3.799999e+00,1.444000e-09,1.500000e-05
2.091443e+01,3.799999e+00,1.444000e-09,1.500000e-05
2.093343e+01,3.799999e+00,1.444000e-09,1.500000e-05
2.095243e+01,3.799999e+00,1.444000e-09,1.500000e-05
2.097143e+01,3.799999e+00,1.444000e-09,1.500000e-05
2.099043e+01,3.799999e+00,1.444000e-09,1.500000e-05
2.100943e+01,3.799999e+00,1.444000e-09,1.500000e-05
2.102843e+01,3.799999e+00,1.444000e-09,1.500000e-05
2.104743e+01,3.799999e+00,1.444000e-09,1.500000e-05
2.106643e+01,3.799999e+00,1.444000e-09,1.500000e-05
2.108543e+01,3.799999e+00,1.444000e-09,1.500000e-05
2.110443e+01,3.799999e+00,1.444000e-09,1.500000e-05
2.112343e+01,3.799999e+00,1.444000e-09,1.500000e-05
2.114243e+01,3.799999e+00,1.444000e-09,1.500000e-05
2.116143e+01,3.799999e+00,1.444000e-09,1.500000e-05
2.118043e+01,3.799999e+00,1.444000e-09,1.500000e-05
2.119943e+01,3.799999e+00,1.444000e-09,1.500000e-05
2.121843e+01,3.799999e+00,1.444000e-09,1.500000e-05
2.123743e+01,3.799999e+00,1.444000e-09,1.500000e-05
2.125643e+01,3.799999e+00,1.444000e-09,1.500000e-05
2.127543e+01,3.799999e+00,1.444000e-09,1.500000e-05
2.129443e+01,3.799999e+00,1.444000e-09,1.500000e-05
2.131343e+01,3.799999e+00,1.444000e-09,1.500000e-05
2.133243e+01,3.799999e+00,1.444000e-09,1.500000e-05
2.135143e+01,3.799999e+00,1.444000e-09,1.500000e-05
2.137043e+01,3.799999e+00,1.444000e-09,1.500000e-05
2.138943e+01,3.799999e+00,1.444000e-09,1.500000e-05
2.140843e+01,3.799999e+00,1.444000e-09,1.500000e-05
2.142743e+01,3.799999e+00,1.444000e-09,1.500000e-05
2.144643e+01,3.799999e+00,1.444000e-09,1.500000e-05
2.146543e+01,3.799999e+00,1.444000e-09,1.500000e-05
2.148443e+01,3.799999e+00,1.444000e-09,1.500000e-05
2.150343e+01,3.799999e+00,1.444000e-09,1.500000e-05
2.152243e+01,3.799999e+00,1.444000e-09,1.500000e-05
2.154143e+01,3.799999e+00,1.444000e-09,1.500000e-05
2.156043e+01,3.799999e+00,1.444000e-09,1.500000e-05
2.157943e+01,3.799999e+00,1.444000e-09,1.500000e-05
2.159843e+01,3.799999e+00,1.444000e-09,1.500000e-05
2.161743e+01,3.799999e+00,1.444000e-09,1.500000e-05
2.163643e+01,3.799999e+00,1.444000e-09,1.500000e-05
2.165543e+01,3.799999e+00,1.444000e-09,1.500000e-05
2.167443e+01,3.799999e+00,1.444000e-09,1.500000e-05
2.169343e+01,3.799999e+00,1.444000e-09,1.500000e-05
2.171243e+01,3.799999e+00,1.444000e-09,1.500000e-05
2.173143e+01,3.799999e+00,1.444000e-09,1.500000e-05
2.175043e+01,3.799999e+00,1.444000e-09,1.500000e-05
2.176943e+01,3.799999e+00,1.444000e-09,1.500000e-05
2.178843e+01,3.799999e+00,1.444000e-09,1.500000e-05
2.180743e+01,3.799999e+00,1.444000e-09,1.500000e-05
2.182643e+01,3.799999e+00,1.444000e-09,1.500000e-05
2.184543e+01,3.799999e+00,1.444000e-09,1.500000e-05
2.186443e+01,3.799999e+00,1.444000e-09,1.500000e-05
2.188343e+01,3.799999e+00,1.444000e-09,1.500000e-05
2.190243e+01,3.799999e+00,1.444000e-09,1.500000e-05
2.192143e+01,3.799999e+00,1.444000e-09,1.500000e-05
2.194043e+01,3.799999e+00,1.444000e-09,1.500000e-05
2.195943e+01,3.799999e+00,1.444000e-09,1.500000e-05
2.197843e+01,3.799999e+00,1.444000e-09,1.500000e-05
2.199743e+01,3.799999e+00,1.444000e-09,1.500000e-05
2.201643e+01,3.799999e+00,1.444000e-09,1.500000e-05
2.203543e+01,3.799999e+00,1.444000e-09,1.500000e-05
2.205443e+01,3.799999e+00,1.444000e-09,1.500000e-05
2.207343e+01,3.799999e+00,1.444000e-09,1.500000e-05
2.209243e+01,3.799999e+00,1.444000e-09,1.500000e-05
2.211143e+01,3.799999e+00,1.444000e-09,1.500000e-05
2.213043e+01,3.799999e+00,1.444000e-09,1.500000e-05
2.214943e+01,3.799999e+00,1.444000e-09,1.500000e-05
2.216843e+01,3.799999e+00,1.444000e-09,1.500000e-05
2.218743e+01,3.799999e+00,1.444000e-09,1.500000e-05
2.220643e+01,3.799999e+00,1.444000e-09,1.500000e-05
2.222543e+01,3.799999e+00,1.444000e-09,1.500000e-05
2.224443e+01,3.799999e+00,1.444000e-09,1.500000e-05
2.226343e+01,3.799999e+00,1.444000e-09,1.500000e-05
2.228243e+01,3.799999e+00,1.444000e-09,1.500000e-05
2.230143e+01,3.799999e+00,1.444000e-09,1.500000e-05
2.232043e+01,3.799999e+00,1.444000e-09,1.500000e-05
2.233943e+01,3.799999e+00,1.444000e-09,1.500000e-05
2.235843e+01,3.799999e+00,1.444000e-09,1.500000e-05
2.237743e+01,3.799999e+00,1.444000e-09,1.500000e-05
2.239643e+01,3.799999e+00,1.444000e-09,1.500000e-05
2.241543e+01,3.799999e+00,1.444000e-09,1.500000e-05
2.243443e+01,3.799999e+00,1.444000e-09,1.500000e-05
2.245343e+01,3.799999e+00,1.444000e-09,1.500000e-05
2.247243e+01,3.799999e+00,1.444000e-09,1.500000e-05
2.249143e+01,3.799999e+00,1.444000e-09,1.500000e-05
2.251043e+01,3.799999e+00,1.444000e-09,1.500000e-05
2.252943e+01,3.799999e+00,1.444000e-09,1.500000e-05
2.254843e+01,3.799999e+00,1.444000e-09,1.500000e-05
2.256743e+01,3.799999e+00,1.444000e-09,1.500000e-05
2.258643e+01,3.799999e+00,1.444000e-09,1.500000e-05
2.260543e+01,3.799999e+00,1.444000e-09,1.500000e-05
2.262443e+01,3.799999e+00,1.444000e-09,1.500000e-05
2.264343e+01,3.799999e+00,1.444000e-09,1.500000e-05
2.266243e+01,3.799999e+00,1.444000e-09,1.500000e-05
2.268143e+01,3.799999e+00,1.444000e-09,1.500000e-05
2.270043e+01,3.799999e+00,1.444000e-09,1.500000e-05
2.271943e+01,3.799999e+00,1.444000e-09,1.500000e-05
2.273843e+01,3.799999e+00,1.444000e-09,1.500000e-05
2.275743e+01,3.799999e+00,1.444000e-09,1.500000e-05
2.277643e+01,3.799999e+00,1.444000e-09,1.500000e-05
2.279543e+01,3.799999e+00,1.444000e-09,1.500000e-05
2.281443e+01,3.799999e+00,1.444000e-09,1.500000e-05
2.283343e+01,3.799999e+00,1.444000e-09,1.500000e-05
2.285243e+01,3.799999e+00,1.444000e-09,1.500000e-05
2.287143e+01,3.799999e+00,1.444000e-09,1.500000e-05
2.289043e+01,3.799999e+00,1.444000e-09,1.500000e-05
2.290943e+01,3.799999e+00,1.444000e-09,1.500000e-05
2.292843e+01,3.799999e+00,1.444000e-09,1.500000e-05
2.294743e+01,3.799999e+00,1.444000e-09,1.500000e-05
2.296643e+01,3.799999e+00,1.444000e-09,1.500000e-05
2.298543e+01,3.799999e+00,1.444000e-09,1.500000e-05
2.300443e+01,3.799999e+00,1.444000e-09,1.500000e-05
2.302343e+01,3.799999e+00,1.444000e-09,1.500000e-05
2.304243e+01,3.799999e+00,1.444000e-09,1.500000e-05
2.306143e+01,3.799999e+00,1.444000e-09,1.500000e-05
2.308043e+01,3.799999e+00,1.444000e-09,1.500000e-05
2.309943e+01,3.799999e+00,1.444000e-09,1.500000e-05
2.311843e+01,3.799999e+00,1.444000e-09,1.500000e-05
2.313743e+01,3.799999e+00,1.444000e-09,1.500000e-05
2.315643e+01,3.799999e+00,1.444000e-09,1.500000e-05
2.317543e+01,3.799999e+00,1.444000e-09,1.500000e-05
2.319443e+01,3.799999e+00,1.444000e-09,1.500000e-05
2.321343e+01,3.799999e+00,1.444000e-09,1.500000e-05
2.323243e+01,3.799999e+00,1.444000e-09,1.500000e-05
2.325143e+01,3.799999e+00,1.444000e-09,1.500000e-05
2.327043e+01,3.799999e+00,1.444000e-09,1.500000e-05
2.328943e+01,3.799999e+00,1.444000e-09,1.500000e-05
2.330843e+01,3.799999e+00,1.444000e-09,1.500000e-05
2.332743e+01,3.799999e+00,1.444000e-09,1.500000e-05
2.334643e+01,3.799999e+00,1.444000e-09,1.500000e-05
2.336543e+01,3.799999e+00,1.444000e-09,1.500000e-05
2.338443e+01,3.799999e+00,1.444000e-09,1.500000e-05
2.340343e+01,3.799999e+00,1.444000e-09,1.500000e-05
2.342243e+01,3.799999e+00,1.444000e-09,1.500000e-05
2.344143e+01,3.799999e+00,1.444000e-09,1.500000e-05
2.346043e+01,3.799999e+00,1.444000e-09,1.500000e-05
2.347943e+01,3.799999e+00,1.444000e-09,1.500000e-05
2.349843e+01,3.799999e+00,1.444000e-09,1.500000e-05
2.351743e+01,3.799999e+00,1.444000e-09,1.500000e-05
2.353643e+01,3.799999e+00,1.444000e-09,1.500000e-05
2.355543e+01,3.799999e+00,1.444000e-09,1.500000e-05
2.357443e+01,3.799999e+00,1.444000e-09,1.500000e-05
2.359343e+01,3.799999e+00,1.444000e-09,1.500000e-05
2.361243e+01,3.799999e+00,1.444000e-09,1.500000e-05
2.363143e+01,3.799999e+00,1.444000e-09,1.500000e-05
2.365043e+01,3.799999e+00,1.444000e-09,1.500000e-05
2.366943e+01,3.799999e+00,1.444000e-09,1.500000e-05
2.368843e+01,3.799999e+00,1.444000e-09,1.500000e-05
2.370743e+01,3.799999e+00,1.444000e-09,1.500000e-05
2.372643e+01,3.799999e+00,1.444000e-09,1.500000e-05
2.374543e+01,3.799999e+00,1.444000e-09,1.500000e-05
2.376443e+01,3.799999e+00,1.444000e-09,1.500000e-05
2.378343e+01,3.799999e+00,1.444000e-09,1.500000e-05
2.380243e+01,3.799999e+00,1.444000e-09,1.500000e-05
2.382143e+01,3.799999e+00,1.444000e-09,1.500000e-05
2.384043e+01,3.799999e+00,1.444000e-09,1.500000e-05
2.385943e+01,3.799999e+00,1.444000e-09,1.500000e-05
2.387843e+01,3.799999e+00,1.444000e-09,1.500000e-05
2.389743e+01,3.799999e+00,1.444000e-09,1.500000e-05
2.391643e+01,3.799999e+00,1.444000e-09,1.500000e-05
2.393543e+01,3.799999e+00,1.444000e-09,1.500000e-05
2.395443e+01,3.799999e+00,1.444000e-09,1.500000e-05
2.397343e+01,3.799999e+00,1.444000e-09,1.500000e-05
2.399243e+01,3.799999e+00,1.444000e-09,1.500000e-05
2.401143e+01,3.799999e+00,1.444000e-09,1.500000e-05
2.403043e+01,3.799999e+00,1.444000e-09,1.500000e-05
2.404943e+01,3.799999e+00,1.444000e-09,1.500000e-05
2.406843e+01,3.799999e+00,1.444000e-09,1.500000e-05
2.408743e+01,3.799999e+00,1.444000e-09,1.500000e-05
2.410643e+01,3.799999e+00,1.444000e-09,1.500000e-05
2.412543e+01,3.799999e+00,1.444000e-09,1.500000e-05
2.414443e+01,3.799999e+00,1.444000e-09,1.500000e-05
2.416343e+01,3.799999e+00,1.444000e-09,1.500000e-05
2.418243e+01,3.799999e+00,1.444000e-09,1.500000e-05
2.420143e+01,3.799999e+00,1.444000e-09,1.500000e-05
2.422043e+01,3.799999e+00,1.444000e-09,1.500000e-05
2.423943e+01,3.799999e+00,1.444000e-09,1.500000e-05
2.425843e+01,3.799999e+00,1.444000e-09,1.500000e-05
2.427743e+01,3.799999e+00,1.444000e-09,1.500000e-05
2.429643e+01,3.799999e+00,1.444000e-09,1.500000e-05
2.431543e+01,3.799999e+00,1.444000e-09,1.500000e-05
2.433443e+01,3.799999e+00,1.444000e-09,1.500000e-05
2.435343e+01,3.799999e+00,1.444000e-09,1.500000e-05
2.437243e+01,3.799999e+00,1.444000e-09,1.500000e-05
2.439143e+01,3.799999e+00,1.444000e-09,1.500000e-05
2.441043e+01,3.799999e+00,1.444000e-09,1.500000e-05
2.442943e+01,3.799999e+00,1.444000e-09,1.500000e-05
2.444843e+01,3.799999e+00,1.444000e-09,1.500000e-05
2.446743e+01,3.799999e+00,1.444000e-09,1.500000e-05
2.448643e+01,3.799999e+00,1.444000e-09,1.500000e-05
2.450543e+01,3.799999e+00,1.444000e-09,1.500000e-05
2.452443e+01,3.799999e+00,1.444000e-09,1.500000e-05
2.454343e+01,3.799999e+00,1.444000e-09,1.500000e-05
2.456243e+01,3.799999e+00,1.444000e-09,1.500000e-05
2.458143e+01,3.799999e+00,1.444000e-09,1.500000e-05
2.460043e+01,3.799999e+00,1.444000e-09,1.500000e-05
2.461943e+01,3.799999e+00,1.444000e-09,1.500000e-05
2.463843e+01,3.799999e+00,1.444000e-09,1.500000e-05
2.465743e+01,3.799999e+00,1.444000e-09,1.500000e-05
2.467643e+01,3.799999e+00,1.444000e-09,1.500000e-05
2.469543e+01,3.799999e+00,1.444000e-09,1.500000e-05
2.471443e+01,3.799999e+00,1.444000e-09,1.500000e-05
2.473343e+01,3.799999e+00,1.444000e-09,1.500000e-05
2.475243e+01,3.799999e+00,1.444000e-09,1.500000e-05
2.477143e+01,3.799999e+00,1.444000e-09,1.500000e-05
2.479043e+01,3.799999e+00,1.444000e-09,1.500000e-05
2.480943e+01,3.799999e+00,1.444000e-09,1.500000e-05
2.482843e+01,3.799999e+00,1.444000e-09,1.500000e-05
2.484743e+01,3.799999e+00,1.444000e-09,1.500000e-05
2.486643e+01,3.799999e+00,1.444000e-09,1.500000e-05
2.488543e+01,3.799999e+00,1.444000e-09,1.500000e-05
2.490443e+01,3.799999e+00,1.444000e-09,1.500000e-05
2.492343e+01,3.799999e+00,1.444000e-09,1.500000e-05
2.494243e+01,3.799999e+00,1.444000e-09,1.500000e-05
2.496143e+01,3.799999e+00,1.444000e-09,1.500000e-05
2.498043e+01,3.799999e+00,1.444000e-09,1.500000e-05
2.499943e+01,3.799999e+00,1.444000e-09,1.500000e-05
2.501843e+01,3.799999e+00,1.444000e-09,1.500000e-05
2.503743e+01,3.799999e+00,1.444000e-09,1.500000e-05
2.505643e+01,3.799999e+00,1.444000e-09,1.500000e-05
2.507543e+01,3.799999e+00,1.444000e-09,1.500000e-05
2.509443e+01,3.799999e+00,1.444000e-09,1.500000e-05
2.511343e+01,3.799999e+00,1.444000e-09,1.500000e-05
2.513243e+01,3.799999e+00,1.444000e-09,1.500000e-05
2.515143e+01,3.799999e+00,1.444000e-09,1.500000e-05
2.517043e+01,3.799999e+00,1.444000e-09,1.500000e-05
2.518943e+01,3.799999e+00,1.444000e-09,1.500000e-05
2.520843e+01,3.799999e+00,1.444000e-09,1.500000e-05
2.522743e+01,3.799999e+00,1.444000e-09,1.500000e-05
2.524643e+01,3.799999e+00,1.444000e-09,1.500000e-05
2.526543e+01,3.799999e+00,1.444000e-09,1.500000e-05
2.528443e+01,3.799999e+00,1.444000e-09,1.500000e-05
2.530343e+01,3.799999e+00,1.444000e-09,1.500000e-05
2.532243e+01,3.799999e+00,1.444000e-09,1.500000e-05
2.534143e+01,3.799999e+00,1.444000e-09,1.500000e-05
2.536043e+01,3.799999e+00,1.444000e-09,1.500000e-05
2.537943e+01,3.799999e+00,1.444000e-09,1.500000e-05
2.539843e+01,3.799999e+00,1.444000e-09,1.500000e-05
2.541743e+01,3.799999e+00,1.444000e-09,1.500000e-05
2.543643e+01,3.799999e+00,1.444000e-09,1.500000e-05
2.545543e+01,3.799999e+00,1.444000e-09,1.500000e-05
2.547443e+01,3.799999e+00,1.444000e-09,1.500000e-05
2.549343e+01,3.799999e+00,1.444000e-09,1.500000e-05
2.551243e+01,3.799999e+00,1.444000e-09,1.500000e-05
2.553143e+01,3.799999e+00,1.444000e-09,1.500000e-05
2.555043e+01,3.799999e+00,1.444000e-09,1.500000e-05
2.556943e+01,3.799999e+00,1.444000e-09,1.500000e-05
2.558843e+01,3.799999e+00,1.444000e-09,1.500000e-05
2.560743e+01,3.799999e+00,1.444000e-09,1.500000e-05
2.562643e+01,3.799999e+00,1.444000e-09,1.500000e-05
2.564543e+01,3.799999e+00,1.444000e-09,1.500000e-05
2.566443e+01,3.799999e+00,1.444000e-09,1.500000e-05
2.568343e+01,3.799999e+00,1.444000e-09,1.500000e-05
2.570243e+01,3.799999e+00,1.444000e-09,1.500000e-05
2.572143e+01,3.799999e+00,1.444000e-09,1.500000e-05
2.574043e+01,3.799999e+00,1.444000e-09,1.500000e-05
2.575943e+01,3.799999e+00,1.444000e-09,1.500000e-05
2.577843e+01,3.799999e+00,1.444000e-09,1.500000e-05
2.579743e+01,3.799999e+00,1.444000e-09,1.500000e-05
2.581643e+01,3.799999e+00,1.444000e-09,1.500000e-05
2.583543e+01,3.799999e+00,1.444000e-09,1.500000e-05
2.585443e+01,3.799999e+00,1.444000e-09,1.500000e-05
2.587343e+01,3.799999e+00,1.444000e-09,1.500000e-05
2.589243e+01,3.799999e+00,1.444000e-09,1.500000e-05
2.591143e+01,3.799999e+00,1.444000e-09,1.500000e-05
2.593043e+01,3.799999e+00,1.444000e-09,1.500000e-05
2.594943e+01,3.799999e+00,1.444000e-09,1.500000e-05
2.596843e+01,3.799999e+00,1.444000e-09,1.500000e-05
2.598743e+01,3.799999e+00,1.444000e-09,1.500000e-05
2.600643e+01,3.799999e+00,1.444000e-09,1.500000e-05
2.602543e+01,3.799999e+00,1.444000e-09,1.500000e-05
2.604443e+01,3.799999e+00,1.444000e-09,1.500000e-05
2.606343e+01,3.799999e+00,1.444000e-09,1.500000e-05
2.608243e+01,3.799999e+00,1.444000e-09,1.500000e-05
2.610143e+01,3.799999e+00,1.444000e-09,1.500000e-05
2.612043e+01,3.799999e+00,1.444000e-09,1.500000e-05
2.613943e+01,3.799999e+00,1.444000e-09,1.500000e-05
2.615843e+01,3.799999e+00,1.444000e-09,1.500000e-05
2.617743e+01,3.799999e+00,1.444000e-09,1.500000e-05
2.619643e+01,3.799999e+00,1.444000e-09,1.500000e-05
2.621543e+01,3.799999e+00,1.444000e-09,1.500000e-05
2.623443e+01,3.799999e+00,1.444000e-09,1.500000e-05
2.625343e+01,3.799999e+00,1.444000e-09,1.500000e-05
2.627243e+01,3.799999e+00,1.444000e-09,1.500000e-05
2.629143e+01,3.799999e+00,1.444000e-09,1.500000e-05
2.631043e+01,3.799999e+00,1.444000e-09,1.500000e-05
2.632943e+01,3.799999e+00,1.444000e-09,1.500000e-05
2.634843e+01,3.799999e+00,1.444000e-09,1.500000e-05
2.636743e+01,3.799999e+00,1.444000e-09,1.500000e-05
2.638643e+01,3.799999e+00,1.444000e-09,1.500000e-05
2.640543e+01,3.799999e+00,1.444000e-09,1.500000e-05
2.642443e+01,3.799999e+00,1.444000e-09,1.500000e-05
2.644343e+01,3.799999e+00,1.444000e-09,1.500000e-05
2.646243e+01,3.799999e+00,1.444000e-09,1.500000e-05
2.648143e+01,3.799999e+00,1.444000e-09,1.500000e-05
2.650043e+01,3.799999e+00,1.444000e-09,1.500000e-05
2.651943e+01,3.799999e+00,1.444000e-09,1.500000e-05
2.653843e+01,3.799999e+00,1.444000e-09,1.500000e-05
2.655743e+01,3.799999e+00,1.444000e-09,1.500000e-05
2.657643e+01,3.799999e+00,1.444000e-09,1.500000e-05
2.659543e+01,3.799999e+00,1.444000e-09,1.500000e-05
2.661443e+01,3.799999e+00,1.444000e-09,1.500000e-05
2.663343e+01,3.799999e+00,1.444000e-09,1.500000e-05
2.665243e+01,3.799999e+00,1.444000e-09,1.500000e-05
2.667143e+01,3.799999e+00,1.444000e-09,1.500000e-05
2.669043e+01,3.799999e+00,1.444000e-09,1.500000e-05
2.670943e+01,3.799999e+00,1.444000e-09,1.500000e-05
2.672843e+01,3.799999e+00,1.444000e-09,1.500000e-05
2.674743e+01,3.799999e+00,1.444000e-09,1.500000e-05
2.676643e+01,3.799999e+00,1.444000e-09,1.500000e-05
2.678543e+01,3.799999e+00,1.444000e-09,1.500000e-05
2.680443e+01,3.799999e+00,1.444000e-09,1.500000e-05
2.682343e+01,3.799999e+00,1.444000e-09,1.500000e-05
2.684243e+01,3.799999e+00,1.444000e-09,1.500000e-05
2.686143e+01,3.799999e+00,1.444000e-09,1.500000e-05
2.688043e+01,3.799999e+00,1.444000e-09,1.500000e-05
2.689943e+01,3.799999e+00,1.444000e-09,1.500000e-05
2.691843e+01,3.799999e+00,1.444000e-09,1.500000e-05
2.693743e+01,3.799999e+00,1.444000e-09,1.500000e-05
2.695643e+01,3.799999e+00,1.444000e-09,1.500000e-05
2.697543e+01,3.799999e+00,1.444000e-09,1.500000e-05
2.699443e+01,3.799999e+00,1.444000e-09,1.500000e-05
2.701343e+01,3.799999e+00,1.444000e-09,1.500000e-05
2.703243e+01,3.799999e+00,1.444000e-09,1.500000e-05
2.705143e+01,3.799999e+00,1.444000e-09,1.500000e-05
2.707043e+01,3.799999e+00,1.444000e-09,1.500000e-05
2.708943e+01,3.799999e+00,1.444000e-09,1.500000e-05
2.710843e+01,3.799999e+00,1.444000e-09,1.500000e-05
2.712743e+01,3.799999e+00,1.444000e-09,1.500000e-05
2.714643e+01,3.799999e+00,1.444000e-09,1.500000e-05
2.716543e+01,3.799999e+00,1.444000e-09,1.500000e-05
2.718443e+01,3.799999e+00,1.444000e-09,1.500000e-05
2.720343e+01,3.799999e+00,1.444000e-09,1.500000e-05
2.722243e+01,3.799999e+00,1.444000e-09,1.500000e-05
2.724143e+01,3.799999e+00,1.444000e-09,1.500000e-05
2.726043e+01,3.799999e+00,1.444000e-09,1.500000e-05
2.727943e+01,3.799999e+00,1.444000e-09,1.500000e-05
2.729843e+01,3.799999e+00,1.444000e-09,1.500000e-05
2.731743e+01,3.799999e+00,1.444000e-09,1.500000e-05
2.733643e+01,3.799999e+00,1.444000e-09,1.500000e-05
2.735543e+01,3.799999e+00,1.444000e-09,1.500000e-05
2.737443e+01,3.799999e+00,1.444000e-09,1.500000e-05
2.739343e+01,3.799999e+00,1.444000e-09,1.500000e-05
2.741243e+01,3.799999e+00,1.444000e-09,1.500000e-05
2.743143e+01,3.799999e+00,1.444000e-09,1.500000e-05
2.745043e+01,3.799999e+00,1.444000e-09,1.500000e-05
2.746943e+01,3.799999e+00,1.444000e-09,1.500000e-05
2.748843e+01,3.799999e+00,1.444000e-09,1.500000e-05
2.750743e+01,3.799999e+00,1.444000e-09,1.500000e-05
2.752643e+01,3.799999e+00,1.444000e-09,1.500000e-05
2.754543e+01,3.799999e+00,1.444000e-09,1.500000e-05
2.756443e+01,3.799999e+00,1.444000e-09,1.500000e-05
2.758343e+01,3.799999e+00,1.444000e-09,1.500000e-05
2.760243e+01,3.799999e+00,1.444000e-09,1.500000e-05
2.762143e+01,3.799999e+00,1.444000e-09,1.500000e-05
2.764043e+01,3.799999e+00,1.444000e-09,1.500000e-05
2.765943e+01,3.799999e+00,1.444000e-09,1.500000e-05
2.767843e+01,3.799999e+00,1.444000e-09,1.500000e-05
2.769743e+01,3.799999e+00,1.444000e-09,1.500000e-05
2.771643e+01,3.799999e+00,1.444000e-09,1.500000e-05
2.773543e+01,3.799999e+00,1.444000e-09,1.500000e-05
2.775443e+01,3.799999e+00,1.444000e-09,1.500000e-05
2.777343e+01,3.799999e+00,1.444000e-09,1.500000e-05
2.779243e+01,3.799999e+00,1.444000e-09,1.500000e-05
2.781143e+01,3.799999e+00,1.444000e-09,1.500000e-05
2.783043e+01,3.799999e+00,1.444000e-09,1.500000e-05
2.784943e+01,3.799999e+00,1.444000e-09,1.500000e-05
2.786843e+01,3.799999e+00,1.444000e-09,1.500000e-05
2.788743e+01,3.799999e+00,1.444000e-09,1.500000e-05
2.790643e+01,3.799999e+00,1.444000e-09,1.500000e-05
2.792543e+01,3.799999e+00,1.444000e-09,1.500000e-05
2.794443e+01,3.799999e+00,1.444000e-09,1.500000e-05
2.796343e+01,3.799999e+00,1.444000e-09,1.500000e-05
2.798243e+01,3.799999e+00,1.444000e-09,1.500000e-05
2.800143e+01,3.799999e+00,1.444000e-09,1.500000e-05
2.802043e+01,3.799999e+00,1.444000e-09,1.500000e-05
2.803943e+01,3.799999e+00,1.444000e-09,1.500000e-05
2.805843e+01,3.799999e+00,1.444000e-09,1.500000e-05
2.807743e+01,3.799999e+00,1.444000e-09,1.500000e-05
2.809643e+01,3.799999e+00,1.444000e-09,1.500000e-05
2.811543e+01,3.799999e+00,1.444000e-09,1.500000e-05
2.813443e+01,3.799999e+00,1.444000e-09,1.500000e-05
2.815343e+01,3.799999e+00,1.444000e-09,1.500000e-05
2.817243e+01,3.799999e+00,1.444000e-09,1.500000e-05
2.819143e+01,3.799999e+00,1.444000e-09,1.500000e-05
2.821043e+01,3.799999e+00,1.444000e-09,1.500000e-05
2.822943e+01,3.799999e+00,1.444000e-09,1.500000e-05
2.824843e+01,3.799999e+00,1.444000e-09,1.500000e-05
2.826743e+01,3.799999e+00,1.444000e-09,1.500000e-05
2.828643e+01,3.799999e+00,1.444000e-09,1.500000e-05
2.830543e+01,3.799999e+00,1.444000e-09,1.500000e-05
2.832443e+01,3.799999e+00,1.444000e-09,1.500000e-05
2.834343e+01,3.799999e+00,1.444000e-09,1.500000e-05
2.836243e+01,3.799999e+00,1.444000e-09,1.500000e-05
2.838143e+01,3.799999e+00,1.444000e-09,1.500000e-05
2.840043e+01,3.799999e+00,1.444000e-09,1.500000e-05
2.841943e+01,3.799999e+00,1.444000e-09,1.500000e-05
2.843843e+01,3.799999e+00,1.444000e-09,1.500000e-05
2.845743e+01,3.799999e+00,1.444000e-09,1.500000e-05
2.847643e+01,3.799999e+00,1.444000e-09,1.500000e-05
2.849543e+01,3.799999e+00,1.444000e-09,1.500000e-05
2.851443e+01,3.799999e+00,1.444000e-09,1.500000e-05
2.853343e+01,3.799999e+00,1.444000e-09,1.500000e-05
2.855243e+01,3.799999e+00,1.444000e-09,1.500000e-05
2.857143e+01,3.799999e+00,1.444000e-09,1.500000e-05
2.859043e+01,3.799999e+00,1.444000e-09,1.500000e-05
2.860943e+01,3.799999e+00,1.444000e-09,1.500000e-05
2.862843e+01,3.799999e+00,1.444000e-09,1.500000e-05
2.864743e+01,3.799999e+00,1.444000e-09,1.500000e-05
2.866643e+01,3.799999e+00,1.444000e-09,1.500000e-05
2.868543e+01,3.799999e+00,1.444000e-09,1.500000e-05
2.870443e+01,3.799999e+00,1.444000e-09,1.500000e-05
2.872343e+01,3.799999e+00,1.444000e-09,1.500000e-05
2.874243e+01,3.799999e+00,1.444000e-09,1.500000e-05
2.876143e+01,3.799999e+00,1.444000e-09,1.500000e-05
2.878043e+01,3.799999e+00,1.444000e-09,1.500000e-05
2.879943e+01,3.799999e+00,1.444000e-09,1.500000e-05
2.881843e+01,3.799999e+00,1.444000e-09,1.500000e-05
2.883743e+01,3.799999e+00,1.444000e-09,1.500000e-05
2.885643e+01,3.799999e+00,1.444000e-09,1.500000e-05
2.887543e+01,3.799999e+00,1.444000e-09,1.500000e-05
2.889443e+01,3.799999e+00,1.444000e-09,1.500000e-05
2.891343e+01,3.799999e+00,1.444000e-09,1.500000e-05
2.893243e+01,3.799999e+00,1.444000e-09,1.500000e-05
2.895143e+01,3.799999e+00,1.444000e-09,1.500000e-05
2.897043e+01,3.799999e+00,1.444000e-09,1.500000e-05
2.898943e+01,3.799999e+00,1.444000e-09,1.500000e-05
2.900843e+01,3.799999e+00,1.444000e-09,1.500000e-05
2.902743e+01,3.799999e+00,1.444000e-09,1.500000e-05
2.904643e+01,3.799999e+00,1.444000e-09,1.500000e-05
2.906543e+01,3.799999e+00,1.444000e-09,1.500000e-05
2.908443e+01,3.799999e+00,1.444000e-09,1.500000e-05
2.910343e+01,3.799999e+00,1.444000e-09,1.500000e-05
2.912243e+01,3.799999e+00,1.444000e-09,1.500000e-05
2.914143e+01,3.799999e+00,1.444000e-09,1.500000e-05
2.916043e+01,3.799999e+00,1.444000e-09,1.500000e-05
2.917943e+01,3.799999e+00,1.444000e-09,1.500000e-05
2.919843e+01,3.799999e+00,1.444000e-09,1.500000e-05
2.921743e+01,3.799999e+00,1.444000e-09,1.500000e-05
2.923643e+01,3.799999e+00,1.444000e-09,1.500000e-05
2.925543e+01,3.799999e+00,1.444000e-09,1.500000e-05
2.927443e+01,3.799999e+00,1.444000e-09,1.500000e-05
2.929343e+01,3.799999e+00,1.444000e-09,1.500000e-05
2.931243e+01,3.799999e+00,1.444000e-09,1.500000e-05
2.933143e+01,3.799999e+00,1.444000e-09,1.500000e-05
2.935043e+01,3.799999e+00,1.444000e-09,1.500000e-05
2.936943e+01,3.799999e+00,1.444000e-09,1.500000e-05
2.938843e+01,3.799999e+00,1.444000e-09,1.500000e-05
2.940743e+01,3.799999e+00,1.444000e-09,1.500000e-05
2.942643e+01,3.799999e+00,1.444000e-09,1.500000e-05
2.944543e+01,3.799999e+00,1.444000e-09,1.500000e-05
2.946443e+01,3.799999e+00,1.444000e-09,1.500000e-05
2.948343e+01,3.799999e+00,1.444000e-09,1.500000e-05
2.950243e+01,3.799999e+00,1.444000e-09,1.500000e-05
2.952143e+01,3.799999e+00,1.444000e-09,1.500000e-05
2.954043e+01,3.799999e+00,1.444000e-09,1.500000e-05
2.955943e+01,3.799999e+00,1.444000e-09,1.500000e-05
2.957843e+01,3.799999e+00,1.444000e-09,1.500000e-05
2.959743e+01,3.799999e+00,1.444000e-09,1.500000e-05
2.961643e+01,3.799999e+00,1.444000e-09,1.500000e-05
2.963543e+01,3.799999e+00,1.444000e-09,1.500000e-05
2.965443e+01,3.799999e+00,1.444000e-09,1.500000e-05
2.967343e+01,3.799999e+00,1.444000e-09,1.500000e-05
2.969243e+01,3.799999e+00,1.444000e-09,1.500000e-05
2.971143e+01,3.799999e+00,1.444000e-09,1.500000e-05
2.973043e+01,3.799999e+00,1.444000e-09,1.500000e-05
2.974943e+01,3.799999e+00,1.444000e-09,1.500000e-05
2.976843e+01,3.799999e+00,1.444000e-09,1.500000e-05
2.978743e+01,3.799999e+00,1.444000e-09,1.500000e-05
2.980643e+01,3.799999e+00,1.444000e-09,1.500000e-05
2.982543e+01,3.799999e+00,1.444000e-09,1.500000e-05
2.984443e+01,3.799999e+00,1.444000e-09,1.500000e-05
2.986343e+01,3.799999e+00,1.444000e-09,1.500000e-05
2.988243e+01,3.799999e+00,1.444000e-09,1.500000e-05
2.990143e+01,3.799999e+00,1.444000e-09,1.500000e-05
2.992043e+01,3.799999e+00,1.444000e-09,1.500000e-05
2.993943e+01,3.799999e+00,1.444000e-09,1.500000e-05
2.995843e+01,3.799999e+00,1.444000e-09,1.500000e-05
2.997743e+01,3.799999e+00,1.444000e-09,1.500000e-05
2.999643e+01,3.799999e+00,1.444000e-09,1.500000e-05
3.001543e+01,3.799999e+00,1.444000e-09,1.500000e-05
3.003443e+01,3.799999e+00,1.444000e-09,1.500000e-05
3.005343e+01,3.799999e+00,1.444000e-09,1.500000e-05
3.007243e+01,3.799999e+00,1.444000e-09,1.500000e-05
3.009143e+01,3.799999e+00,1.444000e-09,1.500000e-05
3.011043e+01,3.799999e+00,1.444000e-09,1.500000e-05
3.012943e+01,3.799999e+00,1.444000e-09,1.500000e-05
3.014843e+01,3.799999e+00,1.444000e-09,1.500000e-05
3.016743e+01,3.799999e+00,1.444000e-09,1.500000e-05
3.018643e+01,3.799999e+00,1.444000e-09,1.500000e-05
3.020543e+01,3.799999e+00,1.444000e-09,1.500000e-05
3.022443e+01,3.799999e+00,1.444000e-09,1.500000e-05
3.024343e+01,3.799999e+00,1.444000e-09,1.500000e-05
3.026243e+01,3.799999e+00,1.444000e-09,1.500000e-05
3.028143e+01,3.799999e+00,1.444000e-09,1.500000e-05
3.030043e+01,3.799999e+00,1.444000e-09,1.500000e-05
3.031943e+01,3.799999e+00,1.444000e-09,1.500000e-05
3.033843e+01,3.799999e+00,1.444000e-09,1.500000e-05
3.035743e+01,3.799999e+00,1.444000e-09,1.500000e-05
3.037643e+01,3.799999e+00,1.444000e-09,1.500000e-05
3.039543e+01,3.799999e+00,1.444000e-09,1.500000e-05
3.041443e+01,3.799999e+00,1.444000e-09,1.500000e-05
3.043343e+01,3.799999e+00,1.444000e-09,1.500000e-05
3.045243e+01,3.799999e+00,1.444000e-09,1.500000e-05
3.047143e+01,3.799999e+00,1.444000e-09,1.500000e-05
3.049043e+01,3.799999e+00,1.444000e-09,1.500000e-05
3.050943e+01,3.799999e+00,1.444000e-09,1.500000e-05
3.052843e+01,3.799999e+00,1.444000e-09,1.500000e-05
3.054743e+01,3.799999e+00,1.444000e-09,1.500000e-05
3.056643e+01,3.799999e+00,1.444000e-09,1.500000e-05
3.058543e+01,3.799999e+00,1.444000e-09,1.500000e-05
3.060443e+01,3.799999e+00,1.444000e-09,1.500000e-05
3.062343e+01,3.799999e+00,1.444000e-09,1.500000e-05
3.064243e+01,3.799999e+00,1.444000e-09,1.500000e-05
3.066143e+01,3.799999e+00,1.444000e-09,1.500000e-05
3.068043e+01,3.799999e+00,1.444000e-09,1.500000e-05
3.069943e+01,3.799999e+00,1.444000e-09,1.500000e-05
3.071843e+01,3.799999e+00,1.444000e-09,1.500000e-05
3.073743e+01,3.799999e+00,1.444000e-09,1.500000e-05
3.075643e+01,3.799999e+00,1.444000e-09,1.500000e-05
3.077543e+01,3.799999e+00,1.444000e-09,1.500000e-05
3.079443e+01,3.799999e+00,1.444000e-09,1.500000e-05
3.081343e+01,3.799999e+00,1.444000e-09,1.500000e-05
3.083243e+01,3.799999e+00,1.444000e-09,1.500000e-05
3.085143e+01,3.799999e+00,1.444000e-09,1.500000e-05
3.087043e+01,3.799999e+00,1.444000e-09,1.500000e-05
3.088943e+01,3.799999e+00,1.444000e-09,1.500000e-05
3.090843e+01,3.799999e+00,1.444000e-09,1.500000e-05
3.092743e+01,3.799999e+00,1.444000e-09,1.500000e-05
3.094643e+01,3.799999e+00,1.444000e-09,1.500000e-05
3.096543e+01,3.799999e+00,1.444000e-09,1.500000e-05
3.098443e+01,3.799999e+00,1.444000e-09,1.500000e-05
3.100343e+01,3.799999e+00,1.444000e-09,1.500000e-05
3.102243e+01,3.799999e+00,1.444000e-09,1.500000e-05
3.104143e+01,3.799999e+00,1.444000e-09,1.500000e-05
3.106043e+01,3.799999e+00,1.444000e-09,1.500000e-05
3.107943e+01,3.799999e+00,1.444000e-09,1.500000e-05
3.109843e+01,3.799999e+00,1.444000e-09,1.500000e-05
3.111743e+01,3.799999e+00,1.444000e-09,1.500000e-05
3.113643e+01,3.799999e+00,1.444000e-09,1.500000e-05
3.115543e+01,3.799999e+00,1.444000e-09,1.500000e-05
3.117443e+01,3.799999e+00,1.444000e-09,1.500000e-05
3.119343e+01,3.799999e+00,1.444000e-09,1.500000e-05
3.121243e+01,3.799999e+00,1.444000e-09,1.500000e-05
3.123143e+01,3.799999e+00,1.444000e-09,1.500000e-05
3.125043e+01,3.799999e+00,1.444000e-09,1.500000e-05
3.126943e+01,3.799999e+00,1.444000e-09,1.500000e-05
3.128843e+01,3.799999e+00,1.444000e-09,1.500000e-05
3.130743e+01,3.799999e+00,1.444000e-09,1.500000e-05
3.132643e+01,3.799999e+00,1.444000e-09,1.500000e-05
3.134543e+01,3.799999e+00,1.444000e-09,1.500000e-05
3.136443e+01,3.799999e+00,1.444000e-09,1.500000e-05
3.138343e+01,3.799999e+00,1.444000e-09,1.500000e-05
3.140243e+01,3.799999e+00,1.444000e-09,1.500000e-05
3.142143e+01,3.799999e+00,1.444000e-09,1.500000e-05
3.144043e+01,3.799999e+00,1.444000e-09,1.500000e-05
3.145943e+01,3.799999e+00,1.444000e-09,1.500000e-05
3.147843e+01,3.799999e+00,1.444000e-09,1.500000e-05
3.149743e+01,3.799999e+00,1.444000e-09,1.500000e-05
3.151643e+01,3.799999e+00,1.444000e-09,1.500000e-05
3.153543e+01,3.799999e+00,1.444000e-09,1.500000e-05
3.155443e+01,3.799999e+00,1.444000e-09,1.500000e-05
3.157343e+01,3.799999e+00,1.444000e-09,1.500000e-05
3.159243e+01,3.799999e+00,1.444000e-09,1.500000e-05
3.161143e+01,3.799999e+00,1.444000e-09,1.500000e-05
3.163043e+01,3.799999e+00,1.444000e-09,1.500000e-05
3.164943e+01,3.799999e+00,1.444000e-09,1.500000e-05
3.166843e+01,3.799999e+00,1.444000e-09,1.500000e-05
3.168743e+01,3.799999e+00,1.444000e-09,1.500000e-05
3.170643e+01,3.799999e+00,1.444000e-09,1.500000e-05
3.172543e+01,3.799999e+00,1.444000e-09,1.500000e-05
3.174443e+01,3.799999e+00,1.444000e-09,1.500000e-05
3.176343e+01,3.799999e+00,1.444000e-09,1.500000e-05
3.178243e+01,3.799999e+00,1.444000e-09,1.500000e-05
3.180143e+01,3.799999e+00,1.444000e-09,1.500000e-05
3.182043e+01,3.799999e+00,1.444000e-09,1.500000e-05
3.183943e+01,3.799999e+00,1.444000e-09,1.500000e-05
3.185843e+01,3.799999e+00,1.444000e-09,1.500000e-05
3.187743e+01,3.799999e+00,1.444000e-09,1.500000e-05
3.189643e+01,3.799999e+00,1.444000e-09,1.500000e-05
3.191543e+01,3.799999e+00,1.444000e-09,1.500000e-05
3.193443e+01,3.799999e+00,1.444000e-09,1.500000e-05
3.195343e+01,3.799999e+00,1.444000e-09,1.500000e-05
3.197243e+01,3.799999e+00,1.444000e-09,1.500000e-05
3.199143e+01,3.799999e+00,1.444000e-09,1.500000e-05
3.201043e+01,3.799999e+00,1.444000e-09,1.500000e-05
3.202943e+01,3.799999e+00,1.444000e-09,1.500000e-05
3.204843e+01,3.799999e+00,1.444000e-09,1.500000e-05
3.206743e+01,3.799999e+00,1.444000e-09,1.500000e-05
3.208643e+01,3.799999e+00,1.444000e-09,1.500000e-05
3.210543e+01,3.799999e+00,1.444000e-09,1.500000e-05
3.212443e+01,3.799999e+00,1.444000e-09,1.500000e-05
3.214343e+01,3.799999e+00,1.444000e-09,1.500000e-05
3.216243e+01,3.799999e+00,1.444000e-09,1.500000e-05
3.218143e+01,3.799999e+00,1.444000e-09,1.500000e-05
3.220043e+01,3.799999e+00,1.444000e-09,1.500000e-05
3.221943e+01,3.799999e+00,1.444000e-09,1.500000e-05
3.223843e+01,3.799999e+00,1.444000e-09,1.500000e-05
3.225743e+01,3.799999e+00,1.444000e-09,1.500000e-05
3.227643e+01,3.799999e+00,1.444000e-09,1.500000e-05
3.229543e+01,3.799999e+00,1.444000e-09,1.500000e-05
3.231443e+01,3.799999e+00,1.444000e-09,1.500000e-05
3.233343e+01,3.799999e+00,1.444000e-09,1.500000e-05
3.235243e+01,3.799999e+00,1.444000e-09,1.500000e-05
3.237143e+01,3.799999e+00,1.444000e-09,1.500000e-05
3.239043e+01,3.799999e+00,1.444000e-09,1.500000e-05
3.240943e+01,3.799999e+00,1.444000e-09,1.500000e-05
3.242843e+01,3.799999e+00,1.444000e-09,1.500000e-05
3.244743e+01,3.799999e+00,1.444000e-09,1.500000e-05
3.246643e+01,3.799999e+00,1.444000e-09,1.500000e-05
3.248543e+01,3.799999e+00,1.444000e-09,1.500000e-05
3.250443e+01,3.799999e+00,1.444000e-09,1.500000e-05
3.252343e+01,3.799999e+00,1.444000e-09,1.500000e-05
3.254243e+01,3.799999e+00,1.444000e-09,1.500000e-05
3.256143e+01,3.799999e+00,1.444000e-09,1.500000e-05
3.258043e+01,3.799999e+00,1.444000e-09,1.500000e-05
3.259943e+01,3.799999e+00,1.444000e-09,1.500000e-05
3.261843e+01,3.799999e+00,1.444000e-09,1.500000e-05
3.263743e+01,3.799999e+00,1.444000e-09,1.500000e-05
3.265643e+01,3.799999e+00,1.444000e-09,1.500000e-05
3.267543e+01,3.799999e+00,1.444000e-09,1.500000e-05
3.269443e+01,3.799999e+00,1.444000e-09,1.500000e-05
3.271343e+01,3.799999e+00,1.444000e-09,1.500000e-05
3.273243e+01,3.799999e+00,1.444000e-09,1.500000e-05
3.275143e+01,3.799999e+00,1.444000e-09,1.500000e-05
3.277043e+01,3.799999e+00,1.444000e-09,1.500000e-05
3.278943e+01,3.799999e+00,1.444000e-09,1.500000e-05
3.280843e+01,3.799999e+00,1.444000e-09,1.500000e-05
3.282743e+01,3.799999e+00,1.444000e-09,1.500000e-05
3.284643e+01,3.799999e+00,1.444000e-09,1.500000e-05
3.286543e+01,3.799999e+00,1.444000e-09,1.500000e-05
3.288443e+01,3.799999e+00,1.444000e-09,1.500000e-05
3.290343e+01,3.799999e+00,1.444000e-09,1.500000e-05
3.292243e+01,3.799999e+00,1.444000e-09,1.500000e-05
3.294143e+01,3.799999e+00,1.444000e-09,1.500000e-05
3.296043e+01,3.799999e+00,1.444000e-09,1.500000e-05
3.297943e+01,3.799999e+00,1.444000e-09,1.500000e-05
3.299843e+01,3.799999e+00,1.444000e-09,1.500000e-05
3.301743e+01,3.799999e+00,1.444000e-09,1.500000e-05
3.303643e+01,3.799999e+00,1.444000e-09,1.500000e-05
3.305543e+01,3.799999e+00,1.444000e-09,1.500000e-05
3.307443e+01,3.799999e+00,1.444000e-09,1.500000e-05
3.309343e+01,3.799999e+00,1.444000e-09,1.500000e-05
3.311243e+01,3.799999e+00,1.444000e-09,1.500000e-05
3.313143e+01,3.799999e+00,1.444000e-09,1.500000e-05
3.315043e+01,3.799999e+00,1.444000e-09,1.500000e-05
3.316943e+01,3.799999e+00,1.444000e-09,1.500000e-05
3.318843e+01,3.799999e+00,1.444000e-09,1.500000e-05
3.320743e+01,3.799999e+00,1.444000e-09,1.500000e-05
3.322643e+01,3.799999e+00,1.444000e-09,1.500000e-05
3.324543e+01,3.799999e+00,1.444000e-09,1.500000e-05
3.326443e+01,3.799999e+00,1.444000e-09,1.500000e-05
3.328343e+01,3.799999e+00,1.444000e-09,1.500000e-05
3.330243e+01,3.799999e+00,1.444000e-09,1.500000e-05
3.332143e+01,3.799999e+00,1.444000e-09,1.500000e-05
3.334043e+01,3.799999e+00,1.444000e-09,1.500000e-05
3.335943e+01,3.799999e+00,1.444000e-09,1.500000e-05
3.337843e+01,3.799999e+00,1.444000e-09,1.500000e-05
3.339743e+01,3.799999e+00,1.444000e-09,1.500000e-05
3.341643e+01,3.799999e+00,1.444000e-09,1.500000e-05
3.343543e+01,3.799999e+00,1.444000e-09,1.500000e-05
3.345443e+01,3.799999e+00,1.444000e-09,1.500000e-05
3.347343e+01,3.799999e+00,1.444000e-09,1.500000e-05
3.349243e+01,3.799999e+00,1.444000e-09,1.500000e-05
3.351143e+01,3.799999e+00,1.444000e-09,1.500000e-05
3.353043e+01,3.799999e+00,1.444000e-09,1.500000e-05
3.354943e+01,3.799999e+00,1.444000e-09,1.500000e-05
3.356843e+01,3.799999e+00,1.444000e-09,1.500000e-05
3.358743e+01,3.799999e+00,1.444000e-09,1.500000e-05
3.360643e+01,3.799999e+00,1.444000e-09,1.500000e-05
3.362543e+01,3.799999e+00,1.444000e-09,1.500000e-05
3.364443e+01,3.799999e+00,1.444000e-09,1.500000e-05
3.366343e+01,3.799999e+00,1.444000e-09,1.500000e-05
3.368243e+01,3.799999e+00,1.444000e-09,1.500000e-05
3.370143e+01,3.799999e+00,1.444000e-09,1.500000e-05
3.372043e+01,3.799999e+00,1.444000e-09,1.500000e-05
3.373943e+01,3.799999e+00,1.444000e-09,1.500000e-05
3.375843e+01,3.799999e+00,1.444000e-09,1.500000e-05
3.377743e+01,3.799999e+00,1.444000e-09,1.500000e-05
3.379643e+01,3.799999e+00,1.444000e-09,1.500000e-05
3.381543e+01,3.799999e+00,1.444000e-09,1.500000e-05
3.383443e+01,3.799999e+00,1.444000e-09,1.500000e-05
3.385343e+01,3.799999e+00,1.444000e-09,1.500000e-05
3.387243e+01,3.799999e+00,1.444000e-09,1.500000e-05
3.389143e+01,3.799999e+00,1.444000e-09,1.500000e-05
3.391043e+01,3.799999e+00,1.444000e-09,1.500000e-05
3.392943e+01,3.799999e+00,1.444000e-09,1.500000e-05
3.394843e+01,3.799999e+00,1.444000e-09,1.500000e-05
3.396743e+01,3.799999e+00,1.444000e-09,1.500000e-05
3.398643e+01,3.799999e+00,1.444000e-09,1.500000e-05
3.400543e+01,3.799999e+00,1.444000e-09,1.500000e-05
3.402443e+01,3.799999e+00,1.444000e-09,1.500000e-05
3.404343e+01,3.799999e+00,1.444000e-09,1.500000e-05
3.406243e+01,3.799999e+00,1.444000e-09,1.500000e-05
3.408143e+01,3.799999e+00,1.444000e-09,1.500000e-05
3.410043e+01,3.799999e+00,1.444000e-09,1.500000e-05
3.411943e+01,3.799999e+00,1.444000e-09,1.500000e-05
3.413843e+01,3.799999e+00,1.444000e-09,1.500000e-05
3.415743e+01,3.799999e+00,1.444000e-09,1.500000e-05
3.417643e+01,3.799999e+00,1.444000e-09,1.500000e-05
3.419543e+01,3.799999e+00,1.444000e-09,1.500000e-05
3.421443e+01,3.799999e+00,1.444000e-09,1.500000e-05
3.423343e+01,3.799999e+00,1.444000e-09,1.500000e-05
3.425243e+01,3.799999e+00,1.444000e-09,1.500000e-05
3.427143e+01,3.799999e+00,1.444000e-09,1.500000e-05
3.429043e+01,3.799999e+00,1.444000e-09,1.500000e-05
3.430943e+01,3.799999e+00,1.444000e-09,1.500000e-05
3.432843e+01,3.799999e+00,1.444000e-09,1.500000e-05
3.434743e+01,3.799999e+00,1.444000e-09,1.500000e-05
3.436643e+01,3.799999e+00,1.444000e-09,1.500000e-05
3.438543e+01,3.799999e+00,1.444000e-09,1.500000e-05
3.440443e+01,3.799999e+00,1.444000e-09,1.500000e-05
3.442343e+01,3.799999e+00,1.444000e-09,1.500000e-05
3.444243e+01,3.799999e+00,1.444000e-09,1.500000e-05
3.446143e+01,3.799999e+00,1.444000e-09,1.500000e-05
3.448043e+01,3.799999e+00,1.444000e-09,1.500000e-05
3.449943e+01,3.799999e+00,1.444000e-09,1.500000e-05
3.451843e+01,3.799999e+00,1.444000e-09,1.500000e-05
3.453743e+01,3.799999e+00,1.444000e-09,1.500000e-05
3.455643e+01,3.799999e+00,1.444000e-09,1.500000e-05
3.457543e+01,3.799999e+00,1.444000e-09,1.500000e-05
3.459443e+01,3.799999e+00,1.444000e-09,1.500000e-05
3.461343e+01,3.799999e+00,1.444000e-09,1.500000e-05
3.463243e+01,3.799999e+00,1.444000e-09,1.500000e-05
3.465143e+01,3.799999e+00,1.444000e-09,1.500000e-05
3.467043e+01,3.799999e+00,1.444000e-09,1.500000e-05
3.468943e+01,3.799999e+00,1.444000e-09,1.500000e-05
3.470843e+01,3.799999e+00,1.444000e-09,1.500000e-05
3.472743e+01,3.799999e+00,1.444000e-09,1.500000e-05
3.474643e+01,3.799999e+00,1.444000e-09,1.500000e-05
3.476543e+01,3.799999e+00,1.444000e-09,1.500000e-05
3.478443e+01,3.799999e+00,1.444000e-09,1.500000e-05
3.480343e+01,3.799999e+00,1.444000e-09,1.500000e-05
3.482243e+01,3.799999e+00,1.444000e-09,1.500000e-05
3.484143e+01,3.799999e+00,1.444000e-09,1.500000e-05
3.486043e+01,3.799999e+00,1.444000e-09,1.500000e-05
3.487943e+01,3.799999e+00,1.444000e-09,1.500000e-05
3.489843e+01,3.799999e+00,1.444000e-09,1.500000e-05
3.491743e+01,3.799999e+00,1.444000e-09,1.500000e-05
3.493643e+01,3.799999e+00,1.444000e-09,1.500000e-05
3.495543e+01,3.799999e+00,1.444000e-09,1.500000e-05
3.497443e+01,3.799999e+00,1.444000e-09,1.500000e-05
3.499343e+01,3.799999e+00,1.444000e-09,1.500000e-05
3.501243e+01,3.799999e+00,1.444000e-09,1.500000e-05
3.503143e+01,3.799999e+00,1.444000e-09,1.500000e-05
3.505043e+01,3.799999e+00,1.444000e-09,1.500000e-05
3.506943e+01,3.799999e+00,1.444000e-09,1.500000e-05
3.508843e+01,3.799999e+00,1.444000e-09,1.500000e-05
3.510743e+01,3.799999e+00,1.444000e-09,1.500000e-05
3.512643e+01,3.799999e+00,1.444000e-09,1.500000e-05
3.514543e+01,3.799999e+00,1.444000e-09,1.500000e-05
3.516443e+01,3.799999e+00,1.444000e-09,1.500000e-05
3.518343e+01,3.799999e+00,1.444000e-09,1.500000e-05
3.520243e+01,3.799999e+00,1.444000e-09,1.500000e-05
3.522143e+01,3.799999e+00,1.444000e-09,1.500000e-05
3.524043e+01,3.799999e+00,1.444000e-09,1.500000e-05
3.525943e+01,3.799999e+00,1.444000e-09,1.500000e-05
3.527843e+01,3.799999e+00,1.444000e-09,1.500000e-05
3.529743e+01,3.799999e+00,1.444000e-09,1.500000e-05
3.531643e+01,3.799999e+00,1.444000e-09,1.500000e-05
3.533543e+01,3.799999e+00,1.444000e-09,1.500000e-05
3.535443e+01,3.799999e+00,1.444000e-09,1.500000e-05
3.537343e+01,3.799999e+00,1.444000e-09,1.500000e-05
3.539243e+01,3.799999e+00,1.444000e-09,1.500000e-05
3.541143e+01,3.799999e+00,1.444000e-09,1.500000e-05
3.543043e+01,3.799999e+00,1.444000e-09,1.500000e-05
3.544943e+01,3.799999e+00,1.444000e-09,1.500000e-05
3.546843e+01,3.799999e+00,1.444000e-09,1.500000e-05
3.548743e+01,3.799999e+00,1.444000e-09,1.500000e-05
3.550643e+01,3.799999e+00,1.444000e-09,1.500000e-05
3.552543e+01,3.799999e+00,1.444000e-09,1.500000e-05
3.554443e+01,3.799999e+00,1.444000e-09,1.500000e-05
3.556343e+01,3.799999e+00,1.444000e-09,1.500000e-05
3.558243e+01,3.799999e+00,1.444000e-09,1.500000e-05
3.560143e+01,3.799999e+00,1.444000e-09,1.500000e-05
3.562043e+01,3.799999e+00,1.444000e-09,1.500000e-05
3.563943e+01,3.799999e+00,1.444000e-09,1.500000e-05
3.565843e+01,3.799999e+00,1.444000e-09,1.500000e-05
3.567743e+01,3.799999e+00,1.444000e-09,1.500000e-05
3.569643e+01,3.799999e+00,1.444000e-09,1.500000e-05
3.571543e+01,3.799999e+00,1.444000e-09,1.500000e-05
3.573443e+01,3.799999e+00,1.444000e-09,1.500000e-05
3.575343e+01,3.799999e+00,1.444000e-09,1.500000e-05
3.577243e+01,3.799999e+00,1.444000e-09,1.500000e-05
3.579143e+01,3.799999e+00,1.444000e-09,1.500000e-05
3.581043e+01,3.799999e+00,1.444000e-09,1.500000e-05
3.582943e+01,3.799999e+00,1.444000e-09,1.500000e-05
3.584843e+01,3.799999e+00,1.444000e-09,1.500000e-05
3.586743e+01,3.799999e+00,1.444000e-09,1.500000e-05
3.588643e+01,3.799999e+00,1.444000e-09,1.500000e-05
3.590543e+01,3.799999e+00,1.444000e-09,1.500000e-05
3.592443e+01,3.799999e+00,1.444000e-09,1.500000e-05
3.594343e+01,3.799999e+00,1.444000e-09,1.500000e-05
3.596243e+01,3.799999e+00,1.444000e-09,1.500000e-05
3.598143e+01,3.799999e+00,1.444000e-09,1.500000e-05
3.600043e+01,3.799999e+00,1.444000e-09,1.500000e-05
3.601943e+01,3.799999e+00,1.444000e-09,1.500000e-05
3.603843e+01,3.799999e+00,1.444000e-09,1.500000e-05
3.605743e+01,3.799999e+00,1.444000e-09,1.500000e-05
3.607643e+01,3.799999e+00,1.444000e-09,1.500000e-05
3.609543e+01,3.799999e+00,1.444000e-09,1.500000e-05
3.611443e+01,3.799999e+00,1.444000e-09,1.500000e-05
3.613343e+01,3.799999e+00,1.444000e-09,1.500000e-05
3.615243e+01,3.799999e+00,1.444000e-09,1.500000e-05
3.617143e+01,3.799999e+00,1.444000e-09,1.500000e-05
3.619043e+01,3.799999e+00,1.444000e-09,1.500000e-05
3.620943e+01,3.799999e+00,1.444000e-09,1.500000e-05
3.622843e+01,3.799999e+00,1.444000e-09,1.500000e-05
3.624743e+01,3.799999e+00,1.444000e-09,1.500000e-05
3.626643e+01,3.799999e+00,1.444000e-09,1.500000e-05
3.628543e+01,3.799999e+00,1.444000e-09,1.500000e-05
3.630443e+01,3.799999e+00,1.444000e-09,1.500000e-05
3.632343e+01,3.799999e+00,1.444000e-09,1.500000e-05
3.634243e+01,3.799999e+00,1.444000e-09,1.500000e-05
3.636143e+01,3.799999e+00,1.444000e-09,1.500000e-05
3.638043e+01,3.799999e+00,1.444000e-09,1.500000e-05
3.639943e+01,3.799999e+00,1.444000e-09,1.500000e-05
3.641843e+01,3.799999e+00,1.444000e-09,1.500000e-05
3.643743e+01,3.799999e+00,1.444000e-09,1.500000e-05
3.645643e+01,3.799999e+00,1.444000e-09,1.500000e-05
3.647543e+01,3.799999e+00,1.444000e-09,1.500000e-05
3.649443e+01,3.799999e+00,1.444000e-09,1.500000e-05
3.651343e+01,3.799999e+00,1.444000e-09,1.500000e-05
3.653243e+01,3.799999e+00,1.444000e-09,1.500000e-05
3.655143e+01,3.799999e+00,1.444000e-09,1.500000e-05
3.657043e+01,3.799999e+00,1.444000e-09,1.500000e-05
3.658943e+01,3.799999e+00,1.444000e-09,1.500000e-05
3.660843e+01,3.799999e+00,1.444000e-09,1.500000e-05
3.662743e+01,3.799999e+00,1.444000e-09,1.500000e-05
3.664643e+01,3.799999e+00,1.444000e-09,1.500000e-05
3.666543e+01,3.799999e+00,1.444000e-09,1.500000e-05
3.668443e+01,3.799999e+00,1.444000e-09,1.500000e-05
3.670343e+01,3.799999e+00,1.444000e-09,1.500000e-05
3.672243e+01,3.799999e+00,1.444000e-09,1.500000e-05
3.674143e+01,3.799999e+00,1.444000e-09,1.500000e-05
3.676043e+01,3.799999e+00,1.444000e-09,1.500000e-05
3.677943e+01,3.799999e+00,1.444000e-09,1.500000e-05
3.679843e+01,3.799999e+00,1.444000e-09,1.500000e-05
3.681743e+01,3.799999e+00,1.444000e-09,1.500000e-05
3.683643e+01,3.799999e+00,1.444000e-09,1.500000e-05
3.685543e+01,3.799999e+00,1.444000e-09,1.500000e-05
3.687443e+01,3.799999e+00,1.444000e-09,1.500000e-05
3.689343e+01,3.799999e+00,1.444000e-09,1.500000e-05
3.691243e+01,3.799999e+00,1.444000e-09,1.500000e-05
3.693143e+01,3.799999e+00,1.444000e-09,1.500000e-05
3.695043e+01,3.799999e+00,1.444000e-09,1.500000e-05
3.696943e+01,3.799999e+00,1.444000e-09,1.500000e-05
3.698843e+01,3.799999e+00,1.444000e-09,1.500000e-05
3.700743e+01,3.799999e+00,1.444000e-09,1.500000e-05
3.702643e+01,3.799999e+00,1.444000e-09,1.500000e-05
3.704543e+01,3.799999e+00,1.444000e-09,1.500000e-05
3.706443e+01,3.799999e+00,1.444000e-09,1.500000e-05
3.708343e+01,3.799999e+00,1.444000e-09,1.500000e-05
3.710243e+01,3.799999e+00,1.444000e-09,1.500000e-05
3.712143e+01,3.799999e+00,1.444000e-09,1.500000e-05
3.714043e+01,3.799999e+00,1.444000e-09,1.500000e-05
3.715943e+01,3.799999e+00,1.444000e-09,1.500000e-05
3.717843e+01,3.799999e+00,1.444000e-09,1.500000e-05
3.719743e+01,3.799999e+00,1.444000e-09,1.500000e-05
3.721643e+01,3.799999e+00,1.444000e-09,1.500000e-05
3.723543e+01,3.799999e+00,1.444000e-09,1.500000e-05
3.725443e+01,3.799999e+00,1.444000e-09,1.500000e-05
3.727343e+01,3.799999e+00,1.444000e-09,1.500000e-05
3.729243e+01,3.799999e+00,1.444000e-09,1.500000e-05
3.731143e+01,3.799999e+00,1.444000e-09,1.500000e-05
3.733043e+01,3.799999e+00,1.444000e-09,1.500000e-05
3.734943e+01,3.799999e+00,1.444000e-09,1.500000e-05
3.736843e+01,3.799999e+00,1.444000e-09,1.500000e-05
3.738743e+01,3.799999e+00,1.444000e-09,1.500000e-05
3.740643e+01,3.799999e+00,1.444000e-09,1.500000e-05
3.742543e+01,3.799999e+00,1.444000e-09,1.500000e-05
3.744443e+01,3.799999e+00,1.444000e-09,1.500000e-05
3.746343e+01,3.799999e+00,1.444000e-09,1.500000e-05
3.748243e+01,3.799999e+00,1.444000e-09,1.500000e-05
3.750143e+01,3.799999e+00,1.444000e-09,1.500000e-05
3.752043e+01,3.799999e+00,1.444000e-09,1.500000e-05
3.753943e+01,3.799999e+00,1.444000e-09,1.500000e-05
3.755843e+01,3.799999e+00,1.444000e-09,1.500000e-05
3.757743e+01,3.799999e+00,1.444000e-09,1.500000e-05
3.759643e+01,3.799999e+00,1.444000e-09,1.500000e-05
3.761543e+01,3.799999e+00,1.444000e-09,1.500000e-05
3.763443e+01,3.799999e+00,1.444000e-09,1.500000e-05
3.765343e+01,3.799999e+00,1.444000e-09,1.500000e-05
3.767243e+01,3.799999e+00,1.444000e-09,1.500000e-05
3.769143e+01,3.799999e+00,1.444000e-09,1.500000e-05
3.771043e+01,3.799999e+00,1.444000e-09,1.500000e-05
3.772943e+01,3.799999e+00,1.444000e-09,1.500000e-05
3.774843e+01,3.799999e+00,1.444000e-09,1.500000e-05
3.776743e+01,3.799999e+00,1.444000e-09,1.500000e-05
3.778643e+01,3.799999e+00,1.444000e-09,1.500000e-05
3.780543e+01,3.799999e+00,1.444000e-09,1.500000e-05
3.782443e+01,3.799999e+00,1.444000e-09,1.500000e-05
3.784343e+01,3.799999e+00,1.444000e-09,1.500000e-05
3.786243e+01,3.799999e+00,1.444000e-09,1.500000e-05
3.788143e+01,3.799999e+00,1.444000e-09,1.500000e-05
3.790043e+01,3.799999e+00,1.444000e-09,1.500000e-05
3.791943e+01,3.799999e+00,1.444000e-09,1.500000e-05
3.793843e+01,3.799999e+00,1.444000e-09,1.500000e-05
3.795743e+01,3.799999e+00,1.444000e-09,1.500000e-05
3.797643e+01,3.799999e+00,1.444000e-09,1.500000e-05
3.799543e+01,3.799999e+00,1.444000e-09,1.500000e-05
3.801443e+01,3.799999e+00,1.444000e-09,1.500000e-05
3.803343e+01,3.799999e+00,1.444000e-09,1.500000e-05
3.805243e+01,3.799999e+00,1.444000e-09,1.500000e-05
3.807143e+01,3.799999e+00,1.444000e-09,1.500000e-05
3.809043e+01,3.799999e+00,1.444000e-09,1.500000e-05
3.810943e+01,3.799999e+00,1.444000e-09,1.500000e-05
3.812843e+01,3.799999e+00,1.444000e-09,1.500000e-05
3.814743e+01,3.799999e+00,1.444000e-09,1.500000e-05
3.816643e+01,3.799999e+00,1.444000e-09,1.500000e-05
3.818543e+01,3.799999e+00,1.444000e-09,1.500000e-05
3.820443e+01,3.799999e+00,1.444000e-09,1.500000e-05
3.822343e+01,3.799999e+00,1.444000e-09,1.500000e-05
3.824243e+01,3.799999e+00,1.444000e-09,1.500000e-05
3.826143e+01,3.799999e+00,1.444000e-09,1.500000e-05
3.828043e+01,3.799999e+00,1.444000e-09,1.500000e-05
3.829943e+01,3.799999e+00,1.444000e-09,1.500000e-05
3.831843e+01,3.799999e+00,1.444000e-09,1.500000e-05
3.833743e+01,3.799999e+00,1.444000e-09,1.500000e-05
3.835643e+01,3.799999e+00,1.444000e-09,1.500000e-05
3.837543e+01,3.799999e+00,1.444000e-09,1.500000e-05
3.839443e+01,3.799999e+00,1.444000e-09,1.500000e-05
3.841343e+01,3.799999e+00,1.444000e-09,1.500000e-05
3.843243e+01,3.799999e+00,1.444000e-09,1.500000e-05
3.845143e+01,3.799999e+00,1.444000e-09,1.500000e-05
3.847043e+01,3.799999e+00,1.444000e-09,1.500000e-05
3.848943e+01,3.799999e+00,1.444000e-09,1.500000e-05
3.850843e+01,3.799999e+00,1.444000e-09,1.500000e-05
3.852743e+01,3.799999e+00,1.444000e-09,1.500000e-05
3.854643e+01,3.799999e+00,1.444000e-09,1.500000e-05
3.856543e+01,3.799999e+00,1.444000e-09,1.500000e-05
3.858443e+01,3.799999e+00,1.444000e-09,1.500000e-05
3.860343e+01,3.799999e+00,1.444000e-09,1.500000e-05
3.862243e+01,3.799999e+00,1.444000e-09,1.500000e-05
3.864143e+01,3.799999e+00,1.444000e-09,1.500000e-05
3.866043e+01,3.799999e+00,1.444000e-09,1.500000e-05
3.867943e+01,3.799999e+00,1.444000e-09,1.500000e-05
3.869843e+01,3.799999e+00,1.444000e-09,1.500000e-05
3.871743e+01,3.799999e+00,1.444000e-09,1.500000e-05
3.873643e+01,3.799999e+00,1.444000e-09,1.500000e-05
3.875543e+01,3.799999e+00,1.444000e-09,1.500000e-05
3.877443e+01,3.799999e+00,1.444000e-09,1.500000e-05
3.879343e+01,3.799999e+00,1.444000e-09,1.500000e-05
3.881243e+01,3.799999e+00,1.444000e-09,1.500000e-05
3.883143e+01,3.799999e+00,1.444000e-09,1.500000e-05
3.885043e+01,3.799999e+00,1.444000e-09,1.500000e-05
3.886943e+01,3.799999e+00,1.444000e-09,1.500000e-05
3.888843e+01,3.799999e+00,1.444000e-09,1.500000e-05
3.890743e+01,3.799999e+00,1.444000e-09,1.500000e-05
3.892643e+01,3.799999e+00,1.444000e-09,1.500000e-05
3.894543e+01,3.799999e+00,1.444000e-09,1.500000e-05
3.896443e+01,3.799999e+00,1.444000e-09,1.500000e-05
3.898343e+01,3.799999e+00,1.444000e-09,1.500000e-05
3.900243e+01,3.799999e+00,1.444000e-09,1.500000e-05
3.902143e+01,3.799999e+00,1.444000e-09,1.500000e-05
3.904043e+01,3.799999e+00,1.444000e-09,1.500000e-05
3.905943e+01,3.799999e+00,1.444000e-09,1.500000e-05
3.907843e+01,3.799999e+00,1.444000e-09,1.500000e-05
3.909743e+01,3.799999e+00,1.444000e-09,1.500000e-05
3.911643e+01,3.799999e+00,1.444000e-09,1.500000e-05
3.913543e+01,3.799999e+00,1.444000e-09,1.500000e-05
3.915443e+01,3.799999e+00,1.444000e-09,1.500000e-05
3.917343e+01,3.799999e+00,1.444000e-09,1.500000e-05
3.919243e+01,3.799999e+00,1.444000e-09,1.500000e-05
3.921143e+01,3.799999e+00,1.444000e-09,1.500000e-05
3.923043e+01,3.799999e+00,1.444000e-09,1.500000e-05
3.924943e+01,3.799999e+00,1.444000e-09,1.500000e-05
3.926843e+01,3.799999e+00,1.444000e-09,1.500000e-05
3.928743e+01,3.799999e+00,1.444000e-09,1.500000e-05
3.930643e+01,3.799999e+00,1.444000e-09,1.500000e-05
3.932543e+01,3.799999e+00,1.444000e-09,1.500000e-05
3.934443e+01,3.799999e+00,1.444000e-09,1.500000e-05
3.936343e+01,3.799999e+00,1.444000e-09,1.500000e-05
3.938243e+01,3.799999e+00,1.444000e-09,1.500000e-05
3.940143e+01,3.799999e+00,1.444000e-09,1.500000e-05
3.942043e+01,3.799999e+00,1.444000e-09,1.500000e-05
3.943943e+01,3.799999e+00,1.444000e-09,1.500000e-05
3.945843e+01,3.799999e+00,1.444000e-09,1.500000e-05
3.947743e+01,3.799999e+00,1.444000e-09,1.500000e-05
3.949643e+01,3.799999e+00,1.444000e-09,1.500000e-05
3.951543e+01,3.799999e+00,1.444000e-09,1.500000e-05
3.953443e+01,3.799999e+00,1.444000e-09,1.500000e-05
3.955343e+01,3.799999e+00,1.444000e-09,1.500000e-05
3.957243e+01,3.799999e+00,1.444000e-09,1.500000e-05
3.959143e+01,3.799999e+00,1.444000e-09,1.500000e-05
3.961043e+01,3.799999e+00,1.444000e-09,1.500000e-05
3.962943e+01,3.799999e+00,1.444000e-09,1.500000e-05
3.964843e+01,3.799999e+00,1.444000e-09,1.500000e-05
3.966743e+01,3.799999e+00,1.444000e-09,1.500000e-05
3.968643e+01,3.799999e+00,1.444000e-09,1.500000e-05
3.970543e+01,3.799999e+00,1.444000e-09,1.500000e-05
3.972443e+01,3.799999e+00,1.444000e-09,1.500000e-05
3.974343e+01,3.799999e+00,1.444000e-09,1.500000e-05
3.976243e+01,3.799999e+00,1.444000e-09,1.500000e-05
3.978143e+01,3.799999e+00,1.444000e-09,1.500000e-05
3.980043e+01,3.799999e+00,1.444000e-09,1.500000e-05
3.981943e+01,3.799999e+00,1.444000e-09,1.500000e-05
3.983843e+01,3.799999e+00,1.444000e-09,1.500000e-05
3.985743e+01,3.799999e+00,1.444000e-09,1.500000e-05
3.987643e+01,3.799999e+00,1.444000e-09,1.500000e-05
3.989543e+01,3.799999e+00,1.444000e-09,1.500000e-05
3.991443e+01,3.799999e+00,1.444000e-09,1.500000e-05
3.993343e+01,3.799999e+00,1.444000e-09,1.500000e-05
3.995243e+01,3.799999e+00,1.444000e-09,1.500000e-05
3.997143e+01,3.799999e+00,1.444000e-09,1.500000e-05
3.999043e+01,3.799999e+00,1.444000e-09,1.500000e-05
4.000943e+01,3.799999e+00,1.444000e-09,1.500000e-05
4.002843e+01,3.799999e+00,1.444000e-09,1.500000e-05
4.004743e+01,3.799999e+00,1.444000e-09,1.500000e-05
4.006643e+01,3.799999e+00,1.444000e-09,1.500000e-05
4.008543e+01,3.799999e+00,1.444000e-09,1.500000e-05
4.010443e+01,3.799999e+00,1.444000e-09,1.500000e-05
4.012343e+01,3.799999e+00,1.444000e-09,1.500000e-05
4.014243e+01,3.799999e+00,1.444000e-09,1.500000e-05
4.016143e+01,3.799999e+00,1.444000e-09,1.500000e-05
4.018043e+01,3.799999e+00,1.444000e-09,1.500000e-05
4.019943e+01,3.799999e+00,1.444000e-09,1.500000e-05
4.021843e+01,3.799999e+00,1.444000e-09,1.500000e-05
4.023743e+01,3.799999e+00,1.444000e-09,1.500000e-05
4.025643e+01,3.799999e+00,1.444000e-09,1.500000e-05
4.027543e+01,3.799999e+00,1.444000e-09,1.500000e-05
4.029443e+01,3.799999e+00,1.444000e-09,1.500000e-05
4.031343e+01,3.799999e+00,1.444000e-09,1.500000e-05
4.033243e+01,3.799999e+00,1.444000e-09,1.500000e-05
4.035143e+01,3.799999e+00,1.444000e-09,1.500000e-05
4.037043e+01,3.799999e+00,1.444000e-09,1.500000e-05
4.038943e+01,3.799999e+00,1.444000e-09,1.500000e-05
4.040843e+01,3.799999e+00,1.444000e-09,1.500000e-05
4.042743e+01,3.799999e+00,1.444000e-09,1.500000e-05
4.044643e+01,3.799999e+00,1.444000e-09,1.500000e-05
4.046543e+01,3.799999e+00,1.444000e-09,1.500000e-05
4.048443e+01,3.799999e+00,1.444000e-09,1.500000e-05
4.050343e+01,3.799999e+00,1.444000e-09,1.500000e-05
4.052243e+01,3.799999e+00,1.444000e-09,1.500000e-05
4.054143e+01,3.799999e+00,1.444000e-09,1.500000e-05
4.056043e+01,3.799999e+00,1.444000e-09,1.500000e-05
4.057943e+01,3.799999e+00,1.444000e-09,1.500000e-05
4.059843e+01,3.799999e+00,1.444000e-09,1.500000e-05
4.061743e+01,3.799999e+00,1.444000e-09,1.500000e-05
4.063643e+01,3.799999e+00,1.444000e-09,1.500000e-05
4.065543e+01,3.799999e+00,1.444000e-09,1.500000e-05
4.067443e+01,3.799999e+00,1.444000e-09,1.500000e-05
4.069343e+01,3.799999e+00,1.444000e-09,1.500000e-05
4.071243e+01,3.799999e+00,1.444000e-09,1.500000e-05
4.073143e+01,3.799999e+00,1.444000e-09,1.500000e-05
4.075043e+01,3.799999e+00,1.444000e-09,1.500000e-05
4.076943e+01,3.799999e+00,1.444000e-09,1.500000e-05
4.078843e+01,3.799999e+00,1.444000e-09,1.500000e-05
4.080743e+01,3.799999e+00,1.444000e-09,1.500000e-05
4.082643e+01,3.799999e+00,1.444000e-09,1.500000e-05
4.084543e+01,3.799999e+00,1.444000e-09,1.500000e-05
4.086443e+01,3.799999e+00,1.444000e-09,1.500000e-05
4.088343e+01,3.799999e+00,1.444000e-09,1.500000e-05
4.090243e+01,3.799999e+00,1.444000e-09,1.500000e-05
4.092143e+01,3.799999e+00,1.444000e-09,1.500000e-05
4.094043e+01,3.799999e+00,1.444000e-09,1.500000e-05
4.095943e+01,3.799999e+00,1.444000e-09,1.500000e-05
4.097843e+01,3.799999e+00,1.444000e-09,1.500000e-05
4.099743e+01,3.799999e+00,1.444000e-09,1.500000e-05
4.101643e+01,3.799999e+00,1.444000e-09,1.500000e-05
4.103543e+01,3.799999e+00,1.444000e-09,1.500000e-05
4.105443e+01,3.799999e+00,1.444000e-09,1.500000e-05
4.107343e+01,3.799999e+00,1.444000e-09,1.500000e-05
4.109243e+01,3.799999e+00,1.444000e-09,1.500000e-05
4.111143e+01,3.799999e+00,1.444000e-09,1.500000e-05
4.113043e+01,3.799999e+00,1.444000e-09,1.500000e-05
4.114943e+01,3.799999e+00,1.444000e-09,1.500000e-05
4.116843e+01,3.799999e+00,1.444000e-09,1.500000e-05
4.118743e+01,3.799999e+00,1.444000e-09,1.500000e-05
4.120643e+01,3.799999e+00,1.444000e-09,1.500000e-05
4.122543e+01,3.799999e+00,1.444000e-09,1.500000e-05
4.124443e+01,3.799999e+00,1.444000e-09,1.500000e-05
4.126343e+01,3.799999e+00,1.444000e-09,1.500000e-05
4.128243e+01,3.799999e+00,1.444000e-09,1.500000e-05
4.130143e+01,3.799999e+00,1.444000e-09,1.500000e-05
4.132043e+01,3.799999e+00,1.444000e-09,1.500000e-05
4.133943e+01,3.799999e+00,1.444000e-09,1.500000e-05
4.135843e+01,3.799999e+00,1.444000e-09,1.500000e-05
4.137743e+01,3.799999e+00,1.444000e-09,1.500000e-05
4.139643e+01,3.799999e+00,1.444000e-09,1.500000e-05
4.141543e+01,3.799999e+00,1.444000e-09,1.500000e-05
4.143443e+01,3.799999e+00,1.444000e-09,1.500000e-05
4.145343e+01,3.799999e+00,1.444000e-09,1.500000e-05
4.147243e+01,3.799999e+00,1.444000e-09,1.500000e-05
4.149143e+01,3.799999e+00,1.444000e-09,1.500000e-05
4.151043e+01,3.799999e+00,1.444000e-09,1.500000e-05
4.152943e+01,3.799999e+00,1.444000e-09,1.500000e-05
4.154843e+01,3.799999e+00,1.444000e-09,1.500000e-05
4.156743e+01,3.799999e+00,1.444000e-09,1.500000e-05
4.158643e+01,3.799999e+00,1.444000e-09,1.500000e-05
4.160543e+01,3.799999e+00,1.444000e-09,1.500000e-05
4.162443e+01,3.799999e+00,1.444000e-09,1.500000e-05
4.164343e+01,3.799999e+00,1.444000e-09,1.500000e-05
4.166243e+01,3.799999e+00,1.444000e-09,1.500000e-05
4.168143e+01,3.799999e+00,1.444000e-09,1.500000e-05
4.170043e+01,3.799999e+00,1.444000e-09,1.500000e-05
4.171943e+01,3.799999e+00,1.444000e-09,1.500000e-05
4.173843e+01,3.799999e+00,1.444000e-09,1.500000e-05
4.175743e+01,3.799999e+00,1.444000e-09,1.500000e-05
4.177643e+01,3.799999e+00,1.444000e-09,1.500000e-05
4.179543e+01,3.799999e+00,1.444000e-09,1.500000e-05
4.181443e+01,3.799999e+00,1.444000e-09,1.500000e-05
4.183343e+01,3.799999e+00,1.444000e-09,1.500000e-05
4.185243e+01,3.799999e+00,1.444000e-09,1.500000e-05
4.187143e+01,3.799999e+00,1.444000e-09,1.500000e-05
4.189043e+01,3.799999e+00,1.444000e-09,1.500000e-05
4.190943e+01,3.799999e+00,1.444000e-09,1.500000e-05
4.192843e+01,3.799999e+00,1.444000e-09,1.500000e-05
4.194743e+01,3.799999e+00,1.444000e-09,1.500000e-05
4.196643e+01,3.799999e+00,1.444000e-09,1.500000e-05
4.198543e+01,3.799999e+00,1.444000e-09,1.500000e-05
4.200443e+01,3.799999e+00,1.444000e-09,1.500000e-05
4.202343e+01,3.799999e+00,1.444000e-09,1.500000e-05
4.204243e+01,3.799999e+00,1.444000e-09,1.500000e-05
4.206143e+01,3.799999e+00,1.444000e-09,1.500000e-05
4.208043e+01,3.799999e+00,1.444000e-09,1.500000e-05
4.209943e+01,3.799999e+00,1.444000e-09,1.500000e-05
4.211843e+01,3.799999e+00,1.444000e-09,1.500000e-05
4.213743e+01,3.799999e+00,1.444000e-09,1.500000e-05
4.215643e+01,3.799999e+00,1.444000e-09,1.500000e-05
4.217543e+01,3.799999e+00,1.444000e-09,1.500000e-05
4.219443e+01,3.799999e+00,1.444000e-09,1.500000e-05
4.221343e+01,3.799999e+00,1.444000e-09,1.500000e-05
4.223243e+01,3.799999e+00,1.444000e-09,1.500000e-05
4.225143e+01,3.799999e+00,1.444000e-09,1.500000e-05
4.227043e+01,3.799999e+00,1.444000e-09,1.500000e-05
4.228943e+01,3.799999e+00,1.444000e-09,1.500000e-05
4.230843e+01,3.799999e+00,1.444000e-09,1.500000e-05
4.232743e+01,3.799999e+00,1.444000e-09,1.500000e-05
4.234643e+01,3.799999e+00,1.444000e-09,1.500000e-05
4.236543e+01,3.799999e+00,1.444000e-09,1.500000e-05
4.238443e+01,3.799999e+00,1.444000e-09,1.500000e-05
4.240343e+01,3.799999e+00,1.444000e-09,1.500000e-05
4.242243e+01,3.799999e+00,1.444000e-09,1.500000e-05
4.244143e+01,3.799999e+00,1.444000e-09,1.500000e-05
4.246043e+01,3.799999e+00,1.444000e-09,1.500000e-05
4.247943e+01,3.799999e+00,1.444000e-09,1.500000e-05
4.249843e+01,3.799999e+00,1.444000e-09,1.500000e-05
4.251743e+01,3.799999e+00,1.444000e-09,1.500000e-05
4.253643e+01,3.799999e+00,1.444000e-09,1.500000e-05
4.255543e+01,3.799999e+00,1.444000e-09,1.500000e-05
4.257443e+01,3.799999e+00,1.444000e-09,1.500000e-05
4.259343e+01,3.799999e+00,1.444000e-09,1.500000e-05
4.261243e+01,3.799999e+00,1.444000e-09,1.500000e-05
4.263143e+01,3.799999e+00,1.444000e-09,1.500000e-05
4.265043e+01,3.799999e+00,1.444000e-09,1.500000e-05
4.266943e+01,3.799999e+00,1.444000e-09,1.500000e-05
4.268843e+01,3.799999e+00,1.444000e-09,1.500000e-05
4.270743e+01,3.799999e+00,1.444000e-09,1.500000e-05
4.272643e+01,3.799999e+00,1.444000e-09,1.500000e-05
4.274543e+01,3.799999e+00,1.444000e-09,1.500000e-05
4.276443e+01,3.799999e+00,1.444000e-09,1.500000e-05
4.278343e+01,3.799999e+00,1.444000e-09,1.500000e-05
4.280243e+01,3.799999e+00,1.444000e-09,1.500000e-05
4.282143e+01,3.799999e+00,1.444000e-09,1.500000e-05
4.284043e+01,3.799999e+00,1.444000e-09,1.500000e-05
4.285943e+01,3.799999e+00,1.444000e-09,1.500000e-05
4.287843e+01,3.799999e+00,1.444000e-09,1.500000e-05
4.289743e+01,3.799999e+00,1.444000e-09,1.500000e-05
4.291643e+01,3.799999e+00,1.444000e-09,1.500000e-05
4.293543e+01,3.799999e+00,1.444000e-09,1.500000e-05
4.295443e+01,3.799999e+00,1.444000e-09,1.500000e-05
4.297343e+01,3.799999e+00,1.444000e-09,1.500000e-05
4.299243e+01,3.799999e+00,1.444000e-09,1.500000e-05
4.301143e+01,3.799999e+00,1.444000e-09,1.500000e-05
4.303043e+01,3.799999e+00,1.444000e-09,1.500000e-05
4.304943e+01,3.799999e+00,1.444000e-09,1.500000e-05
4.306843e+01,3.799999e+00,1.444000e-09,1.500000e-05
4.308743e+01,3.799999e+00,1.444000e-09,1.500000e-05
4.310643e+01,3.799999e+00,1.444000e-09,1.500000e-05
4.312543e+01,3.799999e+00,1.444000e-09,1.500000e-05
4.314443e+01,3.799999e+00,1.444000e-09,1.500000e-05
4.316343e+01,3.799999e+00,1.444000e-09,1.500000e-05
4.318243e+01,3.799999e+00,1.444000e-09,1.500000e-05
4.320143e+01,3.799999e+00,1.444000e-09,1.500000e-05
4.322043e+01,3.799999e+00,1.444000e-09,1.500000e-05
4.323943e+01,3.799999e+00,1.444000e-09,1.500000e-05
4.325843e+01,3.799999e+00,1.444000e-09,1.500000e-05
4.327743e+01,3.799999e+00,1.444000e-09,1.500000e-05
4.329643e+01,3.799999e+00,1.444000e-09,1.500000e-05
4.331543e+01,3.799999e+00,1.444000e-09,1.500000e-05
4.333443e+01,3.799999e+00,1.444000e-09,1.500000e-05
4.335343e+01,3.799999e+00,1.444000e-09,1.500000e-05
4.337243e+01,3.799999e+00,1.444000e-09,1.500000e-05
4.339143e+01,3.799999e+00,1.444000e-09,1.500000e-05
4.341043e+01,3.799999e+00,1.444000e-09,1.500000e-05
4.342943e+01,3.799999e+00,1.444000e-09,1.500000e-05
4.344843e+01,3.799999e+00,1.444000e-09,1.500000e-05
4.346743e+01,3.799999e+00,1.444000e-09,1.500000e-05
4.348643e+01,3.799999e+00,1.444000e-09,1.500000e-05
4.350543e+01,3.799999e+00,1.444000e-09,1.500000e-05
4.352443e+01,3.799999e+00,1.444000e-09,1.500000e-05
4.354343e+01,3.799999e+00,1.444000e-09,1.500000e-05
4.356243e+01,3.799999e+00,1.444000e-09,1.500000e-05
4.358143e+01,3.799999e+00,1.444000e-09,1.500000e-05
4.360043e+01,3.799999e+00,1.444000e-09,1.500000e-05
4.361943e+01,3.799999e+00,1.444000e-09,1.500000e-05
4.363843e+01,3.799999e+00,1.444000e-09,1.500000e-05
4.365743e+01,3.799999e+00,1.444000e-09,1.500000e-05
4.367643e+01,3.799999e+00,1.444000e-09,1.500000e-05
4.369543e+01,3.799999e+00,1.444000e-09,1.500000e-05
4.371443e+01,3.799999e+00,1.444000e-09,1.500000e-05
4.373343e+01,3.799999e+00,1.444000e-09,1.500000e-05
4.375243e+01,3.799999e+00,1.444000e-09,1.500000e-05
4.377143e+01,3.799999e+00,1.444000e-09,1.500000e-05
4.379043e+01,3.799999e+00,1.444000e-09,1.500000e-05
4.380943e+01,3.799999e+00,1.444000e-09,1.500000e-05
4.382843e+01,3.799999e+00,1.444000e-09,1.500000e-05
4.384743e+01,3.799999e+00,1.444000e-09,1.500000e-05
4.386643e+01,3.799999e+00,1.444000e-09,1.500000e-05
4.388543e+01,3.799999e+00,1.444000e-09,1.500000e-05
4.390443e+01,3.799999e+00,1.444000e-09,1.500000e-05
4.392343e+01,3.799999e+00,1.444000e-09,1.500000e-05
4.394243e+01,3.799999e+00,1.444000e-09,1.500000e-05
4.396143e+01,3.799999e+00,1.444000e-09,1.500000e-05
4.398043e+01,3.799999e+00,1.444000e-09,1.500000e-05
4.399943e+01,3.799999e+00,1.444000e-09,1.500000e-05
4.401843e+01,3.799999e+00,1.444000e-09,1.500000e-05
4.403743e+01,3.799999e+00,1.444000e-09,1.500000e-05
4.405643e+01,3.799999e+00,1.444000e-09,1.500000e-05
4.407543e+01,3.799999e+00,1.444000e-09,1.500000e-05
4.409443e+01,3.799999e+00,1.444000e-09,1.500000e-05
4.411343e+01,3.799999e+00,1.444000e-09,1.500000e-05
4.413243e+01,3.799999e+00,1.444000e-09,1.500000e-05
4.415143e+01,3.799999e+00,1.444000e-09,1.500000e-05
4.417043e+01,3.799999e+00,1.444000e-09,1.500000e-05
4.418943e+01,3.799999e+00,1.444000e-09,1.500000e-05
4.420843e+01,3.799999e+00,1.444000e-09,1.500000e-05
4.422743e+01,3.799999e+00,1.444000e-09,1.500000e-05
4.424643e+01,3.799999e+00,1.444000e-09,1.500000e-05
4.426543e+01,3.799999e+00,1.444000e-09,1.500000e-05
4.428443e+01,3.799999e+00,1.444000e-09,1.500000e-05
4.430343e+01,3.799999e+00,1.444000e-09,1.500000e-05
4.432243e+01,3.799999e+00,1.444000e-09,1.500000e-05
4.434143e+01,3.799999e+00,1.444000e-09,1.500000e-05
4.436043e+01,3.799999e+00,1.444000e-09,1.500000e-05
4.437943e+01,3.799999e+00,1.444000e-09,1.500000e-05
4.439843e+01,3.799999e+00,1.444000e-09,1.500000e-05
4.441743e+01,3.799999e+00,1.444000e-09,1.500000e-05
4.443643e+01,3.799999e+00,1.444000e-09,1.500000e-05
4.445543e+01,3.799999e+00,1.444000e-09,1.500000e-05
4.447443e+01,3.799999e+00,1.444000e-09,1.500000e-05
4.449343e+01,3.799999e+00,1.444000e-09,1.500000e-05
4.451243e+01,3.799999e+00,1.444000e-09,1.500000e-05
4.453143e+01,3.799999e+00,1.444000e-09,1.500000e-05
4.455043e+01,3.799999e+00,1.444000e-09,1.500000e-05
4.456943e+01,3.799999e+00,1.444000e-09,1.500000e-05
4.458843e+01,3.799999e+00,1.444000e-09,1.500000e-05
4.460743e+01,3.799999e+00,1.444000e-09,1.500000e-05
4.462643e+01,3.799999e+00,1.444000e-09,1.500000e-05
4.464543e+01,3.799999e+00,1.444000e-09,1.500000e-05
4.466443e+01,3.799999e+00,1.444000e-09,1.500000e-05
4.468343e+01,3.799999e+00,1.444000e-09,1.500000e-05
4.470243e+01,3.799999e+00,1.444000e-09,1.500000e-05
4.472143e+01,3.799999e+00,1.444000e-09,1.500000e-05
4.474043e+01,3.799999e+00,1.444000e-09,1.500000e-05
4.475943e+01,3.799999e+00,1.444000e-09,1.500000e-05
4.477843e+01,3.799999e+00,1.444000e-09,1.500000e-05
4.479743e+01,3.799999e+00,1.444000e-09,1.500000e-05
4.481643e+01,3.799999e+00,1.444000e-09,1.500000e-05
4.483543e+01,3.799999e+00,1.444000e-09,1.500000e-05
4.485443e+01,3.799999e+00,1.444000e-09,1.500000e-05
4.487343e+01,3.799999e+00,1.444000e-09,1.500000e-05
4.489243e+01,3.799999e+00,1.444000e-09,1.500000e-05
4.491143e+01,3.799999e+00,1.444000e-09,1.500000e-05
4.493043e+01,3.799999e+00,1.444000e-09,1.500000e-05
4.494943e+01,3.799999e+00,1.444000e-09,1.500000e-05
4.496843e+01,3.799999e+00,1.444000e-09,1.500000e-05
4.498743e+01,3.799999e+00,1.444000e-09,1.500000e-05
4.500643e+01,3.799999e+00,1.444000e-09,1.500000e-05
4.502543e+01,3.799999e+00,1.444000e-09,1.500000e-05
4.504443e+01,3.799999e+00,1.444000e-09,1.500000e-05
4.506343e+01,3.799999e+00,1.444000e-09,1.500000e-05
4.508243e+01,3.799999e+00,1.444000e-09,1.500000e-05
4.510143e+01,3.799999e+00,1.444000e-09,1.500000e-05
4.512043e+01,3.799999e+00,1.444000e-09,1.500000e-05
4.513943e+01,3.799999e+00,1.444000e-09,1.500000e-05
4.515843e+01,3.799999e+00,1.444000e-09,1.500000e-05
4.517743e+01,3.799999e+00,1.444000e-09,1.500000e-05
4.519643e+01,3.799999e+00,1.444000e-09,1.500000e-05
4.521543e+01,3.799999e+00,1.444000e-09,1.500000e-05
4.523443e+01,3.799999e+00,1.444000e-09,1.500000e-05
4.525343e+01,3.799999e+00,1.444000e-09,1.500000e-05
4.527243e+01,3.799999e+00,1.444000e-09,1.500000e-05
4.529143e+01,3.799999e+00,1.444000e-09,1.500000e-05
4.531043e+01,3.799999e+00,1.444000e-09,1.500000e-05
4.532943e+01,3.799999e+00,1.444000e-09,1.500000e-05
4.534843e+01,3.799999e+00,1.444000e-09,1.500000e-05
4.536743e+01,3.799999e+00,1.444000e-09,1.500000e-05
4.538643e+01,3.799999e+00,1.444000e-09,1.500000e-05
4.540543e+01,3.799999e+00,1.444000e-09,1.500000e-05
4.542443e+01,3.799999e+00,1.444000e-09,1.500000e-05
4.544343e+01,3.799999e+00,1.444000e-09,1.500000e-05
4.546243e+01,3.799999e+00,1.444000e-09,1.500000e-05
4.548143e+01,3.799999e+00,1.444000e-09,1.500000e-05
4.550043e+01,3.799999e+00,1.444000e-09,1.500000e-05
4.551943e+01,3.799999e+00,1.444000e-09,1.500000e-05
4.553843e+01,3.799999e+00,1.444000e-09,1.500000e-05
4.555743e+01,3.799999e+00,1.444000e-09,1.500000e-05
4.557643e+01,3.799999e+00,1.444000e-09,1.500000e-05
4.559543e+01,3.799999e+00,1.444000e-09,1.500000e-05
4.561443e+01,3.799999e+00,1.444000e-09,1.500000e-05
4.563343e+01,3.799999e+00,1.444000e-09,1.500000e-05
4.565243e+01,3.799999e+00,1.444000e-09,1.500000e-05
4.567143e+01,3.799999e+00,1.444000e-09,1.500000e-05
4.569043e+01,3.799999e+00,1.444000e-09,1.500000e-05
4.570943e+01,3.799999e+00,1.444000e-09,1.500000e-05
4.572843e+01,3.799999e+00,1.444000e-09,1.500000e-05
4.574743e+01,3.799999e+00,1.444000e-09,1.500000e-05
4.576643e+01,3.799999e+00,1.444000e-09,1.500000e-05
4.578543e+01,3.799999e+00,1.444000e-09,1.500000e-05
4.580443e+01,3.799999e+00,1.444000e-09,1.500000e-05
4.582343e+01,3.799999e+00,1.444000e-09,1.500000e-05
4.584243e+01,3.799999e+00,1.444000e-09,1.500000e-05
4.586143e+01,3.799999e+00,1.444000e-09,1.500000e-05
4.588043e+01,3.799999e+00,1.444000e-09,1.500000e-05
4.589943e+01,3.799999e+00,1.444000e-09,1.500000e-05
4.591843e+01,3.799999e+00,1.444000e-09,1.500000e-05
4.593743e+01,3.799999e+00,1.444000e-09,1.500000e-05
4.595643e+01,3.799999e+00,1.444000e-09,1.500000e-05
4.597543e+01,3.799999e+00,1.444000e-09,1.500000e-05
4.599443e+01,3.799999e+00,1.444000e-09,1.500000e-05
4.601343e+01,3.799999e+00,1.444000e-09,1.500000e-05
4.603243e+01,3.799999e+00,1.444000e-09,1.500000e-05
4.605143e+01,3.799999e+00,1.444000e-09,1.500000e-05
4.607043e+01,3.799999e+00,1.444000e-09,1.500000e-05
4.608943e+01,3.799999e+00,1.444000e-09,1.500000e-05
4.610843e+01,3.799999e+00,1.444000e-09,1.500000e-05
4.612743e+01,3.799999e+00,1.444000e-09,1.500000e-05
4.614643e+01,3.799999e+00,1.444000e-09,1.500000e-05
4.616543e+01,3.799999e+00,1.444000e-09,1.500000e-05
4.618443e+01,3.799999e+00,1.444000e-09,1.500000e-05
4.620343e+01,3.799999e+00,1.444000e-09,1.500000e-05
4.622243e+01,3.799999e+00,1.444000e-09,1.500000e-05
4.624143e+01,3.799999e+00,1.444000e-09,1.500000e-05
4.626043e+01,3.799999e+00,1.444000e-09,1.500000e-05
4.627943e+01,3.799999e+00,1.444000e-09,1.500000e-05
4.629843e+01,3.799999e+00,1.444000e-09,1.500000e-05
4.631743e+01,3.799999e+00,1.444000e-09,1.500000e-05
4.633643e+01,3.799999e+00,1.444000e-09,1.500000e-05
4.635543e+01,3.799999e+00,1.444000e-09,1.500000e-05
4.637443e+01,3.799999e+00,1.444000e-09,1.500000e-05
4.639343e+01,3.799999e+00,1.444000e-09,1.500000e-05
4.641243e+01,3.799999e+00,1.444000e-09,1.500000e-05
4.643143e+01,3.799999e+00,1.444000e-09,1.500000e-05
4.645043e+01,3.799999e+00,1.444000e-09,1.500000e-05
4.646943e+01,3.799999e+00,1.444000e-09,1.500000e-05
4.648843e+01,3.799999e+00,1.444000e-09,1.500000e-05
4.650743e+01,3.799999e+00,1.444000e-09,1.500000e-05
4.652643e+01,3.799999e+00,1.444000e-09,1.500000e-05
4.654543e+01,3.799999e+00,1.444000e-09,1.500000e-05
4.656443e+01,3.799999e+00,1.444000e-09,1.500000e-05
4.658343e+01,3.799999e+00,1.444000e-09,1.500000e-05
4.660243e+01,3.799999e+00,1.444000e-09,1.500000e-05
4.662143e+01,3.799999e+00,1.444000e-09,1.500000e-05
4.664043e+01,3.799999e+00,1.444000e-09,1.500000e-05
4.665943e+01,3.799999e+00,1.444000e-09,1.500000e-05
4.667843e+01,3.799999e+00,1.444000e-09,1.500000e-05
4.669743e+01,3.799999e+00,1.444000e-09,1.500000e-05
4.671643e+01,3.799999e+00,1.444000e-09,1.500000e-05
4.673543e+01,3.799999e+00,1.444000e-09,1.500000e-05
4.675443e+01,3.799999e+00,1.444000e-09,1.500000e-05
4.677343e+01,3.799999e+00,1.444000e-09,1.500000e-05
4.679243e+01,3.799999e+00,1.444000e-09,1.500000e-05
4.681143e+01,3.799999e+00,1.444000e-09,1.500000e-05
4.683043e+01,3.799999e+00,1.444000e-09,1.500000e-05
4.684943e+01,3.799999e+00,1.444000e-09,1.500000e-05
4.686843e+01,3.799999e+00,1.444000e-09,1.500000e-05
4.688743e+01,3.799999e+00,1.444000e-09,1.500000e-05
4.690643e+01,3.799999e+00,1.444000e-09,1.500000e-05
4.692543e+01,3.799999e+00,1.444000e-09,1.500000e-05
4.694443e+01,3.799999e+00,1.444000e-09,1.500000e-05
4.696343e+01,3.799999e+00,1.444000e-09,1.500000e-05
4.698243e+01,3.799999e+00,1.444000e-09,1.500000e-05
4.700143e+01,3.799999e+00,1.444000e-09,1.500000e-05
4.702043e+01,3.799999e+00,1.444000e-09,1.500000e-05
4.703943e+01,3.799999e+00,1.444000e-09,1.500000e-05
4.705843e+01,3.799999e+00,1.444000e-09,1.500000e-05
4.707743e+01,3.799999e+00,1.444000e-09,1.500000e-05
4.709643e+01,3.799999e+00,1.444000e-09,1.500000e-05
4.711543e+01,3.799999e+00,1.444000e-09,1.500000e-05
4.713443e+01,3.799999e+00,1.444000e-09,1.500000e-05
4.715343e+01,3.799999e+00,1.444000e-09,1.500000e-05
4.717243e+01,3.799999e+00,1.444000e-09,1.500000e-05
4.719143e+01,3.799999e+00,1.444000e-09,1.500000e-05
4.721043e+01,3.799999e+00,1.444000e-09,1.500000e-05
4.722943e+01,3.799999e+00,1.444000e-09,1.500000e-05
4.724843e+01,3.799999e+00,1.444000e-09,1.500000e-05
4.726743e+01,3.799999e+00,1.444000e-09,1.500000e-05
4.728643e+01,3.799999e+00,1.444000e-09,1.500000e-05
4.730543e+01,3.799999e+00,1.444000e-09,1.500000e-05
4.732443e+01,3.799999e+00,1.444000e-09,1.500000e-05
4.734343e+01,3.799999e+00,1.444000e-09,1.500000e-05
4.736243e+01,3.799999e+00,1.444000e-09,1.500000e-05
4.738143e+01,3.799999e+00,1.444000e-09,1.500000e-05
4.740043e+01,3.799999e+00,1.444000e-09,1.500000e-05
4.741943e+01,3.799999e+00,1.444000e-09,1.500000e-05
4.743843e+01,3.799999e+00,1.444000e-09,1.500000e-05
4.745743e+01,3.799999e+00,1.444000e-09,1.500000e-05
4.747643e+01,3.799999e+00,1.444000e-09,1.500000e-05
4.749543e+01,3.799999e+00,1.444000e-09,1.500000e-05
4.751443e+01,3.799999e+00,1.444000e-09,1.500000e-05
4.753343e+01,3.799999e+00,1.444000e-09,1.500000e-05
4.755243e+01,3.799999e+00,1.444000e-09,1.500000e-05
4.757143e+01,3.799999e+00,1.444000e-09,1.500000e-05
4.759043e+01,3.799999e+00,1.444000e-09,1.500000e-05
4.760943e+01,3.799999e+00,1.444000e-09,1.500000e-05
4.762843e+01,3.799999e+00,1.444000e-09,1.500000e-05
4.764743e+01,3.799999e+00,1.444000e-09,1.500000e-05
4.766643e+01,3.799999e+00,1.444000e-09,1.500000e-05
4.768543e+01,3.799999e+00,1.444000e-09,1.500000e-05
4.770443e+01,3.799999e+00,1.444000e-09,1.500000e-05
4.772343e+01,3.799999e+00,1.444000e-09,1.500000e-05
4.774243e+01,3.799999e+00,1.444000e-09,1.500000e-05
4.776143e+01,3.799999e+00,1.444000e-09,1.500000e-05
4.778043e+01,3.799999e+00,1.444000e-09,1.500000e-05
4.779943e+01,3.799999e+00,1.444000e-09,1.500000e-05
4.781843e+01,3.799999e+00,1.444000e-09,1.500000e-05
4.783743e+01,3.799999e+00,1.444000e-09,1.500000e-05
4.785643e+01,3.799999e+00,1.444000e-09,1.500000e-05
4.787543e+01,3.799999e+00,1.444000e-09,1.500000e-05
4.789443e+01,3.799999e+00,1.444000e-09,1.500000e-05
4.791343e+01,3.799999e+00,1.444000e-09,1.500000e-05
4.793243e+01,3.799999e+00,1.444000e-09,1.500000e-05
4.795143e+01,3.799999e+00,1.444000e-09,1.500000e-05
4.797043e+01,3.799999e+00,1.444000e-09,1.500000e-05
4.798943e+01,3.799999e+00,1.444000e-09,1.500000e-05
4.800843e+01,3.799999e+00,1.444000e-09,1.500000e-05
4.802743e+01,3.799999e+00,1.444000e-09,1.500000e-05
4.804643e+01,3.799999e+00,1.444000e-09,1.500000e-05
4.806543e+01,3.799999e+00,1.444000e-09,1.500000e-05
4.808443e+01,3.799999e+00,1.444000e-09,1.500000e-05
4.810343e+01,3.799999e+00,1.444000e-09,1.500000e-05
4.812243e+01,3.799999e+00,1.444000e-09,1.500000e-05
4.814143e+01,3.799999e+00,1.444000e-09,1.500000e-05
4.816043e+01,3.799999e+00,1.444000e-09,1.500000e-05
4.817943e+01,3.799999e+00,1.444000e-09,1.500000e-05
4.819843e+01,3.799999e+00,1.444000e-09,1.500000e-05
4.821743e+01,3.799999e+00,1.444000e-09,1.500000e-05
4.823643e+01,3.799999e+00,1.444000e-09,1.500000e-05
4.825543e+01,3.799999e+00,1.444000e-09,1.500000e-05
4.827443e+01,3.799999e+00,1.444000e-09,1.500000e-05
4.829343e+01,3.799999e+00,1.444000e-09,1.500000e-05
4.831243e+01,3.799999e+00,1.444000e-09,1.500000e-05
4.833143e+01,3.799999e+00,1.444000e-09,1.500000e-05
4.835043e+01,3.799999e+00,1.444000e-09,1.500000e-05
4.836943e+01,3.799999e+00,1.444000e-09,1.500000e-05
4.838843e+01,3.799999e+00,1.444000e-09,1.500000e-05
4.840743e+01,3.799999e+00,1.444000e-09,1.500000e-05
4.842643e+01,3.799999e+00,1.444000e-09,1.500000e-05
4.844543e+01,3.799999e+00,1.444000e-09,1.500000e-05
4.846443e+01,3.799999e+00,1.444000e-09,1.500000e-05
4.848343e+01,3.799999e+00,1.444000e-09,1.500000e-05
4.850243e+01,3.799999e+00,1.444000e-09,1.500000e-05
4.852143e+01,3.799999e+00,1.444000e-09,1.500000e-05
4.854043e+01,3.799999e+00,1.444000e-09,1.500000e-05
4.855943e+01,3.799999e+00,1.444000e-09,1.500000e-05
4.857843e+01,3.799999e+00,1.444000e-09,1.500000e-05
4.859743e+01,3.799999e+00,1.444000e-09,1.500000e-05
4.861643e+01,3.799999e+00,1.444000e-09,1.500000e-05
4.863543e+01,3.799999e+00,1.444000e-09,1.500000e-05
4.865443e+01,3.799999e+00,1.444000e-09,1.500000e-05
4.867343e+01,3.799999e+00,1.444000e-09,1.500000e-05
4.869243e+01,3.799999e+00,1.444000e-09,1.500000e-05
4.871143e+01,3.799999e+00,1.444000e-09,1.500000e-05
4.873043e+01,3.799999e+00,1.444000e-09,1.500000e-05
4.874943e+01,3.799999e+00,1.444000e-09,1.500000e-05
4.876843e+01,3.799999e+00,1.444000e-09,1.500000e-05
4.878743e+01,3.799999e+00,1.444000e-09,1.500000e-05
4.880643e+01,3.799999e+00,1.444000e-09,1.500000e-05
4.882543e+01,3.799999e+00,1.444000e-09,1.500000e-05
4.884443e+01,3.799999e+00,1.444000e-09,1.500000e-05
4.886343e+01,3.799999e+00,1.444000e-09,1.500000e-05
4.888243e+01,3.799999e+00,1.444000e-09,1.500000e-05
4.890143e+01,3.799999e+00,1.444000e-09,1.500000e-05
4.892043e+01,3.799999e+00,1.444000e-09,1.500000e-05
4.893943e+01,3.799999e+00,1.444000e-09,1.500000e-05
4.895843e+01,3.799999e+00,1.444000e-09,1.500000e-05
4.897743e+01,3.799999e+00,1.444000e-09,1.500000e-05
4.899643e+01,3.799999e+00,1.444000e-09,1.500000e-05
4.901543e+01,3.799999e+00,1.444000e-09,1.500000e-05
4.903443e+01,3.799999e+00,1.444000e-09,1.500000e-05
4.905343e+01,3.799999e+00,1.444000e-09,1.500000e-05
4.907243e+01,3.799999e+00,1.444000e-09,1.500000e-05
4.909143e+01,3.799999e+00,1.444000e-09,1.500000e-05
4.911043e+01,3.799999e+00,1.444000e-09,1.500000e-05
4.912943e+01,3.799999e+00,1.444000e-09,1.500000e-05
4.914843e+01,3.799999e+00,1.444000e-09,1.500000e-05
4.916743e+01,3.799999e+00,1.444000e-09,1.500000e-05
4.918643e+01,3.799999e+00,1.444000e-09,1.500000e-05
4.920543e+01,3.799999e+00,1.444000e-09,1.500000e-05
4.922443e+01,3.799999e+00,1.444000e-09,1.500000e-05
4.924343e+01,3.799999e+00,1.444000e-09,1.500000e-05
4.926243e+01,3.799999e+00,1.444000e-09,1.500000e-05
4.928143e+01,3.799999e+00,1.444000e-09,1.500000e-05
4.930043e+01,3.799999e+00,1.444000e-09,1.500000e-05
4.931943e+01,3.799999e+00,1.444000e-09,1.500000e-05
4.933843e+01,3.799999e+00,1.444000e-09,1.500000e-05
4.935743e+01,3.799999e+00,1.444000e-09,1.500000e-05
4.937643e+01,3.799999e+00,1.444000e-09,1.500000e-05
4.939543e+01,3.799999e+00,1.444000e-09,1.500000e-05
4.941443e+01,3.799999e+00,1.444000e-09,1.500000e-05
4.943343e+01,3.799999e+00,1.444000e-09,1.500000e-05
4.945243e+01,3.799999e+00,1.444000e-09,1.500000e-05
4.947143e+01,3.799999e+00,1.444000e-09,1.500000e-05
4.949043e+01,3.799999e+00,1.444000e-09,1.500000e-05
4.950943e+01,3.799999e+00,1.444000e-09,1.500000e-05
4.952843e+01,3.799999e+00,1.444000e-09,1.500000e-05
4.954743e+01,3.799999e+00,1.444000e-09,1.500000e-05
4.956643e+01,3.799999e+00,1.444000e-09,1.500000e-05
4.958543e+01,3.799999e+00,1.444000e-09,1.500000e-05
4.960443e+01,3.799999e+00,1.444000e-09,1.500000e-05
4.962343e+01,3.799999e+00,1.444000e-09,1.500000e-05
4.964243e+01,3.799999e+00,1.444000e-09,1.500000e-05
4.966143e+01,3.799999e+00,1.444000e-09,1.500000e-05
4.968043e+01,3.799999e+00,1.444000e-09,1.500000e-05
4.969943e+01,3.799999e+00,1.444000e-09,1.500000e-05
4.971843e+01,3.799999e+00,1.444000e-09,1.500000e-05
4.973743e+01,3.799999e+00,1.444000e-09,1.500000e-05
4.975643e+01,3.799999e+00,1.444000e-09,1.500000e-05
4.977543e+01,3.799999e+00,1.444000e-09,1.500000e-05
4.979443e+01,3.799999e+00,1.444000e-09,1.500000e-05
4.981343e+01,3.799999e+00,1.444000e-09,1.500000e-05
4.983243e+01,3.799999e+00,1.444000e-09,1.500000e-05
4.985143e+01,3.799999e+00,1.444000e-09,1.500000e-05
4.987043e+01,3.799999e+00,1.444000e-09,1.500000e-05
4.988943e+01,3.799999e+00,1.444000e-09,1.500000e-05
4.990843e+01,3.799999e+00,1.444000e-09,1.500000e-05
4.992743e+01,3.799999e+00,1.444000e-09,1.500000e-05
4.994643e+01,3.799999e+00,1.444000e-09,1.500000e-05
4.996543e+01,3.799999e+00,1.444000e-09,1.500000e-05
4.998443e+01,3.799999e+00,1.444000e-09,1.500000e-05
5.000343e+01,3.799999e+00,1.444000e-09,1.500000e-05
5.002243e+01,3.799999e+00,1.444000e-09,1.500000e-05
5.004143e+01,3.799999e+00,1.444000e-09,1.500000e-05
5.006043e+01,3.799999e+00,1.444000e-09,1.500000e-05
5.007943e+01,3.799999e+00,1.444000e-09,1.500000e-05
5.009843e+01,3.799999e+00,1.444000e-09,1.500000e-05
5.011743e+01,3.799999e+00,1.444000e-09,1.500000e-05
5.013643e+01,3.799999e+00,1.444000e-09,1.500000e-05
5.015543e+01,3.799999e+00,1.444000e-09,1.500000e-05
5.017443e+01,3.799999e+00,1.444000e-09,1.500000e-05
5.019343e+01,3.799999e+00,1.444000e-09,1.500000e-05
5.021243e+01,3.799999e+00,1.444000e-09,1.500000e-05
5.023143e+01,3.799999e+00,1.444000e-09,1.500000e-05
5.025043e+01,3.799999e+00,1.444000e-09,1.500000e-05
5.026943e+01,3.799999e+00,1.444000e-09,1.500000e-05
5.028843e+01,3.799999e+00,1.444000e-09,1.500000e-05
5.030743e+01,3.799999e+00,1.444000e-09,1.500000e-05
5.032643e+01,3.799999e+00,1.444000e-09,1.500000e-05
5.034543e+01,3.799999e+00,1.444000e-09,1.500000e-05
5.036443e+01,3.799999e+00,1.444000e-09,1.500000e-05
5.038343e+01,3.799999e+00,1.444000e-09,1.500000e-05
5.040243e+01,3.799999e+00,1.444000e-09,1.500000e-05
5.042143e+01,3.799999e+00,1.444000e-09,1.500000e-05
5.044043e+01,3.799999e+00,1.444000e-09,1.500000e-05
5.045943e+01,3.799999e+00,1.444000e-09,1.500000e-05
5.047843e+01,3.799999e+00,1.444000e-09,1.500000e-05
5.049743e+01,3.799999e+00,1.444000e-09,1.500000e-05
5.051643e+01,3.799999e+00,1.444000e-09,1.500000e-05
5.053543e+01,3.799999e+00,1.444000e-09,1.500000e-05
5.055443e+01,3.799999e+00,1.444000e-09,1.500000e-05
5.057343e+01,3.799999e+00,1.444000e-09,1.500000e-05
5.059243e+01,3.799999e+00,1.444000e-09,1.500000e-05
5.061143e+01,3.799999e+00,1.444000e-09,1.500000e-05
5.063043e+01,3.799999e+00,1.444000e-09,1.500000e-05
5.064943e+01,3.799999e+00,1.444000e-09,1.500000e-05
5.066843e+01,3.799999e+00,1.444000e-09,1.500000e-05
5.068743e+01,3.799999e+00,1.444000e-09,1.500000e-05
5.070643e+01,3.799999e+00,1.444000e-09,1.500000e-05
5.072543e+01,3.799999e+00,1.444000e-09,1.500000e-05
5.074443e+01,3.799999e+00,1.444000e-09,1.500000e-05
5.076343e+01,3.799999e+00,1.444000e-09,1.500000e-05
5.078243e+01,3.799999e+00,1.444000e-09,1.500000e-05
5.080143e+01,3.799999e+00,1.444000e-09,1.500000e-05
5.082043e+01,3.799999e+00,1.444000e-09,1.500000e-05
5.083943e+01,3.799999e+00,1.444000e-09,1.500000e-05
5.085843e+01,3.799999e+00,1.444000e-09,1.500000e-05
5.087743e+01,3.799999e+00,1.444000e-09,1.500000e-05
5.089643e+01,3.799999e+00,1.444000e-09,1.500000e-05
5.091543e+01,3.799999e+00,1.444000e-09,1.500000e-05
5.093443e+01,3.799999e+00,1.444000e-09,1.500000e-05
5.095343e+01,3.799999e+00,1.444000e-09,1.500000e-05
5.097243e+01,3.799999e+00,1.444000e-09,1.500000e-05
5.099143e+01,3.799999e+00,1.444000e-09,1.500000e-05
5.101043e+01,3.799999e+00,1.444000e-09,1.500000e-05
5.102943e+01,3.799999e+00,1.444000e-09,1.500000e-05
5.104843e+01,3.799999e+00,1.444000e-09,1.500000e-05
5.106743e+01,3.799999e+00,1.444000e-09,1.500000e-05
5.108643e+01,3.799999e+00,1.444000e-09,1.500000e-05
5.110543e+01,3.799999e+00,1.444000e-09,1.500000e-05
5.112443e+01,3.799999e+00,1.444000e-09,1.500000e-05
5.114343e+01,3.799999e+00,1.444000e-09,1.500000e-05
5.116243e+01,3.799999e+00,1.444000e-09,1.500000e-05
5.118143e+01,3.799999e+00,1.444000e-09,1.500000e-05
5.120043e+01,3.799999e+00,1.444000e-09,1.500000e-05
5.121943e+01,3.799999e+00,1.444000e-09,1.500000e-05
5.123843e+01,3.799999e+00,1.444000e-09,1.500000e-05
5.125743e+01,3.799999e+00,1.444000e-09,1.500000e-05
5.127643e+01,3.799999e+00,1.444000e-09,1.500000e-05
5.129543e+01,3.799999e+00,1.444000e-09,1.500000e-05
5.131443e+01,3.799999e+00,1.444000e-09,1.500000e-05
5.133343e+01,3.799999e+00,1.444000e-09,1.500000e-05
5.135243e+01,3.799999e+00,1.444000e-09,1.500000e-05
5.137143e+01,3.799999e+00,1.444000e-09,1.500000e-05
5.139043e+01,3.799999e+00,1.444000e-09,1.500000e-05
5.140943e+01,3.799999e+00,1.444000e-09,1.500000e-05
5.142843e+01,3.799999e+00,1.444000e-09,1.500000e-05
5.144743e+01,3.799999e+00,1.444000e-09,1.500000e-05
5.146643e+01,3.799999e+00,1.444000e-09,1.500000e-05
5.148543e+01,3.799999e+00,1.444000e-09,1.500000e-05
5.150443e+01,3.799999e+00,1.444000e-09,1.500000e-05
5.152343e+01,3.799999e+00,1.444000e-09,1.500000e-05
5.154243e+01,3.799999e+00,1.444000e-09,1.500000e-05
5.156143e+01,3.799999e+00,1.444000e-09,1.500000e-05
5.158043e+01,3.799999e+00,1.444000e-09,1.500000e-05
5.159943e+01,3.799999e+00,1.444000e-09,1.500000e-05
5.161843e+01,3.799999e+00,1.444000e-09,1.500000e-05
5.163743e+01,3.799999e+00,1.444000e-09,1.500000e-05
5.165643e+01,3.799999e+00,1.444000e-09,1.500000e-05
5.167543e+01,3.799999e+00,1.444000e-09,1.500000e-05
5.169443e+01,3.799999e+00,1.444000e-09,1.500000e-05
5.171343e+01,3.799999e+00,1.444000e-09,1.500000e-05
5.173243e+01,3.799999e+00,1.444000e-09,1.500000e-05
5.175143e+01,3.799999e+00,1.444000e-09,1.500000e-05
5.177043e+01,3.799999e+00,1.444000e-09,1.500000e-05
5.178943e+01,3.799999e+00,1.444000e-09,1.500000e-05
5.180843e+01,3.799999e+00,1.444000e-09,1.500000e-05
5.182743e+01,3.799999e+00,1.444000e-09,1.500000e-05
5.184643e+01,3.799999e+00,1.444000e-09,1.500000e-05
5.186543e+01,3.799999e+00,1.444000e-09,1.500000e-05
5.188443e+01,3.799999e+00,1.444000e-09,1.500000e-05
5.190343e+01,3.799999e+00,1.444000e-09,1.500000e-05
5.192243e+01,3.799999e+00,1.444000e-09,1.500000e-05
5.194143e+01,3.799999e+00,1.444000e-09,1.500000e-05
5.196043e+01,3.799999e+00,1.444000e-09,1.500000e-05
5.197943e+01,3.799999e+00,1.444000e-09,1.500000e-05
5.199843e+01,3.799999e+00,1.444000e-09,1.500000e-05
5.201743e+01,3.799999e+00,1.444000e-09,1.500000e-05
5.203643e+01,3.799999e+00,1.444000e-09,1.500000e-05
5.205543e+01,3.799999e+00,1.444000e-09,1.500000e-05
5.207443e+01,3.799999e+00,1.444000e-09,1.500000e-05
5.209343e+01,3.799999e+00,1.444000e-09,1.500000e-05
5.211243e+01,3.799999e+00,1.444000e-09,1.500000e-05
5.213143e+01,3.799999e+00,1.444000e-09,1.500000e-05
5.215043e+01,3.799999e+00,1.444000e-09,1.500000e-05
5.216943e+01,3.799999e+00,1.444000e-09,1.500000e-05
5.218843e+01,3.799999e+00,1.444000e-09,1.500000e-05
5.220743e+01,3.799999e+00,1.444000e-09,1.500000e-05
5.222643e+01,3.799999e+00,1.444000e-09,1.500000e-05
5.224543e+01,3.799999e+00,1.444000e-09,1.500000e-05
5.226443e+01,3.799999e+00,1.444000e-09,1.500000e-05
5.228343e+01,3.799999e+00,1.444000e-09,1.500000e-05
5.230243e+01,3.799999e+00,1.444000e-09,1.500000e-05
5.232143e+01,3.799999e+00,1.444000e-09,1.500000e-05
5.234043e+01,3.799999e+00,1.444000e-09,1.500000e-05
5.235943e+01,3.799999e+00,1.444000e-09,1.500000e-05
5.237843e+01,3.799999e+00,1.444000e-09,1.500000e-05
5.239743e+01,3.799999e+00,1.444000e-09,1.500000e-05
5.241643e+01,3.799999e+00,1.444000e-09,1.500000e-05
5.243543e+01,3.799999e+00,1.444000e-09,1.500000e-05
5.245443e+01,3.799999e+00,1.444000e-09,1.500000e-05
5.247343e+01,3.799999e+00,1.444000e-09,1.500000e-05
5.249243e+01,3.799999e+00,1.444000e-09,1.500000e-05
5.251143e+01,3.799999e+00,1.444000e-09,1.500000e-05
5.253043e+01,3.799999e+00,1.444000e-09,1.500000e-05
5.254943e+01,3.799999e+00,1.444000e-09,1.500000e-05
5.256843e+01,3.799999e+00,1.444000e-09,1.500000e-05
5.258743e+01,3.799999e+00,1.444000e-09,1.500000e-05
5.260643e+01,3.799999e+00,1.444000e-09,1.500000e-05
5.262543e+01,3.799999e+00,1.444000e-09,1.500000e-05
5.264443e+01,3.799999e+00,1.444000e-09,1.500000e-05
5.266343e+01,3.799999e+00,1.444000e-09,1.500000e-05
5.268243e+01,3.799999e+00,1.444000e-09,1.500000e-05
5.270143e+01,3.799999e+00,1.444000e-09,1.500000e-05
5.272043e+01,3.799999e+00,1.444000e-09,1.500000e-05
5.273943e+01,3.799999e+00,1.444000e-09,1.500000e-05
5.275843e+01,3.799999e+00,1.444000e-09,1.500000e-05
5.277743e+01,3.799999e+00,1.444000e-09,1.500000e-05
5.279643e+01,3.799999e+00,1.444000e-09,1.500000e-05
5.281543e+01,3.799999e+00,1.444000e-09,1.500000e-05
5.283443e+01,3.799999e+00,1.444000e-09,1.500000e-05
5.285343e+01,3.799999e+00,1.444000e-09,1.500000e-05
5.287243e+01,3.799999e+00,1.444000e-09,1.500000e-05
5.289143e+01,3.799999e+00,1.444000e-09,1.500000e-05
5.291043e+01,3.799999e+00,1.444000e-09,1.500000e-05
5.292943e+01,3.799999e+00,1.444000e-09,1.500000e-05
5.294843e+01,3.799999e+00,1.444000e-09,1.500000e-05
5.296743e+01,3.799999e+00,1.444000e-09,1.500000e-05
5.298643e+01,3.799999e+00,1.444000e-09,1.500000e-05
5.300543e+01,3.799999e+00,1.444000e-09,1.500000e-05
5.302443e+01,3.799999e+00,1.444000e-09,1.500000e-05
5.304343e+01,3.799999e+00,1.444000e-09,1.500000e-05
5.306243e+01,3.799999e+00,1.444000e-09,1.500000e-05
5.308143e+01,3.799999e+00,1.444000e-09,1.500000e-05
5.310043e+01,3.799999e+00,1.444000e-09,1.500000e-05
5.311943e+01,3.799999e+00,1.444000e-09,1.500000e-05
5.313843e+01,3.799999e+00,1.444000e-09,1.500000e-05
5.315743e+01,3.799999e+00,1.444000e-09,1.500000e-05
5.317643e+01,3.799999e+00,1.444000e-09,1.500000e-05
5.319543e+01,3.799999e+00,1.444000e-09,1.500000e-05
5.321443e+01,3.799999e+00,1.444000e-09,1.500000e-05
5.323343e+01,3.799999e+00,1.444000e-09,1.500000e-05
5.325243e+01,3.799999e+00,1.444000e-09,1.500000e-05
5.327143e+01,3.799999e+00,1.444000e-09,1.500000e-05
5.329043e+01,3.799999e+00,1.444000e-09,1.500000e-05
5.330943e+01,3.799999e+00,1.444000e-09,1.500000e-05
5.332843e+01,3.799999e+00,1.444000e-09,1.500000e-05
5.334743e+01,3.799999e+00,1.444000e-09,1.500000e-05
5.336643e+01,3.799999e+00,1.444000e-09,1.500000e-05
5.338543e+01,3.799999e+00,1.444000e-09,1.500000e-05
5.340443e+01,3.799999e+00,1.444000e-09,1.500000e-05
5.342343e+01,3.799999e+00,1.444000e-09,1.500000e-05
5.344243e+01,3.799999e+00,1.444000e-09,1.500000e-05
5.346143e+01,3.799999e+00,1.444000e-09,1.500000e-05
5.348043e+01,3.799999e+00,1.444000e-09,1.500000e-05
5.349943e+01,3.799999e+00,1.444000e-09,1.500000e-05
5.351843e+01,3.799999e+00,1.444000e-09,1.500000e-05
5.353743e+01,3.799999e+00,1.444000e-09,1.500000e-05
5.355643e+01,3.799999e+00,1.444000e-09,1.500000e-05
5.357543e+01,3.799999e+00,1.444000e-09,1.500000e-05
5.359443e+01,3.799999e+00,1.444000e-09,1.500000e-05
5.361343e+01,3.799999e+00,1.444000e-09,1.500000e-05
5.363243e+01,3.799999e+00,1.444000e-09,1.500000e-05
5.365143e+01,3.799999e+00,1.444000e-09,1.500000e-05
5.367043e+01,3.799999e+00,1.444000e-09,1.500000e-05
5.368943e+01,3.799999e+00,1.444000e-09,1.500000e-05
5.370843e+01,3.799999e+00,1.444000e-09,1.500000e-05
5.372743e+01,3.799999e+00,1.444000e-09,1.500000e-05
5.374643e+01,3.799999e+00,1.444000e-09,1.500000e-05
5.376543e+01,3.799999e+00,1.444000e-09,1.500000e-05
5.378443e+01,3.799999e+00,1.444000e-09,1.500000e-05
5.380343e+01,3.799999e+00,1.444000e-09,1.500000e-05
5.382243e+01,3.799999e+00,1.444000e-09,1.500000e-05
5.384143e+01,3.799999e+00,1.444000e-09,1.500000e-05
5.386043e+01,3.799999e+00,1.444000e-09,1.500000e-05
5.387943e+01,3.799999e+00,1.444000e-09,1.500000e-05
5.389843e+01,3.799999e+00,1.444000e-09,1.500000e-05
5.391743e+01,3.799999e+00,1.444000e-09,1.500000e-05
5.393643e+01,3.799999e+00,1.444000e-09,1.500000e-05
5.395543e+01,3.799999e+00,1.444000e-09,1.500000e-05
5.397443e+01,3.799999e+00,1.444000e-09,1.500000e-05
5.399343e+01,3.799999e+00,1.444000e-09,1.500000e-05
5.401243e+01,3.799999e+00,1.444000e-09,1.500000e-05
5.403143e+01,3.799999e+00,1.444000e-09,1.500000e-05
5.405043e+01,3.799999e+00,1.444000e-09,1.500000e-05
5.406943e+01,3.799999e+00,1.444000e-09,1.500000e-05
5.408843e+01,3.799999e+00,1.444000e-09,1.500000e-05
5.410743e+01,3.799999e+00,1.444000e-09,1.500000e-05
5.412643e+01,3.799999e+00,1.444000e-09,1.500000e-05
5.414543e+01,3.799999e+00,1.444000e-09,1.500000e-05
5.416443e+01,3.799999e+00,1.444000e-09,1.500000e-05
5.418343e+01,3.799999e+00,1.444000e-09,1.500000e-05
5.420243e+01,3.799999e+00,1.444000e-09,1.500000e-05
5.422143e+01,3.799999e+00,1.444000e-09,1.500000e-05
5.424043e+01,3.799999e+00,1.444000e-09,1.500000e-05
5.425943e+01,3.799999e+00,1.444000e-09,1.500000e-05
5.427843e+01,3.799999e+00,1.444000e-09,1.500000e-05
5.429743e+01,3.799999e+00,1.444000e-09,1.500000e-05
5.431643e+01,3.799999e+00,1.444000e-09,1.500000e-05
5.433543e+01,3.799999e+00,1.444000e-09,1.500000e-05
5.435443e+01,3.799999e+00,1.444000e-09,1.500000e-05
5.437343e+01,3.799999e+00,1.444000e-09,1.500000e-05
5.439243e+01,3.799999e+00,1.444000e-09,1.500000e-05
5.441143e+01,3.799999e+00,1.444000e-09,1.500000e-05
5.443043e+01,3.799999e+00,1.444000e-09,1.500000e-05
5.444943e+01,3.799999e+00,1.444000e-09,1.500000e-05
5.446843e+01,3.799999e+00,1.444000e-09,1.500000e-05
5.448743e+01,3.799999e+00,1.444000e-09,1.500000e-05
5.450643e+01,3.799999e+00,1.444000e-09,1.500000e-05
5.452543e+01,3.799999e+00,1.444000e-09,1.500000e-05
5.454443e+01,3.799999e+00,1.444000e-09,1.500000e-05
5.456343e+01,3.799999e+00,1.444000e-09,1.500000e-05
5.458243e+01,3.799999e+00,1.444000e-09,1.500000e-05
5.460143e+01,3.799999e+00,1.444000e-09,1.500000e-05
5.462043e+01,3.799999e+00,1.444000e-09,1.500000e-05
5.463943e+01,3.799999e+00,1.444000e-09,1.500000e-05
5.465843e+01,3.799999e+00,1.444000e-09,1.500000e-05
5.467743e+01,3.799999e+00,1.444000e-09,1.500000e-05
5.469643e+01,3.799999e+00,1.444000e-09,1.500000e-05
5.471543e+01,3.799999e+00,1.444000e-09,1.500000e-05
5.473443e+01,3.799999e+00,1.444000e-09,1.500000e-05
5.475343e+01,3.799999e+00,1.444000e-09,1.500000e-05
5.477243e+01,3.799999e+00,1.444000e-09,1.500000e-05
5.479143e+01,3.799999e+00,1.444000e-09,1.500000e-05
5.481043e+01,3.799999e+00,1.444000e-09,1.500000e-05
5.482943e+01,3.799999e+00,1.444000e-09,1.500000e-05
5.484843e+01,3.799999e+00,1.444000e-09,1.500000e-05
5.486743e+01,3.799999e+00,1.444000e-09,1.500000e-05
5.488643e+01,3.799999e+00,1.444000e-09,1.500000e-05
5.490543e+01,3.799999e+00,1.444000e-09,1.500000e-05
5.492443e+01,3.799999e+00,1.444000e-09,1.500000e-05
5.494343e+01,3.799999e+00,1.444000e-09,1.500000e-05
5.496243e+01,3.799999e+00,1.444000e-09,1.500000e-05
5.498143e+01,3.799999e+00,1.444000e-09,1.500000e-05
5.500043e+01,3.799999e+00,1.444000e-09,1.500000e-05
5.501943e+01,3.799999e+00,1.444000e-09,1.500000e-05
5.503843e+01,3.799999e+00,1.444000e-09,1.500000e-05
5.505743e+01,3.799999e+00,1.444000e-09,1.500000e-05
5.507643e+01,3.799999e+00,1.444000e-09,1.500000e-05
5.509543e+01,3.799999e+00,1.444000e-09,1.500000e-05
5.511443e+01,3.799999e+00,1.444000e-09,1.500000e-05
5.513343e+01,3.799999e+00,1.444000e-09,1.500000e-05
5.515243e+01,3.799999e+00,1.444000e-09,1.500000e-05
5.517143e+01,3.799999e+00,1.444000e-09,1.500000e-05
5.519043e+01,3.799999e+00,1.444000e-09,1.500000e-05
5.520943e+01,3.799999e+00,1.444000e-09,1.500000e-05
5.522843e+01,3.799999e+00,1.444000e-09,1.500000e-05
5.524743e+01,3.799999e+00,1.444000e-09,1.500000e-05
5.526643e+01,3.799999e+00,1.444000e-09,1.500000e-05
5.528543e+01,3.799999e+00,1.444000e-09,1.500000e-05
5.530443e+01,3.799999e+00,1.444000e-09,1.500000e-05
5.532343e+01,3.799999e+00,1.444000e-09,1.500000e-05
5.534243e+01,3.799999e+00,1.444000e-09,1.500000e-05
5.536143e+01,3.799999e+00,1.444000e-09,1.500000e-05
5.538043e+01,3.799999e+00,1.444000e-09,1.500000e-05
5.539943e+01,3.799999e+00,1.444000e-09,1.500000e-05
5.541843e+01,3.799999e+00,1.444000e-09,1.500000e-05
5.543743e+01,3.799999e+00,1.444000e-09,1.500000e-05
5.545643e+01,3.799999e+00,1.444000e-09,1.500000e-05
5.547543e+01,3.799999e+00,1.444000e-09,1.500000e-05
5.549443e+01,3.799999e+00,1.444000e-09,1.500000e-05
5.551343e+01,3.799999e+00,1.444000e-09,1.500000e-05
5.553243e+01,3.799999e+00,1.444000e-09,1.500000e-05
5.555143e+01,3.799999e+00,1.444000e-09,1.500000e-05
5.557043e+01,3.799999e+00,1.444000e-09,1.500000e-05
5.558943e+01,3.799999e+00,1.444000e-09,1.500000e-05
5.560843e+01,3.799999e+00,1.444000e-09,1.500000e-05
5.562743e+01,3.799999e+00,1.444000e-09,1.500000e-05
5.564643e+01,3.799999e+00,1.444000e-09,1.500000e-05
5.566543e+01,3.799999e+00,1.444000e-09,1.500000e-05
5.568443e+01,3.799999e+00,1.444000e-09,1.500000e-05
5.570343e+01,3.799999e+00,1.444000e-09,1.500000e-05
5.572243e+01,3.799999e+00,1.444000e-09,1.500000e-05
5.574143e+01,3.799999e+00,1.444000e-09,1.500000e-05
5.576043e+01,3.799999e+00,1.444000e-09,1.500000e-05
5.577943e+01,3.799999e+00,1.444000e-09,1.500000e-05
5.579843e+01,3.799999e+00,1.444000e-09,1.500000e-05
5.581743e+01,3.799999e+00,1.444000e-09,1.500000e-05
5.583643e+01,3.799999e+00,1.444000e-09,1.500000e-05
5.585543e+01,3.799999e+00,1.444000e-09,1.500000e-05
5.587443e+01,3.799999e+00,1.444000e-09,1.500000e-05
5.589343e+01,3.799999e+00,1.444000e-09,1.500000e-05
5.591243e+01,3.799999e+00,1.444000e-09,1.500000e-05
5.593143e+01,3.799999e+00,1.444000e-09,1.500000e-05
5.595043e+01,3.799999e+00,1.444000e-09,1.500000e-05
5.596943e+01,3.799999e+00,1.444000e-09,1.500000e-05
5.598843e+01,3.799999e+00,1.444000e-09,1.500000e-05
5.600743e+01,3.799999e+00,1.444000e-09,1.500000e-05
5.602643e+01,3.799999e+00,1.444000e-09,1.500000e-05
5.604543e+01,3.799999e+00,1.444000e-09,1.500000e-05
5.606443e+01,3.799999e+00,1.444000e-09,1.500000e-05
5.608343e+01,3.799999e+00,1.444000e-09,1.500000e-05
5.610243e+01,3.799999e+00,1.444000e-09,1.500000e-05
5.612143e+01,3.799999e+00,1.444000e-09,1.500000e-05
5.614043e+01,3.799999e+00,1.444000e-09,1.500000e-05
5.615943e+01,3.799999e+00,1.444000e-09,1.500000e-05
5.617843e+01,3.799999e+00,1.444000e-09,1.500000e-05
5.619743e+01,3.799999e+00,1.444000e-09,1.500000e-05
5.621643e+01,3.799999e+00,1.444000e-09,1.500000e-05
5.623543e+01,3.799999e+00,1.444000e-09,1.500000e-05
5.625443e+01,3.799999e+00,1.444000e-09,1.500000e-05
5.627343e+01,3.799999e+00,1.444000e-09,1.500000e-05
5.629243e+01,3.799999e+00,1.444000e-09,1.500000e-05
5.631143e+01,3.799999e+00,1.444000e-09,1.500000e-05
5.633043e+01,3.799999e+00,1.444000e-09,1.500000e-05
5.634943e+01,3.799999e+00,1.444000e-09,1.500000e-05
5.636843e+01,3.799999e+00,1.444000e-09,1.500000e-05
5.638743e+01,3.799999e+00,1.444000e-09,1.500000e-05
5.640643e+01,3.799999e+00,1.444000e-09,1.500000e-05
5.642543e+01,3.799999e+00,1.444000e-09,1.500000e-05
5.644443e+01,3.799999e+00,1.444000e-09,1.500000e-05
5.646343e+01,3.799999e+00,1.444000e-09,1.500000e-05
5.648243e+01,3.799999e+00,1.444000e-09,1.500000e-05
5.650143e+01,3.799999e+00,1.444000e-09,1.500000e-05
5.652043e+01,3.799999e+00,1.444000e-09,1.500000e-05
5.653943e+01,3.799999e+00,1.444000e-09,1.500000e-05
5.655843e+01,3.799999e+00,1.444000e-09,1.500000e-05
5.657743e+01,3.799999e+00,1.444000e-09,1.500000e-05
5.659643e+01,3.799999e+00,1.444000e-09,1.500000e-05
5.661543e+01,3.799999e+00,1.444000e-09,1.500000e-05
5.663443e+01,3.799999e+00,1.444000e-09,1.500000e-05
5.665343e+01,3.799999e+00,1.444000e-09,1.500000e-05
5.667243e+01,3.799999e+00,1.444000e-09,1.500000e-05
5.669143e+01,3.799999e+00,1.444000e-09,1.500000e-05
5.671043e+01,3.799999e+00,1.444000e-09,1.500000e-05
5.672943e+01,3.799999e+00,1.444000e-09,1.500000e-05
5.674843e+01,3.799999e+00,1.444000e-09,1.500000e-05
5.676743e+01,3.799999e+00,1.444000e-09,1.500000e-05
5.678643e+01,3.799999e+00,1.444000e-09,1.500000e-05
5.680543e+01,3.799999e+00,1.444000e-09,1.500000e-05
5.682443e+01,3.799999e+00,1.444000e-09,1.500000e-05
5.684343e+01,3.799999e+00,1.444000e-09,1.500000e-05
5.686243e+01,3.799999e+00,1.444000e-09,1.500000e-05
5.688143e+01,3.799999e+00,1.444000e-09,1.500000e-05
5.690043e+01,3.799999e+00,1.444000e-09,1.500000e-05
5.691943e+01,3.799999e+00,1.444000e-09,1.500000e-05
5.693843e+01,3.799999e+00,1.444000e-09,1.500000e-05
5.695743e+01,3.799999e+00,1.444000e-09,1.500000e-05
5.697643e+01,3.799999e+00,1.444000e-09,1.500000e-05
5.699543e+01,3.799999e+00,1.444000e-09,1.500000e-05
5.701443e+01,3.799999e+00,1.444000e-09,1.500000e-05
5.703343e+01,3.799999e+00,1.444000e-09,1.500000e-05
5.705243e+01,3.799999e+00,1.444000e-09,1.500000e-05
5.707143e+01,3.799999e+00,1.444000e-09,1.500000e-05
5.709043e+01,3.799999e+00,1.444000e-09,1.500000e-05
5.710943e+01,3.799999e+00,1.444000e-09,1.500000e-05
5.712843e+01,3.799999e+00,1.444000e-09,1.500000e-05
5.714743e+01,3.799999e+00,1.444000e-09,1.500000e-05
5.716643e+01,3.799999e+00,1.444000e-09,1.500000e-05
5.718543e+01,3.799999e+00,1.444000e-09,1.500000e-05
5.720443e+01,3.799999e+00,1.444000e-09,1.500000e-05
5.722343e+01,3.799999e+00,1.444000e-09,1.500000e-05
5.724243e+01,3.799999e+00,1.444000e-09,1.500000e-05
5.726143e+01,3.799999e+00,1.444000e-09,1.500000e-05
5.728043e+01,3.799999e+00,1.444000e-09,1.500000e-05
5.729943e+01,3.799999e+00,1.444000e-09,1.500000e-05
5.731843e+01,3.799999e+00,1.444000e-09,1.500000e-05
5.733743e+01,3.799999e+00,1.444000e-09,1.500000e-05
5.735643e+01,3.799999e+00,1.444000e-09,1.500000e-05
5.737543e+01,3.799999e+00,1.444000e-09,1.500000e-05
5.739443e+01,3.799999e+00,1.444000e-09,1.500000e-05
5.741343e+01,3.799999e+00,1.444000e-09,1.500000e-05
5.743243e+01,3.799999e+00,1.444000e-09,1.500000e-05
5.745143e+01,3.799999e+00,1.444000e-09,1.500000e-05
5.747043e+01,3.799999e+00,1.444000e-09,1.500000e-05
5.748943e+01,3.799999e+00,1.444000e-09,1.500000e-05
5.750843e+01,3.799999e+00,1.444000e-09,1.500000e-05
5.752743e+01,3.799999e+00,1.444000e-09,1.500000e-05
5.754643e+01,3.799999e+00,1.444000e-09,1.500000e-05
5.756543e+01,3.799999e+00,1.444000e-09,1.500000e-05
5.758443e+01,3.799999e+00,1.444000e-09,1.500000e-05
5.760343e+01,3.799999e+00,1.444000e-09,1.500000e-05
5.762243e+01,3.799999e+00,1.444000e-09,1.500000e-05
5.764143e+01,3.799999e+00,1.444000e-09,1.500000e-05
5.766043e+01,3.799999e+00,1.444000e-09,1.500000e-05
5.767943e+01,3.799999e+00,1.444000e-09,1.500000e-05
5.769843e+01,3.799999e+00,1.444000e-09,1.500000e-05
5.771743e+01,3.799999e+00,1.444000e-09,1.500000e-05
5.773643e+01,3.799999e+00,1.444000e-09,1.500000e-05
5.775543e+01,3.799999e+00,1.444000e-09,1.500000e-05
5.777443e+01,3.799999e+00,1.444000e-09,1.500000e-05
5.779343e+01,3.799999e+00,1.444000e-09,1.500000e-05
5.781243e+01,3.799999e+00,1.444000e-09,1.500000e-05
5.783143e+01,3.799999e+00,1.444000e-09,1.500000e-05
5.785043e+01,3.799999e+00,1.444000e-09,1.500000e-05
5.786943e+01,3.799999e+00,1.444000e-09,1.500000e-05
5.788843e+01,3.799999e+00,1.444000e-09,1.500000e-05
5.790743e+01,3.799999e+00,1.444000e-09,1.500000e-05
5.792643e+01,3.799999e+00,1.444000e-09,1.500000e-05
5.794543e+01,3.799999e+00,1.444000e-09,1.500000e-05
5.796443e+01,3.799999e+00,1.444000e-09,1.500000e-05
5.798343e+01,3.799999e+00,1.444000e-09,1.500000e-05
5.800243e+01,3.799999e+00,1.444000e-09,1.500000e-05
5.802143e+01,3.799999e+00,1.444000e-09,1.500000e-05
5.804043e+01,3.799999e+00,1.444000e-09,1.500000e-05
5.805943e+01,3.799999e+00,1.444000e-09,1.500000e-05
5.807843e+01,3.799999e+00,1.444000e-09,1.500000e-05
5.809743e+01,3.799999e+00,1.444000e-09,1.500000e-05
5.811643e+01,3.799999e+00,1.444000e-09,1.500000e-05
5.813543e+01,3.799999e+00,1.444000e-09,1.500000e-05
5.815443e+01,3.799999e+00,1.444000e-09,1.500000e-05
5.817343e+01,3.799999e+00,1.444000e-09,1.500000e-05
5.819243e+01,3.799999e+00,1.444000e-09,1.500000e-05
5.821143e+01,3.799999e+00,1.444000e-09,1.500000e-05
5.823043e+01,3.799999e+00,1.444000e-09,1.500000e-05
5.824943e+01,3.799999e+00,1.444000e-09,1.500000e-05
5.826843e+01,3.799999e+00,1.444000e-09,1.500000e-05
5.828743e+01,3.799999e+00,1.444000e-09,1.500000e-05
5.830643e+01,3.799999e+00,1.444000e-09,1.500000e-05
5.832543e+01,3.799999e+00,1.444000e-09,1.500000e-05
5.834443e+01,3.799999e+00,1.444000e-09,1.500000e-05
5.836343e+01,3.799999e+00,1.444000e-09,1.500000e-05
5.838243e+01,3.799999e+00,1.444000e-09,1.500000e-05
5.840143e+01,3.799999e+00,1.444000e-09,1.500000e-05
5.842043e+01,3.799999e+00,1.444000e-09,1.500000e-05
5.843943e+01,3.799999e+00,1.444000e-09,1.500000e-05
5.845843e+01,3.799999e+00,1.444000e-09,1.500000e-05
5.847743e+01,3.799999e+00,1.444000e-09,1.500000e-05
5.849643e+01,3.799999e+00,1.444000e-09,1.500000e-05
5.851543e+01,3.799999e+00,1.444000e-09,1.500000e-05
5.853443e+01,3.799999e+00,1.444000e-09,1.500000e-05
5.855343e+01,3.799999e+00,1.444000e-09,1.500000e-05
5.857243e+01,3.799999e+00,1.444000e-09,1.500000e-05
5.859143e+01,3.799999e+00,1.444000e-09,1.500000e-05
5.861043e+01,3.799999e+00,1.444000e-09,1.500000e-05
5.862943e+01,3.799999e+00,1.444000e-09,1.500000e-05
5.864843e+01,3.799999e+00,1.444000e-09,1.500000e-05
5.866743e+01,3.799999e+00,1.444000e-09,1.500000e-05
5.868643e+01,3.799999e+00,1.444000e-09,1.500000e-05
5.870543e+01,3.799999e+00,1.444000e-09,1.500000e-05
5.872443e+01,3.799999e+00,1.444000e-09,1.500000e-05
5.874343e+01,3.799999e+00,1.444000e-09,1.500000e-05
5.876243e+01,3.799999e+00,1.444000e-09,1.500000e-05
5.878143e+01,3.799999e+00,1.444000e-09,1.500000e-05
5.880043e+01,3.799999e+00,1.444000e-09,1.500000e-05
5.881943e+01,3.799999e+00,1.444000e-09,1.500000e-05
5.883843e+01,3.799999e+00,1.444000e-09,1.500000e-05
5.885743e+01,3.799999e+00,1.444000e-09,1.500000e-05
5.887643e+01,3.799999e+00,1.444000e-09,1.500000e-05
5.889543e+01,3.799999e+00,1.444000e-09,1.500000e-05
5.891443e+01,3.799999e+00,1.444000e-09,1.500000e-05
5.893343e+01,3.799999e+00,1.444000e-09,1.500000e-05
5.895243e+01,3.799999e+00,1.444000e-09,1.500000e-05
5.897143e+01,3.799999e+00,1.444000e-09,1.500000e-05
5.899043e+01,3.799999e+00,1.444000e-09,1.500000e-05
5.900943e+01,3.799999e+00,1.444000e-09,1.500000e-05
5.902843e+01,3.799999e+00,1.444000e-09,1.500000e-05
5.904743e+01,3.799999e+00,1.444000e-09,1.500000e-05
5.906643e+01,3.799999e+00,1.444000e-09,1.500000e-05
5.908543e+01,3.799999e+00,1.444000e-09,1.500000e-05
5.910443e+01,3.799999e+00,1.444000e-09,1.500000e-05
5.912343e+01,3.799999e+00,1.444000e-09,1.500000e-05
5.914243e+01,3.799999e+00,1.444000e-09,1.500000e-05
5.916143e+01,3.799999e+00,1.444000e-09,1.500000e-05
5.918043e+01,3.799999e+00,1.444000e-09,1.500000e-05
5.919943e+01,3.799999e+00,1.444000e-09,1.500000e-05
5.921843e+01,3.799999e+00,1.444000e-09,1.500000e-05
5.923743e+01,3.799999e+00,1.444000e-09,1.500000e-05
5.925643e+01,3.799999e+00,1.444000e-09,1.500000e-05
5.927543e+01,3.799999e+00,1.444000e-09,1.500000e-05
5.929443e+01,3.799999e+00,1.444000e-09,1.500000e-05
5.931343e+01,3.799999e+00,1.444000e-09,1.500000e-05
5.933243e+01,3.799999e+00,1.444000e-09,1.500000e-05
5.935143e+01,3.799999e+00,1.444000e-09,1.500000e-05
5.937043e+01,3.799999e+00,1.444000e-09,1.500000e-05
5.938943e+01,3.799999e+00,1.444000e-09,1.500000e-05
5.940843e+01,3.799999e+00,1.444000e-09,1.500000e-05
5.942743e+01,3.799999e+00,1.444000e-09,1.500000e-05
5.944643e+01,3.799999e+00,1.444000e-09,1.500000e-05
5.946543e+01,3.799999e+00,1.444000e-09,1.500000e-05
5.948443e+01,3.799999e+00,1.444000e-09,1.500000e-05
5.950343e+01,3.799999e+00,1.444000e-09,1.500000e-05
5.952243e+01,3.799999e+00,1.444000e-09,1.500000e-05
5.954143e+01,3.799999e+00,1.444000e-09,1.500000e-05
5.956043e+01,3.799999e+00,1.444000e-09,1.500000e-05
5.957943e+01,3.799999e+00,1.444000e-09,1.500000e-05
5.959843e+01,3.799999e+00,1.444000e-09,1.500000e-05
5.961743e+01,3.799999e+00,1.444000e-09,1.500000e-05
5.963643e+01,3.799999e+00,1.444000e-09,1.500000e-05
5.965543e+01,3.799999e+00,1.444000e-09,1.500000e-05
5.967443e+01,3.799999e+00,1.444000e-09,1.500000e-05
5.969343e+01,3.799999e+00,1.444000e-09,1.500000e-05
5.971243e+01,3.799999e+00,1.444000e-09,1.500000e-05
5.973143e+01,3.799999e+00,1.444000e-09,1.500000e-05
5.975043e+01,3.799999e+00,1.444000e-09,1.500000e-05
5.976943e+01,3.799999e+00,1.444000e-09,1.500000e-05
5.978843e+01,3.799999e+00,1.444000e-09,1.500000e-05
5.980743e+01,3.799999e+00,1.444000e-09,1.500000e-05
5.982643e+01,3.799999e+00,1.444000e-09,1.500000e-05
5.984543e+01,3.799999e+00,1.444000e-09,1.500000e-05
5.986443e+01,3.799999e+00,1.444000e-09,1.500000e-05
5.988343e+01,3.799999e+00,1.444000e-09,1.500000e-05
5.990243e+01,3.799999e+00,1.444000e-09,1.500000e-05
5.992143e+01,3.799999e+00,1.444000e-09,1.500000e-05
5.994043e+01,3.799999e+00,1.444000e-09,1.500000e-05
5.995943e+01,3.799999e+00,1.444000e-09,1.500000e-05
5.997843e+01,3.799999e+00,1.444000e-09,1.500000e-05
5.999743e+01,3.799999e+00,1.444000e-09,1.500000e-05
6.001643e+01,3.799999e+00,1.444000e-09,1.500000e-05
6.003543e+01,3.799999e+00,1.444000e-09,1.500000e-05
6.005443e+01,3.799999e+00,1.444000e-09,1.500000e-05
6.007343e+01,3.799999e+00,1.444000e-09,1.500000e-05
6.009243e+01,3.799999e+00,1.444000e-09,1.500000e-05
6.011143e+01,3.799999e+00,1.444000e-09,1.500000e-05
6.013043e+01,3.799999e+00,1.444000e-09,1.500000e-05
6.014943e+01,3.799999e+00,1.444000e-09,1.500000e-05
6.016843e+01,3.799999e+00,1.444000e-09,1.500000e-05
6.018743e+01,3.799999e+00,1.444000e-09,1.500000e-05
6.020643e+01,3.799999e+00,1.444000e-09,1.500000e-05
6.022543e+01,3.799999e+00,1.444000e-09,1.500000e-05
6.024443e+01,3.799999e+00,1.444000e-09,1.500000e-05
6.026343e+01,3.799999e+00,1.444000e-09,1.500000e-05
6.028243e+01,3.799999e+00,1.444000e-09,1.500000e-05
6.030143e+01,3.799999e+00,1.444000e-09,1.500000e-05
6.032043e+01,3.799999e+00,1.444000e-09,1.500000e-05
6.033943e+01,3.799999e+00,1.444000e-09,1.500000e-05
6.035843e+01,3.799999e+00,1.444000e-09,1.500000e-05
6.037743e+01,3.799999e+00,1.444000e-09,1.500000e-05
6.039643e+01,3.799999e+00,1.444000e-09,1.500000e-05
6.041543e+01,3.799999e+00,1.444000e-09,1.500000e-05
6.043443e+01,3.799999e+00,1.444000e-09,1.500000e-05
6.045343e+01,3.799999e+00,1.444000e-09,1.500000e-05
6.047243e+01,3.799999e+00,1.444000e-09,1.500000e-05
6.049143e+01,3.799999e+00,1.444000e-09,1.500000e-05
6.051043e+01,3.799999e+00,1.444000e-09,1.500000e-05
6.052943e+01,3.799999e+00,1.444000e-09,1.500000e-05
6.054843e+01,3.799999e+00,1.444000e-09,1.500000e-05
6.056743e+01,3.799999e+00,1.444000e-09,1.500000e-05
6.058643e+01,3.799999e+00,1.444000e-09,1.500000e-05
6.060543e+01,3.799999e+00,1.444000e-09,1.500000e-05
6.062443e+01,3.799999e+00,1.444000e-09,1.500000e-05
6.064343e+01,3.799999e+00,1.444000e-09,1.500000e-05
6.066243e+01,3.799999e+00,1.444000e-09,1.500000e-05
6.068143e+01,3.799999e+00,1.444000e-09,1.500000e-05
6.070043e+01,3.799999e+00,1.444000e-09,1.500000e-05
6.071943e+01,3.799999e+00,1.444000e-09,1.500000e-05
6.073843e+01,3.799999e+00,1.444000e-09,1.500000e-05
6.075743e+01,3.799999e+00,1.444000e-09,1.500000e-05
6.077643e+01,3.799999e+00,1.444000e-09,1.500000e-05
6.079543e+01,3.799999e+00,1.444000e-09,1.500000e-05
6.081443e+01,3.799999e+00,1.444000e-09,1.500000e-05
6.083343e+01,3.799999e+00,1.444000e-09,1.500000e-05
6.085243e+01,3.799999e+00,1.444000e-09,1.500000e-05
6.087143e+01,3.799999e+00,1.444000e-09,1.500000e-05
6.089043e+01,3.799999e+00,1.444000e-09,1.500000e-05
6.090943e+01,3.799999e+00,1.444000e-09,1.500000e-05
6.092843e+01,3.799999e+00,1.444000e-09,1.500000e-05
6.094743e+01,3.799999e+00,1.444000e-09,1.500000e-05
6.096643e+01,3.799999e+00,1.444000e-09,1.500000e-05
6.098543e+01,3.799999e+00,1.444000e-09,1.500000e-05
6.100443e+01,3.799999e+00,1.444000e-09,1.500000e-05
6.102343e+01,3.799999e+00,1.444000e-09,1.500000e-05
6.104243e+01,3.799999e+00,1.444000e-09,1.500000e-05
6.106143e+01,3.799999e+00,1.444000e-09,1.500000e-05
6.108043e+01,3.799999e+00,1.444000e-09,1.500000e-05
6.109943e+01,3.799999e+00,1.444000e-09,1.500000e-05
6.111843e+01,3.799999e+00,1.444000e-09,1.500000e-05
6.113743e+01,3.799999e+00,1.444000e-09,1.500000e-05
6.115643e+01,3.799999e+00,1.444000e-09,1.500000e-05
6.117543e+01,3.799999e+00,1.444000e-09,1.500000e-05
6.119443e+01,3.799999e+00,1.444000e-09,1.500000e-05
6.121343e+01,3.799999e+00,1.444000e-09,1.500000e-05
6.123243e+01,3.799999e+00,1.444000e-09,1.500000e-05
6.125143e+01,3.799999e+00,1.444000e-09,1.500000e-05
6.127043e+01,3.799999e+00,1.444000e-09,1.500000e-05
6.128943e+01,3.799999e+00,1.444000e-09,1.500000e-05
6.130843e+01,3.799999e+00,1.444000e-09,1.500000e-05
6.132743e+01,3.799999e+00,1.444000e-09,1.500000e-05
6.134643e+01,3.799999e+00,1.444000e-09,1.500000e-05
6.136543e+01,3.799999e+00,1.444000e-09,1.500000e-05
6.138443e+01,3.799999e+00,1.444000e-09,1.500000e-05
6.140343e+01,3.799999e+00,1.444000e-09,1.500000e-05
6.142243e+01,3.799999e+00,1.444000e-09,1.500000e-05
6.144143e+01,3.799999e+00,1.444000e-09,1.500000e-05
6.146043e+01,3.799999e+00,1.444000e-09,1.500000e-05
6.147943e+01,3.799999e+00,1.444000e-09,1.500000e-05
6.149843e+01,3.799999e+00,1.444000e-09,1.500000e-05
6.151743e+01,3.799999e+00,1.444000e-09,1.500000e-05
6.153643e+01,3.799999e+00,1.444000e-09,1.500000e-05
6.155543e+01,3.799999e+00,1.444000e-09,1.500000e-05
6.157443e+01,3.799999e+00,1.444000e-09,1.500000e-05
6.159343e+01,3.799999e+00,1.444000e-09,1.500000e-05
6.161243e+01,3.799999e+00,1.444000e-09,1.500000e-05
6.163143e+01,3.799999e+00,1.444000e-09,1.500000e-05
6.165043e+01,3.799999e+00,1.444000e-09,1.500000e-05
6.166943e+01,3.799999e+00,1.444000e-09,1.500000e-05
6.168843e+01,3.799999e+00,1.444000e-09,1.500000e-05
6.170743e+01,3.799999e+00,1.444000e-09,1.500000e-05
6.172643e+01,3.799999e+00,1.444000e-09,1.500000e-05
6.174543e+01,3.799999e+00,1.444000e-09,1.500000e-05
6.176443e+01,3.799999e+00,1.444000e-09,1.500000e-05
6.178343e+01,3.799999e+00,1.444000e-09,1.500000e-05
6.180243e+01,3.799999e+00,1.444000e-09,1.500000e-05
6.182143e+01,3.799999e+00,1.444000e-09,1.500000e-05
6.184043e+01,3.799999e+00,1.444000e-09,1.500000e-05
6.185943e+01,3.799999e+00,1.444000e-09,1.500000e-05
6.187843e+01,3.799999e+00,1.444000e-09,1.500000e-05
6.189743e+01,3.799999e+00,1.444000e-09,1.500000e-05
6.191643e+01,3.799999e+00,1.444000e-09,1.500000e-05
6.193543e+01,3.799999e+00,1.444000e-09,1.500000e-05
6.195443e+01,3.799999e+00,1.444000e-09,1.500000e-05
6.197343e+01,3.799999e+00,1.444000e-09,1.500000e-05
6.199243e+01,3.799999e+00,1.444000e-09,1.500000e-05
6.201143e+01,3.799999e+00,1.444000e-09,1.500000e-05
6.203043e+01,3.799999e+00,1.444000e-09,1.500000e-05
6.204943e+01,3.799999e+00,1.444000e-09,1.500000e-05
6.206843e+01,3.799999e+00,1.444000e-09,1.500000e-05
6.208743e+01,3.799999e+00,1.444000e-09,1.500000e-05
6.210643e+01,3.799999e+00,1.444000e-09,1.500000e-05
6.212543e+01,3.799999e+00,1.444000e-09,1.500000e-05
6.214443e+01,3.799999e+00,1.444000e-09,1.500000e-05
6.216343e+01,3.799999e+00,1.444000e-09,1.500000e-05
6.218243e+01,3.799999e+00,1.444000e-09,1.500000e-05
6.220143e+01,3.799999e+00,1.444000e-09,1.500000e-05
6.222043e+01,3.799999e+00,1.444000e-09,1.500000e-05
6.223943e+01,3.799999e+00,1.444000e-09,1.500000e-05
6.225843e+01,3.799999e+00,1.444000e-09,1.500000e-05
6.227743e+01,3.799999e+00,1.444000e-09,1.500000e-05
6.229643e+01,3.799999e+00,1.444000e-09,1.500000e-05
6.231543e+01,3.799999e+00,1.444000e-09,1.500000e-05
6.233443e+01,3.799999e+00,1.444000e-09,1.500000e-05
6.235343e+01,3.799999e+00,1.444000e-09,1.500000e-05
6.237243e+01,3.799999e+00,1.444000e-09,1.500000e-05
6.239143e+01,3.799999e+00,1.444000e-09,1.500000e-05
6.241043e+01,3.799999e+00,1.444000e-09,1.500000e-05
6.242943e+01,3.799999e+00,1.444000e-09,1.500000e-05
6.244843e+01,3.799999e+00,1.444000e-09,1.500000e-05
6.246743e+01,3.799999e+00,1.444000e-09,1.500000e-05
6.248643e+01,3.799999e+00,1.444000e-09,1.500000e-05
6.250543e+01,3.799999e+00,1.444000e-09,1.500000e-05
6.252443e+01,3.799999e+00,1.444000e-09,1.500000e-05
6.254343e+01,3.799999e+00,1.444000e-09,1.500000e-05
6.256243e+01,3.799999e+00,1.444000e-09,1.500000e-05
6.258143e+01,3.799999e+00,1.444000e-09,1.500000e-05
6.260043e+01,3.799999e+00,1.444000e-09,1.500000e-05
6.261943e+01,3.799999e+00,1.444000e-09,1.500000e-05
6.263843e+01,3.799999e+00,1.444000e-09,1.500000e-05
6.265743e+01,3.799999e+00,1.444000e-09,1.500000e-05
6.267643e+01,3.799999e+00,1.444000e-09,1.500000e-05
6.269543e+01,3.799999e+00,1.444000e-09,1.500000e-05
6.271443e+01,3.799999e+00,1.444000e-09,1.500000e-05
6.273343e+01,3.799999e+00,1.444000e-09,1.500000e-05
6.275243e+01,3.799999e+00,1.444000e-09,1.500000e-05
6.277143e+01,3.799999e+00,1.444000e-09,1.500000e-05
6.279043e+01,3.799999e+00,1.444000e-09,1.500000e-05
6.280943e+01,3.799999e+00,1.444000e-09,1.500000e-05
6.282843e+01,3.799999e+00,1.444000e-09,1.500000e-05
6.284743e+01,3.799999e+00,1.444000e-09,1.500000e-05
6.286643e+01,3.799999e+00,1.444000e-09,1.500000e-05
6.288543e+01,3.799999e+00,1.444000e-09,1.500000e-05
6.290443e+01,3.799999e+00,1.444000e-09,1.500000e-05
6.292343e+01,3.799999e+00,1.444000e-09,1.500000e-05
6.294243e+01,3.799999e+00,1.444000e-09,1.500000e-05
6.296143e+01,3.799999e+00,1.444000e-09,1.500000e-05
6.298043e+01,3.799999e+00,1.444000e-09,1.500000e-05
6.299943e+01,3.799999e+00,1.444000e-09,1.500000e-05
6.301843e+01,3.799999e+00,1.444000e-09,1.500000e-05
6.303743e+01,3.799999e+00,1.444000e-09,1.500000e-05
6.305643e+01,3.799999e+00,1.444000e-09,1.500000e-05
6.307543e+01,3.799999e+00,1.444000e-09,1.500000e-05
6.309443e+01,3.799999e+00,1.444000e-09,1.500000e-05
6.311343e+01,3.799999e+00,1.444000e-09,1.500000e-05
6.313243e+01,3.799999e+00,1.444000e-09,1.500000e-05
6.315143e+01,3.799999e+00,1.444000e-09,1.500000e-05
6.317043e+01,3.799999e+00,1.444000e-09,1.500000e-05
6.318943e+01,3.799999e+00,1.444000e-09,1.500000e-05
6.320843e+01,3.799999e+00,1.444000e-09,1.500000e-05
6.322743e+01,3.799999e+00,1.444000e-09,1.500000e-05
6.324643e+01,3.799999e+00,1.444000e-09,1.500000e-05
6.326543e+01,3.799999e+00,1.444000e-09,1.500000e-05
6.328443e+01,3.799999e+00,1.444000e-09,1.500000e-05
6.330343e+01,3.799999e+00,1.444000e-09,1.500000e-05
6.332243e+01,3.799999e+00,1.444000e-09,1.500000e-05
6.334143e+01,3.799999e+00,1.444000e-09,1.500000e-05
6.336043e+01,3.799999e+00,1.444000e-09,1.500000e-05
6.337943e+01,3.799999e+00,1.444000e-09,1.500000e-05
6.339843e+01,3.799999e+00,1.444000e-09,1.500000e-05
6.341743e+01,3.799999e+00,1.444000e-09,1.500000e-05
6.343643e+01,3.799999e+00,1.444000e-09,1.500000e-05
6.345543e+01,3.799999e+00,1.444000e-09,1.500000e-05
6.347443e+01,3.799999e+00,1.444000e-09,1.500000e-05
6.349343e+01,3.799999e+00,1.444000e-09,1.500000e-05
6.351243e+01,3.799999e+00,1.444000e-09,1.500000e-05
6.353143e+01,3.799999e+00,1.444000e-09,1.500000e-05
6.355043e+01,3.799999e+00,1.444000e-09,1.500000e-05
6.356943e+01,3.799999e+00,1.444000e-09,1.500000e-05
6.358843e+01,3.799999e+00,1.444000e-09,1.500000e-05
6.360743e+01,3.799999e+00,1.444000e-09,1.500000e-05
6.362643e+01,3.799999e+00,1.444000e-09,1.500000e-05
6.364543e+01,3.799999e+00,1.444000e-09,1.500000e-05
6.366443e+01,3.799999e+00,1.444000e-09,1.500000e-05
6.368343e+01,3.799999e+00,1.444000e-09,1.500000e-05
6.370243e+01,3.799999e+00,1.444000e-09,1.500000e-05
6.372143e+01,3.799999e+00,1.444000e-09,1.500000e-05
6.374043e+01,3.799999e+00,1.444000e-09,1.500000e-05
6.375943e+01,3.799999e+00,1.444000e-09,1.500000e-05
6.377843e+01,3.799999e+00,1.444000e-09,1.500000e-05
6.379743e+01,3.799999e+00,1.444000e-09,1.500000e-05
6.381643e+01,3.799999e+00,1.444000e-09,1.500000e-05
6.383543e+01,3.799999e+00,1.444000e-09,1.500000e-05
6.385443e+01,3.799999e+00,1.444000e-09,1.500000e-05
6.387343e+01,3.799999e+00,1.444000e-09,1.500000e-05
6.389243e+01,3.799999e+00,1.444000e-09,1.500000e-05
6.391143e+01,3.799999e+00,1.444000e-09,1.500000e-05
6.393043e+01,3.799999e+00,1.444000e-09,1.500000e-05
6.394943e+01,3.799999e+00,1.444000e-09,1.500000e-05
6.396843e+01,3.799999e+00,1.444000e-09,1.500000e-05
6.398743e+01,3.799999e+00,1.444000e-09,1.500000e-05
6.400643e+01,3.799999e+00,1.444000e-09,1.500000e-05
6.402543e+01,3.799999e+00,1.444000e-09,1.500000e-05
6.404443e+01,3.799999e+00,1.444000e-09,1.500000e-05
6.406343e+01,3.799999e+00,1.444000e-09,1.500000e-05
6.408243e+01,3.799999e+00,1.444000e-09,1.500000e-05
6.410143e+01,3.799999e+00,1.444000e-09,1.500000e-05
6.412043e+01,3.799999e+00,1.444000e-09,1.500000e-05
6.413943e+01,3.799999e+00,1.444000e-09,1.500000e-05
6.415843e+01,3.799999e+00,1.444000e-09,1.500000e-05
6.417743e+01,3.799999e+00,1.444000e-09,1.500000e-05
6.419643e+01,3.799999e+00,1.444000e-09,1.500000e-05
6.421543e+01,3.799999e+00,1.444000e-09,1.500000e-05
6.423443e+01,3.799999e+00,1.444000e-09,1.500000e-05
6.425343e+01,3.799999e+00,1.444000e-09,1.500000e-05
6.427243e+01,3.799999e+00,1.444000e-09,1.500000e-05
6.429143e+01,3.799999e+00,1.444000e-09,1.500000e-05
6.431043e+01,3.799999e+00,1.444000e-09,1.500000e-05
6.432943e+01,3.799999e+00,1.444000e-09,1.500000e-05
6.434843e+01,3.799999e+00,1.444000e-09,1.500000e-05
6.436743e+01,3.799999e+00,1.444000e-09,1.500000e-05
6.438643e+01,3.799999e+00,1.444000e-09,1.500000e-05
6.440543e+01,3.799999e+00,1.444000e-09,1.500000e-05
6.442443e+01,3.799999e+00,1.444000e-09,1.500000e-05
6.444343e+01,3.799999e+00,1.444000e-09,1.500000e-05
6.446243e+01,3.799999e+00,1.444000e-09,1.500000e-05
6.448143e+01,3.799999e+00,1.444000e-09,1.500000e-05
6.450043e+01,3.799999e+00,1.444000e-09,1.500000e-05
6.451943e+01,3.799999e+00,1.444000e-09,1.500000e-05
6.453843e+01,3.799999e+00,1.444000e-09,1.500000e-05
6.455743e+01,3.799999e+00,1.444000e-09,1.500000e-05
6.457643e+01,3.799999e+00,1.444000e-09,1.500000e-05
6.459543e+01,3.799999e+00,1.444000e-09,1.500000e-05
6.461443e+01,3.799999e+00,1.444000e-09,1.500000e-05
6.463343e+01,3.799999e+00,1.444000e-09,1.500000e-05
6.465243e+01,3.799999e+00,1.444000e-09,1.500000e-05
6.467143e+01,3.799999e+00,1.444000e-09,1.500000e-05
6.469043e+01,3.799999e+00,1.444000e-09,1.500000e-05
6.470943e+01,3.799999e+00,1.444000e-09,1.500000e-05
6.472843e+01,3.799999e+00,1.444000e-09,1.500000e-05
6.474743e+01,3.799999e+00,1.444000e-09,1.500000e-05
6.476643e+01,3.799999e+00,1.444000e-09,1.500000e-05
6.478543e+01,3.799999e+00,1.444000e-09,1.500000e-05
6.480443e+01,3.799999e+00,1.444000e-09,1.500000e-05
6.482343e+01,3.799999e+00,1.444000e-09,1.500000e-05
6.484243e+01,3.799999e+00,1.444000e-09,1.500000e-05
6.486143e+01,3.799999e+00,1.444000e-09,1.500000e-05
6.488043e+01,3.799999e+00,1.444000e-09,1.500000e-05
6.489943e+01,3.799999e+00,1.444000e-09,1.500000e-05
6.491843e+01,3.799999e+00,1.444000e-09,1.500000e-05
6.493743e+01,3.799999e+00,1.444000e-09,1.500000e-05
6.495643e+01,3.799999e+00,1.444000e-09,1.500000e-05
6.497543e+01,3.799999e+00,1.444000e-09,1.500000e-05
6.499443e+01,3.799999e+00,1.444000e-09,1.500000e-05
6.500003e+01,3.799323e+00,3.789392e+00,8.460516e-03
6.501457e+01,3.799173e+00,3.789193e+00,1.033428e-02
6.503357e+01,3.799222e+00,3.789256e+00,9.727484e-03
6.505257e+01,3.799186e+00,3.789209e+00,1.017989e-02
6.507157e+01,3.799213e+00,3.789244e+00,9.842571e-03
6.509057e+01,3.799192e+00,3.789219e+00,1.009410e-02
6.510957e+01,3.799207e+00,3.789237e+00,9.906526e-03
6.512857e+01,3.799196e+00,3.789224e+00,1.004642e-02
6.514757e+01,3.799205e+00,3.789234e+00,9.942069e-03
6.516657e+01,3.799198e+00,3.789226e+00,1.001993e-02
6.518557e+01,3.799203e+00,3.789232e+00,9.961826e-03
6.520457e+01,3.799200e+00,3.789228e+00,1.000519e-02
6.522357e+01,3.799202e+00,3.789230e+00,9.972811e-03
6.524257e+01,3.799200e+00,3.789229e+00,9.997002e-03
6.526157e+01,3.799202e+00,3.789230e+00,9.978921e-03
6.528057e+01,3.799201e+00,3.789229e+00,9.992444e-03
6.529957e+01,3.799201e+00,3.789230e+00,9.982322e-03
6.531857e+01,3.799201e+00,3.789229e+00,9.989906e-03
6.533757e+01,3.799201e+00,3.789229e+00,9.984216e-03
6.535657e+01,3.799201e+00,3.789229e+00,9.988492e-03
6.537557e+01,3.799201e+00,3.789229e+00,9.985273e-03
6.539457e+01,3.799201e+00,3.789230e+00,9.987702e-03
6.541357e+01,3.799201e+00,3.789229e+00,9.985864e-03
6.543257e+01,3.799201e+00,3.789230e+00,9.987259e-03
6.545157e+01,3.799201e+00,3.789229e+00,9.986196e-03
6.547057e+01,3.799201e+00,3.789230e+00,9.987010e-03
6.548957e+01,3.799201e+00,3.789229e+00,9.986383e-03
6.550857e+01,3.799201e+00,3.789230e+00,9.986869e-03
6.552757e+01,3.799201e+00,3.789229e+00,9.986489e-03
6.554657e+01,3.799201e+00,3.789230e+00,9.986789e-03
6.556557e+01,3.799201e+00,3.789229e+00,9.986550e-03
6.558457e+01,3.799201e+00,3.789229e+00,9.986742e-03
6.560357e+01,3.799201e+00,3.789229e+00,9.986586e-03
6.562257e+01,3.799201e+00,3.789229e+00,9.986715e-03
6.564157e+01,3.799201e+00,3.789229e+00,9.986607e-03
6.566057e+01,3.799201e+00,3.789229e+00,9.986698e-03
6.567957e+01,3.799201e+00,3.789229e+00,9.986621e-03
6.569857e+01,3.799201e+00,3.789229e+00,9.986687e-03
6.571757e+01,3.799201e+00,3.789229e+00,9.986629e-03
6.573657e+01,3.799201e+00,3.789229e+00,9.986680e-03
6.575557e+01,3.799201e+00,3.789229e+00,9.986635e-03
6.577457e+01,3.799201e+00,3.789229e+00,9.986676e-03
6.579357e+01,3.799201e+00,3.789229e+00,9.986639e-03
6.581257e+01,3.799201e+00,3.789229e+00,9.986672e-03
6.583157e+01,3.799201e+00,3.789229e+00,9.986642e-03
6.585057e+01,3.799201e+00,3.789229e+00,9.986669e-03
6.586957e+01,3.799201e+00,3.789229e+00,9.986644e-03
6.588857e+01,3.799201e+00,3.789229e+00,9.986667e-03
6.590757e+01,3.799201e+00,3.789229e+00,9.986646e-03
6.592657e+01,3.799201e+00,3.789229e+00,9.986666e-03
6.594557e+01,3.799201e+00,3.789229e+00,9.986648e-03
6.596457e+01,3.799201e+00,3.789229e+00,9.986664e-03
6.598357e+01,3.799201e+00,3.789229e+00,9.986649e-03
6.600001e+01,3.799201e+00,3.789229e+00,9.986656e-03
6.600220e+01,3.799999e+00,9.770862e-03,1.678472e-05
6.600756e+01,3.799999e+00,4.119887e-09,1.437985e-05
6.602643e+01,3.799999e+00,1.444000e-09,1.546498e-05
6.604543e+01,3.799999e+00,1.444000e-09,1.465061e-05
6.606443e+01,3.799999e+00,1.444000e-09,1.526256e-05
6.608343e+01,3.799999e+00,1.444000e-09,1.480271e-05
6.610243e+01,3.799999e+00,1.444000e-09,1.514826e-05
6.612143e+01,3.799999e+00,1.444000e-09,1.488860e-05
6.614043e+01,3.799999e+00,1.444000e-09,1.508372e-05
6.615943e+01,3.799999e+00,1.444000e-09,1.493710e-05
6.617843e+01,3.799999e+00,1.444000e-09,1.504727e-05
6.619743e+01,3.799999e+00,1.444000e-09,1.496448e-05
6.621643e+01,3.799999e+00,1.444000e-09,1.502669e-05
6.623543e+01,3.799999e+00,1.444000e-09,1.497995e-05
6.625443e+01,3.799999e+00,1.444000e-09,1.501508e-05
6.627343e+01,3.799999e+00,1.444000e-09,1.498868e-05
6.629243e+01,3.799999e+00,1.444000e-09,1.500851e-05
6.631143e+01,3.799999e+00,1.444000e-09,1.499361e-05
6.633043e+01,3.799999e+00,1.444000e-09,1.500481e-05
6.634943e+01,3.799999e+00,1.444000e-09,1.499639e-05
6.636843e+01,3.799999e+00,1.444000e-09,1.500272e-05
6.638743e+01,3.799999e+00,1.444000e-09,1.499796e-05
6.640643e+01,3.799999e+00,1.444000e-09,1.500154e-05
6.642543e+01,3.799999e+00,1.444000e-09,1.499885e-05
6.644443e+01,3.799999e+00,1.444000e-09,1.500087e-05
6.646343e+01,3.799999e+00,1.444000e-09,1.499935e-05
6.648243e+01,3.799999e+00,1.444000e-09,1.500049e-05
6.650143e+01,3.799999e+00,1.444000e-09,1.499964e-05
6.652043e+01,3.799999e+00,1.444000e-09,1.500028e-05
6.653943e+01,3.799999e+00,1.444000e-09,1.499980e-05
6.655843e+01,3.799999e+00,1.444000e-09,1.500016e-05
6.657743e+01,3.799999e+00,1.444000e-09,1.499989e-05
6.659643e+01,3.799999e+00,1.444000e-09,1.500009e-05
6.661543e+01,3.799999e+00,1.444000e-09,1.499994e-05
6.663443e+01,3.799999e+00,1.444000e-09,1.500005e-05
6.665343e+01,3.799999e+00,1.444000e-09,1.499997e-05
6.667243e+01,3.799999e+00,1.444000e-09,1.500003e-05
6.669143e+01,3.799999e+00,1.444000e-09,1.499998e-05
6.671043e+01,3.799999e+00,1.444000e-09,1.500002e-05
6.672943e+01,3.799999e+00,1.444000e-09,1.499999e-05
6.674843e+01,3.799999e+00,1.444000e-09,1.500001e-05
6.676743e+01,3.799999e+00,1.444000e-09,1.500000e-05
6.678643e+01,3.799999e+00,1.444000e-09,1.500001e-05
6.680543e+01,3.799999e+00,1.444000e-09,1.500000e-05
6.682443e+01,3.799999e+00,1.444000e-09,1.500001e-05
6.684343e+01,3.799999e+00,1.444000e-09,1.500000e-05
6.686243e+01,3.799999e+00,1.444000e-09,1.500001e-05
6.688143e+01,3.799999e+00,1.444000e-09,1.500000e-05
6.690043e+01,3.799999e+00,1.444000e-09,1.500000e-05
6.691943e+01,3.799999e+00,1.444000e-09,1.500000e-05
6.693843e+01,3.799999e+00,1.444000e-09,1.500000e-05
6.695743e+01,3.799999e+00,1.444000e-09,1.500000e-05
6.697643e+01,3.799999e+00,1.444000e-09,1.500000e-05
6.699543e+01,3.799999e+00,1.444000e-09,1.500000e-05
6.701443e+01,3.799999e+00,1.444000e-09,1.500000e-05
6.703343e+01,3.799999e+00,1.444000e-09,1.500000e-05
6.705243e+01,3.799999e+00,1.444000e-09,1.500000e-05
6.707143e+01,3.799999e+00,1.444000e-09,1.500000e-05
6.709043e+01,3.799999e+00,1.444000e-09,1.500000e-05
6.710943e+01,3.799999e+00,1.444000e-09,1.500000e-05
6.712843e+01,3.799999e+00,1.444000e-09,1.500000e-05
6.714743e+01,3.799999e+00,1.444000e-09,1.500000e-05
6.716643e+01,3.799999e+00,1.444000e-09,1.500000e-05
6.718543e+01,3.799999e+00,1.444000e-09,1.500000e-05
6.720443e+01,3.799999e+00,1.444000e-09,1.500000e-05
6.722343e+01,3.799999e+00,1.444000e-09,1.500000e-05
6.724243e+01,3.799999e+00,1.444000e-09,1.500000e-05
6.726143e+01,3.799999e+00,1.444000e-09,1.500000e-05
6.728043e+01,3.799999e+00,1.444000e-09,1.500000e-05
6.729943e+01,3.799999e+00,1.444000e-09,1.500000e-05
6.731843e+01,3.799999e+00,1.444000e-09,1.500000e-05
6.733743e+01,3.799999e+00,1.444000e-09,1.500000e-05
6.735643e+01,3.799999e+00,1.444000e-09,1.500000e-05
6.737543e+01,3.799999e+00,1.444000e-09,1.500000e-05
6.739443e+01,3.799999e+00,1.444000e-09,1.500000e-05
6.741343e+01,3.799999e+00,1.444000e-09,1.500000e-05
6.743243e+01,3.799999e+00,1.444000e-09,1.500000e-05
6.745143e+01,3.799999e+00,1.444000e-09,1.500000e-05
6.747043e+01,3.799999e+00,1.444000e-09,1.500000e-05
6.748943e+01,3.799999e+00,1.444000e-09,1.500000e-05
6.750843e+01,3.799999e+00,1.444000e-09,1.500000e-05
6.752743e+01,3.799999e+00,1.444000e-09,1.500000e-05
6.754643e+01,3.799999e+00,1.444000e-09,1.500000e-05
6.756543e+01,3.799999e+00,1.444000e-09,1.500000e-05
6.758443e+01,3.799999e+00,1.444000e-09,1.500000e-05
6.760343e+01,3.799999e+00,1.444000e-09,1.500000e-05
6.762243e+01,3.799999e+00,1.444000e-09,1.500000e-05
6.764143e+01,3.799999e+00,1.444000e-09,1.500000e-05
6.766043e+01,3.799999e+00,1.444000e-09,1.500000e-05
6.767943e+01,3.799999e+00,1.444000e-09,1.500000e-05
6.769843e+01,3.799999e+00,1.444000e-09,1.500000e-05
6.771743e+01,3.799999e+00,1.444000e-09,1.500000e-05
6.773643e+01,3.799999e+00,1.444000e-09,1.500000e-05
6.775543e+01,3.799999e+00,1.444000e-09,1.500000e-05
6.777443e+01,3.799999e+00,1.444000e-09,1.500000e-05
6.779343e+01,3.799999e+00,1.444000e-09,1.500000e-05
6.781243e+01,3.799999e+00,1.444000e-09,1.500000e-05
6.783143e+01,3.799999e+00,1.444000e-09,1.500000e-05
6.785043e+01,3.799999e+00,1.444000e-09,1.500000e-05
6.786943e+01,3.799999e+00,1.444000e-09,1.500000e-05
6.788843e+01,3.799999e+00,1.444000e-09,1.500000e-05
6.790743e+01,3.799999e+00,1.444000e-09,1.500000e-05
6.792643e+01,3.799999e+00,1.444000e-09,1.500000e-05
6.794543e+01,3.799999e+00,1.444000e-09,1.500000e-05
6.796443e+01,3.799999e+00,1.444000e-09,1.500000e-05
6.798343e+01,3.799999e+00,1.444000e-09,1.500000e-05
6.800243e+01,3.799999e+00,1.444000e-09,1.500000e-05
6.802143e+01,3.799999e+00,1.444000e-09,1.500000e-05
6.804043e+01,3.799999e+00,1.444000e-09,1.500000e-05
6.805943e+01,3.799999e+00,1.444000e-09,1.500000e-05
6.807843e+01,3.799999e+00,1.444000e-09,1.500000e-05
6.809743e+01,3.799999e+00,1.444000e-09,1.500000e-05
6.811643e+01,3.799999e+00,1.444000e-09,1.500000e-05
6.813543e+01,3.799999e+00,1.444000e-09,1.500000e-05
6.815443e+01,3.799999e+00,1.444000e-09,1.500000e-05
6.817343e+01,3.799999e+00,1.444000e-09,1.500000e-05
6.819243e+01,3.799999e+00,1.444000e-09,1.500000e-05
6.821143e+01,3.799999e+00,1.444000e-09,1.500000e-05
6.823043e+01,3.799999e+00,1.444000e-09,1.500000e-05
6.824943e+01,3.799999e+00,1.444000e-09,1.500000e-05
6.826843e+01,3.799999e+00,1.444000e-09,1.500000e-05
6.828743e+01,3.799999e+00,1.444000e-09,1.500000e-05
6.830643e+01,3.799999e+00,1.444000e-09,1.500000e-05
6.832543e+01,3.799999e+00,1.444000e-09,1.500000e-05
6.834443e+01,3.799999e+00,1.444000e-09,1.500000e-05
6.836343e+01,3.799999e+00,1.444000e-09,1.500000e-05
6.838243e+01,3.799999e+00,1.444000e-09,1.500000e-05
6.840143e+01,3.799999e+00,1.444000e-09,1.500000e-05
6.842043e+01,3.799999e+00,1.444000e-09,1.500000e-05
6.843943e+01,3.799999e+00,1.444000e-09,1.500000e-05
6.845843e+01,3.799999e+00,1.444000e-09,1.500000e-05
6.847743e+01,3.799999e+00,1.444000e-09,1.500000e-05
6.849643e+01,3.799999e+00,1.444000e-09,1.500000e-05
6.851543e+01,3.799999e+00,1.444000e-09,1.500000e-05
6.853443e+01,3.799999e+00,1.444000e-09,1.500000e-05
6.855343e+01,3.799999e+00,1.444000e-09,1.500000e-05
6.857243e+01,3.799999e+00,1.444000e-09,1.500000e-05
6.859143e+01,3.799999e+00,1.444000e-09,1.500000e-05
6.861043e+01,3.799999e+00,1.444000e-09,1.500000e-05
6.862943e+01,3.799999e+00,1.444000e-09,1.500000e-05
6.864843e+01,3.799999e+00,1.444000e-09,1.500000e-05
6.866743e+01,3.799999e+00,1.444000e-09,1.500000e-05
6.868643e+01,3.799999e+00,1.444000e-09,1.500000e-05
6.870543e+01,3.799999e+00,1.444000e-09,1.500000e-05
6.872443e+01,3.799999e+00,1.444000e-09,1.500000e-05
6.874343e+01,3.799999e+00,1.444000e-09,1.500000e-05
6.876243e+01,3.799999e+00,1.444000e-09,1.500000e-05
6.878143e+01,3.799999e+00,1.444000e-09,1.500000e-05
6.880043e+01,3.799999e+00,1.444000e-09,1.500000e-05
6.881943e+01,3.799999e+00,1.444000e-09,1.500000e-05
6.883843e+01,3.799999e+00,1.444000e-09,1.500000e-05
6.885743e+01,3.799999e+00,1.444000e-09,1.500000e-05
6.887643e+01,3.799999e+00,1.444000e-09,1.500000e-05
6.889543e+01,3.799999e+00,1.444000e-09,1.500000e-05
6.891443e+01,3.799999e+00,1.444000e-09,1.500000e-05
6.893343e+01,3.799999e+00,1.444000e-09,1.500000e-05
6.895243e+01,3.799999e+00,1.444000e-09,1.500000e-05
6.897143e+01,3.799999e+00,1.444000e-09,1.500000e-05
6.899043e+01,3.799999e+00,1.444000e-09,1.500000e-05
6.900943e+01,3.799999e+00,1.444000e-09,1.500000e-05
6.902843e+01,3.799999e+00,1.444000e-09,1.500000e-05
6.904743e+01,3.799999e+00,1.444000e-09,1.500000e-05
6.906643e+01,3.799999e+00,1.444000e-09,1.500000e-05
6.908543e+01,3.799999e+00,1.444000e-09,1.500000e-05
6.910443e+01,3.799999e+00,1.444000e-09,1.500000e-05
6.912343e+01,3.799999e+00,1.444000e-09,1.500000e-05
6.914243e+01,3.799999e+00,1.444000e-09,1.500000e-05
6.916143e+01,3.799999e+00,1.444000e-09,1.500000e-05
6.918043e+01,3.799999e+00,1.444000e-09,1.500000e-05
6.919943e+01,3.799999e+00,1.444000e-09,1.500000e-05
6.921843e+01,3.799999e+00,1.444000e-09,1.500000e-05
6.923743e+01,3.799999e+00,1.444000e-09,1.500000e-05
6.925643e+01,3.799999e+00,1.444000e-09,1.500000e-05
6.927543e+01,3.799999e+00,1.444000e-09,1.500000e-05
6.929443e+01,3.799999e+00,1.444000e-09,1.500000e-05
6.931343e+01,3.799999e+00,1.444000e-09,1.500000e-05
6.933243e+01,3.799999e+00,1.444000e-09,1.500000e-05
6.935143e+01,3.799999e+00,1.444000e-09,1.500000e-05
6.937043e+01,3.799999e+00,1.444000e-09,1.500000e-05
6.938943e+01,3.799999e+00,1.444000e-09,1.500000e-05
6.940843e+01,3.799999e+00,1.444000e-09,1.500000e-05
6.942743e+01,3.799999e+00,1.444000e-09,1.500000e-05
6.944643e+01,3.799999e+00,1.444000e-09,1.500000e-05
6.946543e+01,3.799999e+00,1.444000e-09,1.500000e-05
6.948443e+01,3.799999e+00,1.444000e-09,1.500000e-05
6.950343e+01,3.799999e+00,1.444000e-09,1.500000e-05
6.952243e+01,3.799999e+00,1.444000e-09,1.500000e-05
6.954143e+01,3.799999e+00,1.444000e-09,1.500000e-05
6.956043e+01,3.799999e+00,1.444000e-09,1.500000e-05
6.957943e+01,3.799999e+00,1.444000e-09,1.500000e-05
6.959843e+01,3.799999e+00,1.444000e-09,1.500000e-05
6.961743e+01,3.799999e+00,1.444000e-09,1.500000e-05
6.963643e+01,3.799999e+00,1.444000e-09,1.500000e-05
6.965543e+01,3.799999e+00,1.444000e-09,1.500000e-05
6.967443e+01,3.799999e+00,1.444000e-09,1.500000e-05
6.969343e+01,3.799999e+00,1.444000e-09,1.500000e-05
6.971243e+01,3.799999e+00,1.444000e-09,1.500000e-05
6.973143e+01,3.799999e+00,1.444000e-09,1.500000e-05
6.975043e+01,3.799999e+00,1.444000e-09,1.500000e-05
6.976943e+01,3.799999e+00,1.444000e-09,1.500000e-05
6.978843e+01,3.799999e+00,1.444000e-09,1.500000e-05
6.980743e+01,3.799999e+00,1.444000e-09,1.500000e-05
6.982643e+01,3.799999e+00,1.444000e-09,1.500000e-05
6.984543e+01,3.799999e+00,1.444000e-09,1.500000e-05
6.986443e+01,3.799999e+00,1.444000e-09,1.500000e-05
6.988343e+01,3.799999e+00,1.444000e-09,1.500000e-05
6.990243e+01,3.799999e+00,1.444000e-09,1.500000e-05
6.992143e+01,3.799999e+00,1.444000e-09,1.500000e-05
6.994043e+01,3.799999e+00,1.444000e-09,1.500000e-05
6.995943e+01,3.799999e+00,1.444000e-09,1.500000e-05
6.997843e+01,3.799999e+00,1.444000e-09,1.500000e-05
6.999743e+01,3.799999e+00,1.444000e-09,1.500000e-05
7.001643e+01,3.799999e+00,1.444000e-09,1.500000e-05
7.003543e+01,3.799999e+00,1.444000e-09,1.500000e-05
7.005443e+01,3.799999e+00,1.444000e-09,1.500000e-05
7.007343e+01,3.799999e+00,1.444000e-09,1.500000e-05
7.009243e+01,3.799999e+00,1.444000e-09,1.500000e-05
7.011143e+01,3.799999e+00,1.444000e-09,1.500000e-05
7.013043e+01,3.799999e+00,1.444000e-09,1.500000e-05
7.014943e+01,3.799999e+00,1.444000e-09,1.500000e-05
7.016843e+01,3.799999e+00,1.444000e-09,1.500000e-05
7.018743e+01,3.799999e+00,1.444000e-09,1.500000e-05
7.020643e+01,3.799999e+00,1.444000e-09,1.500000e-05
7.022543e+01,3.799999e+00,1.444000e-09,1.500000e-05
7.024443e+01,3.799999e+00,1.444000e-09,1.500000e-05
7.026343e+01,3.799999e+00,1.444000e-09,1.500000e-05
7.028243e+01,3.799999e+00,1.444000e-09,1.500000e-05
7.030143e+01,3.799999e+00,1.444000e-09,1.500000e-05
7.032043e+01,3.799999e+00,1.444000e-09,1.500000e-05
7.033943e+01,3.799999e+00,1.444000e-09,1.500000e-05
7.035843e+01,3.799999e+00,1.444000e-09,1.500000e-05
7.037743e+01,3.799999e+00,1.444000e-09,1.500000e-05
7.039643e+01,3.799999e+00,1.444000e-09,1.500000e-05
7.041543e+01,3.799999e+00,1.444000e-09,1.500000e-05
7.043443e+01,3.799999e+00,1.444000e-09,1.500000e-05
7.045343e+01,3.799999e+00,1.444000e-09,1.500000e-05
7.047243e+01,3.799999e+00,1.444000e-09,1.500000e-05
7.049143e+01,3.799999e+00,1.444000e-09,1.500000e-05
7.051043e+01,3.799999e+00,1.444000e-09,1.500000e-05
7.052943e+01,3.799999e+00,1.444000e-09,1.500000e-05
7.054843e+01,3.799999e+00,1.444000e-09,1.500000e-05
7.056743e+01,3.799999e+00,1.444000e-09,1.500000e-05
7.058643e+01,3.799999e+00,1.444000e-09,1.500000e-05
7.060543e+01,3.799999e+00,1.444000e-09,1.500000e-05
7.062443e+01,3.799999e+00,1.444000e-09,1.500000e-05
7.064343e+01,3.799999e+00,1.444000e-09,1.500000e-05
7.066243e+01,3.799999e+00,1.444000e-09,1.500000e-05
7.068143e+01,3.799999e+00,1.444000e-09,1.500000e-05
7.070043e+01,3.799999e+00,1.444000e-09,1.500000e-05
7.071943e+01,3.799999e+00,1.444000e-09,1.500000e-05
7.073843e+01,3.799999e+00,1.444000e-09,1.500000e-05
7.075743e+01,3.799999e+00,1.444000e-09,1.500000e-05
7.077643e+01,3.799999e+00,1.444000e-09,1.500000e-05
7.079543e+01,3.799999e+00,1.444000e-09,1.500000e-05
7.081443e+01,3.799999e+00,1.444000e-09,1.500000e-05
7.083343e+01,3.799999e+00,1.444000e-09,1.500000e-05
7.085243e+01,3.799999e+00,1.444000e-09,1.500000e-05
7.087143e+01,3.799999e+00,1.444000e-09,1.500000e-05
7.089043e+01,3.799999e+00,1.444000e-09,1.500000e-05
7.090943e+01,3.799999e+00,1.444000e-09,1.500000e-05
7.092843e+01,3.799999e+00,1.444000e-09,1.500000e-05
7.094743e+01,3.799999e+00,1.444000e-09,1.500000e-05
7.096643e+01,3.799999e+00,1.444000e-09,1.500000e-05
7.098543e+01,3.799999e+00,1.444000e-09,1.500000e-05
7.100443e+01,3.799999e+00,1.444000e-09,1.500000e-05
7.102343e+01,3.799999e+00,1.444000e-09,1.500000e-05
7.104243e+01,3.799999e+00,1.444000e-09,1.500000e-05
7.106143e+01,3.799999e+00,1.444000e-09,1.500000e-05
7.108043e+01,3.799999e+00,1.444000e-09,1.500000e-05
7.109943e+01,3.799999e+00,1.444000e-09,1.500000e-05
7.111843e+01,3.799999e+00,1.444000e-09,1.500000e-05
7.113743e+01,3.799999e+00,1.444000e-09,1.500000e-05
7.115643e+01,3.799999e+00,1.444000e-09,1.500000e-05
7.117543e+01,3.799999e+00,1.444000e-09,1.500000e-05
7.119443e+01,3.799999e+00,1.444000e-09,1.500000e-05
7.121343e+01,3.799999e+00,1.444000e-09,1.500000e-05
7.123243e+01,3.799999e+00,1.444000e-09,1.500000e-05
7.125143e+01,3.799999e+00,1.444000e-09,1.500000e-05
7.127043e+01,3.799999e+00,1.444000e-09,1.500000e-05
7.128943e+01,3.799999e+00,1.444000e-09,1.500000e-05
7.130843e+01,3.799999e+00,1.444000e-09,1.500000e-05
7.132743e+01,3.799999e+00,1.444000e-09,1.500000e-05
7.134643e+01,3.799999e+00,1.444000e-09,1.500000e-05
7.136543e+01,3.799999e+00,1.444000e-09,1.500000e-05
7.138443e+01,3.799999e+00,1.444000e-09,1.500000e-05
7.140343e+01,3.799999e+00,1.444000e-09,1.500000e-05
7.142243e+01,3.799999e+00,1.444000e-09,1.500000e-05
7.144143e+01,3.799999e+00,1.444000e-09,1.500000e-05
7.146043e+01,3.799999e+00,1.444000e-09,1.500000e-05
7.147943e+01,3.799999e+00,1.444000e-09,1.500000e-05
7.149843e+01,3.799999e+00,1.444000e-09,1.500000e-05
7.151743e+01,3.799999e+00,1.444000e-09,1.500000e-05
7.153643e+01,3.799999e+00,1.444000e-09,1.500000e-05
7.155543e+01,3.799999e+00,1.444000e-09,1.500000e-05
7.157443e+01,3.799999e+00,1.444000e-09,1.500000e-05
7.159343e+01,3.799999e+00,1.444000e-09,1.500000e-05
7.161243e+01,3.799999e+00,1.444000e-09,1.500000e-05
7.163143e+01,3.799999e+00,1.444000e-09,1.500000e-05
7.165043e+01,3.799999e+00,1.444000e-09,1.500000e-05
7.166943e+01,3.799999e+00,1.444000e-09,1.500000e-05
7.168843e+01,3.799999e+00,1.444000e-09,1.500000e-05
7.170743e+01,3.799999e+00,1.444000e-09,1.500000e-05
7.172643e+01,3.799999e+00,1.444000e-09,1.500000e-05
7.174543e+01,3.799999e+00,1.444000e-09,1.500000e-05
7.176443e+01,3.799999e+00,1.444000e-09,1.500000e-05
7.178343e+01,3.799999e+00,1.444000e-09,1.500000e-05
7.180243e+01,3.799999e+00,1.444000e-09,1.500000e-05
7.182143e+01,3.799999e+00,1.444000e-09,1.500000e-05
7.184043e+01,3.799999e+00,1.444000e-09,1.500000e-05
7.185943e+01,3.799999e+00,1.444000e-09,1.500000e-05
7.187843e+01,3.799999e+00,1.444000e-09,1.500000e-05
7.189743e+01,3.799999e+00,1.444000e-09,1.500000e-05
7.191643e+01,3.799999e+00,1.444000e-09,1.500000e-05
7.193543e+01,3.799999e+00,1.444000e-09,1.500000e-05
7.195443e+01,3.799999e+00,1.444000e-09,1.500000e-05
7.197343e+01,3.799999e+00,1.444000e-09,1.500000e-05
7.199243e+01,3.799999e+00,1.444000e-09,1.500000e-05
7.201143e+01,3.799999e+00,1.444000e-09,1.500000e-05
7.203043e+01,3.799999e+00,1.444000e-09,1.500000e-05
7.204943e+01,3.799999e+00,1.444000e-09,1.500000e-05
7.206843e+01,3.799999e+00,1.444000e-09,1.500000e-05
7.208743e+01,3.799999e+00,1.444000e-09,1.500000e-05
7.210643e+01,3.799999e+00,1.444000e-09,1.500000e-05
7.212543e+01,3.799999e+00,1.444000e-09,1.500000e-05
7.214443e+01,3.799999e+00,1.444000e-09,1.500000e-05
7.216343e+01,3.799999e+00,1.444000e-09,1.500000e-05
7.218243e+01,3.799999e+00,1.444000e-09,1.500000e-05
7.220143e+01,3.799999e+00,1.444000e-09,1.500000e-05
7.222043e+01,3.799999e+00,1.444000e-09,1.500000e-05
7.223943e+01,3.799999e+00,1.444000e-09,1.500000e-05
7.225843e+01,3.799999e+00,1.444000e-09,1.500000e-05
7.227743e+01,3.799999e+00,1.444000e-09,1.500000e-05
7.229643e+01,3.799999e+00,1.444000e-09,1.500000e-05
7.231543e+01,3.799999e+00,1.444000e-09,1.500000e-05
7.233443e+01,3.799999e+00,1.444000e-09,1.500000e-05
7.235343e+01,3.799999e+00,1.444000e-09,1.500000e-05
7.237243e+01,3.799999e+00,1.444000e-09,1.500000e-05
7.239143e+01,3.799999e+00,1.444000e-09,1.500000e-05
7.241043e+01,3.799999e+00,1.444000e-09,1.500000e-05
7.242943e+01,3.799999e+00,1.444000e-09,1.500000e-05
7.244843e+01,3.799999e+00,1.444000e-09,1.500000e-05
7.246743e+01,3.799999e+00,1.444000e-09,1.500000e-05
7.248643e+01,3.799999e+00,1.444000e-09,1.500000e-05
7.250543e+01,3.799999e+00,1.444000e-09,1.500000e-05
7.252443e+01,3.799999e+00,1.444000e-09,1.500000e-05
7.254343e+01,3.799999e+00,1.444000e-09,1.500000e-05
7.256243e+01,3.799999e+00,1.444000e-09,1.500000e-05
7.258143e+01,3.799999e+00,1.444000e-09,1.500000e-05
7.260043e+01,3.799999e+00,1.444000e-09,1.500000e-05
7.261943e+01,3.799999e+00,1.444000e-09,1.500000e-05
7.263843e+01,3.799999e+00,1.444000e-09,1.500000e-05
7.265743e+01,3.799999e+00,1.444000e-09,1.500000e-05
7.267643e+01,3.799999e+00,1.444000e-09,1.500000e-05
7.269543e+01,3.799999e+00,1.444000e-09,1.500000e-05
7.271443e+01,3.799999e+00,1.444000e-09,1.500000e-05
7.273343e+01,3.799999e+00,1.444000e-09,1.500000e-05
7.275243e+01,3.799999e+00,1.444000e-09,1.500000e-05
7.277143e+01,3.799999e+00,1.444000e-09,1.500000e-05
7.279043e+01,3.799999e+00,1.444000e-09,1.500000e-05
7.280943e+01,3.799999e+00,1.444000e-09,1.500000e-05
7.282843e+01,3.799999e+00,1.444000e-09,1.500000e-05
7.284743e+01,3.799999e+00,1.444000e-09,1.500000e-05
7.286643e+01,3.799999e+00,1.444000e-09,1.500000e-05
7.288543e+01,3.799999e+00,1.444000e-09,1.500000e-05
7.290443e+01,3.799999e+00,1.444000e-09,1.500000e-05
7.292343e+01,3.799999e+00,1.444000e-09,1.500000e-05
7.294243e+01,3.799999e+00,1.444000e-09,1.500000e-05
7.296143e+01,3.799999e+00,1.444000e-09,1.500000e-05
7.298043e+01,3.799999e+00,1.444000e-09,1.500000e-05
7.299943e+01,3.799999e+00,1.444000e-09,1.500000e-05
7.301843e+01,3.799999e+00,1.444000e-09,1.500000e-05
7.303743e+01,3.799999e+00,1.444000e-09,1.500000e-05
7.305643e+01,3.799999e+00,1.444000e-09,1.500000e-05
7.307543e+01,3.799999e+00,1.444000e-09,1.500000e-05
7.309443e+01,3.799999e+00,1.444000e-09,1.500000e-05
7.311343e+01,3.799999e+00,1.444000e-09,1.500000e-05
7.313243e+01,3.799999e+00,1.444000e-09,1.500000e-05
7.315143e+01,3.799999e+00,1.444000e-09,1.500000e-05
7.317043e+01,3.799999e+00,1.444000e-09,1.500000e-05
7.318943e+01,3.799999e+00,1.444000e-09,1.500000e-05
7.320843e+01,3.799999e+00,1.444000e-09,1.500000e-05
7.322743e+01,3.799999e+00,1.444000e-09,1.500000e-05
7.324643e+01,3.799999e+00,1.444000e-09,1.500000e-05
7.326543e+01,3.799999e+00,1.444000e-09,1.500000e-05
7.328443e+01,3.799999e+00,1.444000e-09,1.500000e-05
7.330343e+01,3.799999e+00,1.444000e-09,1.500000e-05
7.332243e+01,3.799999e+00,1.444000e-09,1.500000e-05
7.334143e+01,3.799999e+00,1.444000e-09,1.500000e-05
7.336043e+01,3.799999e+00,1.444000e-09,1.500000e-05
7.337943e+01,3.799999e+00,1.444000e-09,1.500000e-05
7.339843e+01,3.799999e+00,1.444000e-09,1.500000e-05
7.341743e+01,3.799999e+00,1.444000e-09,1.500000e-05
7.343643e+01,3.799999e+00,1.444000e-09,1.500000e-05
7.345543e+01,3.799999e+00,1.444000e-09,1.500000e-05
7.347443e+01,3.799999e+00,1.444000e-09,1.500000e-05
7.349343e+01,3.799999e+00,1.444000e-09,1.500000e-05
7.351243e+01,3.799999e+00,1.444000e-09,1.500000e-05
7.353143e+01,3.799999e+00,1.444000e-09,1.500000e-05
7.355043e+01,3.799999e+00,1.444000e-09,1.500000e-05
7.356943e+01,3.799999e+00,1.444000e-09,1.500000e-05
7.358843e+01,3.799999e+00,1.444000e-09,1.500000e-05
7.360743e+01,3.799999e+00,1.444000e-09,1.500000e-05
7.362643e+01,3.799999e+00,1.444000e-09,1.500000e-05
7.364543e+01,3.799999e+00,1.444000e-09,1.500000e-05
7.366443e+01,3.799999e+00,1.444000e-09,1.500000e-05
7.368343e+01,3.799999e+00,1.444000e-09,1.500000e-05
7.370243e+01,3.799999e+00,1.444000e-09,1.500000e-05
7.372143e+01,3.799999e+00,1.444000e-09,1.500000e-05
7.374043e+01,3.799999e+00,1.444000e-09,1.500000e-05
7.375943e+01,3.799999e+00,1.444000e-09,1.500000e-05
7.377843e+01,3.799999e+00,1.444000e-09,1.500000e-05
7.379743e+01,3.799999e+00,1.444000e-09,1.500000e-05
7.381643e+01,3.799999e+00,1.444000e-09,1.500000e-05
7.383543e+01,3.799999e+00,1.444000e-09,1.500000e-05
7.385443e+01,3.799999e+00,1.444000e-09,1.500000e-05
7.387343e+01,3.799999e+00,1.444000e-09,1.500000e-05
7.389243e+01,3.799999e+00,1.444000e-09,1.500000e-05
7.391143e+01,3.799999e+00,1.444000e-09,1.500000e-05
7.393043e+01,3.799999e+00,1.444000e-09,1.500000e-05
7.394943e+01,3.799999e+00,1.444000e-09,1.500000e-05
7.396843e+01,3.799999e+00,1.444000e-09,1.500000e-05
7.398743e+01,3.799999e+00,1.444000e-09,1.500000e-05
7.400643e+01,3.799999e+00,1.444000e-09,1.500000e-05
7.402543e+01,3.799999e+00,1.444000e-09,1.500000e-05
7.404443e+01,3.799999e+00,1.444000e-09,1.500000e-05
7.406343e+01,3.799999e+00,1.444000e-09,1.500000e-05
7.408243e+01,3.799999e+00,1.444000e-09,1.500000e-05
7.410143e+01,3.799999e+00,1.444000e-09,1.500000e-05
7.412043e+01,3.799999e+00,1.444000e-09,1.500000e-05
7.413943e+01,3.799999e+00,1.444000e-09,1.500000e-05
7.415843e+01,3.799999e+00,1.444000e-09,1.500000e-05
7.417743e+01,3.799999e+00,1.444000e-09,1.500000e-05
7.419643e+01,3.799999e+00,1.444000e-09,1.500000e-05
7.421543e+01,3.799999e+00,1.444000e-09,1.500000e-05
7.423443e+01,3.799999e+00,1.444000e-09,1.500000e-05
7.425343e+01,3.799999e+00,1.444000e-09,1.500000e-05
7.427243e+01,3.799999e+00,1.444000e-09,1.500000e-05
7.429143e+01,3.799999e+00,1.444000e-09,1.500000e-05
7.431043e+01,3.799999e+00,1.444000e-09,1.500000e-05
7.432943e+01,3.799999e+00,1.444000e-09,1.500000e-05
7.434843e+01,3.799999e+00,1.444000e-09,1.500000e-05
7.436743e+01,3.799999e+00,1.444000e-09,1.500000e-05
7.438643e+01,3.799999e+00,1.444000e-09,1.500000e-05
7.440543e+01,3.799999e+00,1.444000e-09,1.500000e-05
7.442443e+01,3.799999e+00,1.444000e-09,1.500000e-05
7.444343e+01,3.799999e+00,1.444000e-09,1.500000e-05
7.446243e+01,3.799999e+00,1.444000e-09,1.500000e-05
7.448143e+01,3.799999e+00,1.444000e-09,1.500000e-05
7.450043e+01,3.799999e+00,1.444000e-09,1.500000e-05
7.451943e+01,3.799999e+00,1.444000e-09,1.500000e-05
7.453843e+01,3.799999e+00,1.444000e-09,1.500000e-05
7.455743e+01,3.799999e+00,1.444000e-09,1.500000e-05
7.457643e+01,3.799999e+00,1.444000e-09,1.500000e-05
7.459543e+01,3.799999e+00,1.444000e-09,1.500000e-05
7.461443e+01,3.799999e+00,1.444000e-09,1.500000e-05
7.463343e+01,3.799999e+00,1.444000e-09,1.500000e-05
7.465243e+01,3.799999e+00,1.444000e-09,1.500000e-05
7.467143e+01,3.799999e+00,1.444000e-09,1.500000e-05
7.469043e+01,3.799999e+00,1.444000e-09,1.500000e-05
7.470943e+01,3.799999e+00,1.444000e-09,1.500000e-05
7.472843e+01,3.799999e+00,1.444000e-09,1.500000e-05
7.474743e+01,3.799999e+00,1.444000e-09,1.500000e-05
7.476643e+01,3.799999e+00,1.444000e-09,1.500000e-05
7.478543e+01,3.799999e+00,1.444000e-09,1.500000e-05
7.480443e+01,3.799999e+00,1.444000e-09,1.500000e-05
7.482343e+01,3.799999e+00,1.444000e-09,1.500000e-05
7.484243e+01,3.799999e+00,1.444000e-09,1.500000e-05
7.486143e+01,3.799999e+00,1.444000e-09,1.500000e-05
7.488043e+01,3.799999e+00,1.444000e-09,1.500000e-05
7.489943e+01,3.799999e+00,1.444000e-09,1.500000e-05
7.491843e+01,3.799999e+00,1.444000e-09,1.500000e-05
7.493743e+01,3.799999e+00,1.444000e-09,1.500000e-05
7.495643e+01,3.799999e+00,1.444000e-09,1.500000e-05
7.497543e+01,3.799999e+00,1.444000e-09,1.500000e-05
7.499443e+01,3.799999e+00,1.444000e-09,1.500000e-05
7.501343e+01,3.799999e+00,1.444000e-09,1.500000e-05
7.503243e+01,3.799999e+00,1.444000e-09,1.500000e-05
7.505143e+01,3.799999e+00,1.444000e-09,1.500000e-05
7.507043e+01,3.799999e+00,1.444000e-09,1.500000e-05
7.508943e+01,3.799999e+00,1.444000e-09,1.500000e-05
7.510843e+01,3.799999e+00,1.444000e-09,1.500000e-05
7.512743e+01,3.799999e+00,1.444000e-09,1.500000e-05
7.514643e+01,3.799999e+00,1.444000e-09,1.500000e-05
7.516543e+01,3.799999e+00,1.444000e-09,1.500000e-05
7.518443e+01,3.799999e+00,1.444000e-09,1.500000e-05
7.520343e+01,3.799999e+00,1.444000e-09,1.500000e-05
7.522243e+01,3.799999e+00,1.444000e-09,1.500000e-05
7.524143e+01,3.799999e+00,1.444000e-09,1.500000e-05
7.526043e+01,3.799999e+00,1.444000e-09,1.500000e-05
7.527943e+01,3.799999e+00,1.444000e-09,1.500000e-05
7.529843e+01,3.799999e+00,1.444000e-09,1.500000e-05
7.531743e+01,3.799999e+00,1.444000e-09,1.500000e-05
7.533643e+01,3.799999e+00,1.444000e-09,1.500000e-05
7.535543e+01,3.799999e+00,1.444000e-09,1.500000e-05
7.537443e+01,3.799999e+00,1.444000e-09,1.500000e-05
7.539343e+01,3.799999e+00,1.444000e-09,1.500000e-05
7.541243e+01,3.799999e+00,1.444000e-09,1.500000e-05
7.543143e+01,3.799999e+00,1.444000e-09,1.500000e-05
7.545043e+01,3.799999e+00,1.444000e-09,1.500000e-05
7.546943e+01,3.799999e+00,1.444000e-09,1.500000e-05
7.548843e+01,3.799999e+00,1.444000e-09,1.500000e-05
7.550743e+01,3.799999e+00,1.444000e-09,1.500000e-05
7.552643e+01,3.799999e+00,1.444000e-09,1.500000e-05
7.554543e+01,3.799999e+00,1.444000e-09,1.500000e-05
7.556443e+01,3.799999e+00,1.444000e-09,1.500000e-05
7.558343e+01,3.799999e+00,1.444000e-09,1.500000e-05
7.560243e+01,3.799999e+00,1.444000e-09,1.500000e-05
7.562143e+01,3.799999e+00,1.444000e-09,1.500000e-05
7.564043e+01,3.799999e+00,1.444000e-09,1.500000e-05
7.565943e+01,3.799999e+00,1.444000e-09,1.500000e-05
7.567843e+01,3.799999e+00,1.444000e-09,1.500000e-05
7.569743e+01,3.799999e+00,1.444000e-09,1.500000e-05
7.571643e+01,3.799999e+00,1.444000e-09,1.500000e-05
7.573543e+01,3.799999e+00,1.444000e-09,1.500000e-05
7.575443e+01,3.799999e+00,1.444000e-09,1.500000e-05
7.577343e+01,3.799999e+00,1.444000e-09,1.500000e-05
7.579243e+01,3.799999e+00,1.444000e-09,1.500000e-05
7.581143e+01,3.799999e+00,1.444000e-09,1.500000e-05
7.583043e+01,3.799999e+00,1.444000e-09,1.500000e-05
7.584943e+01,3.799999e+00,1.444000e-09,1.500000e-05
7.586843e+01,3.799999e+00,1.444000e-09,1.500000e-05
7.588743e+01,3.799999e+00,1.444000e-09,1.500000e-05
7.590643e+01,3.799999e+00,1.444000e-09,1.500000e-05
7.592543e+01,3.799999e+00,1.444000e-09,1.500000e-05
7.594443e+01,3.799999e+00,1.444000e-09,1.500000e-05
7.596343e+01,3.799999e+00,1.444000e-09,1.500000e-05
7.598243e+01,3.799999e+00,1.444000e-09,1.500000e-05
7.600143e+01,3.799999e+00,1.444000e-09,1.500000e-05
7.602043e+01,3.799999e+00,1.444000e-09,1.500000e-05
7.603943e+01,3.799999e+00,1.444000e-09,1.500000e-05
7.605843e+01,3.799999e+00,1.444000e-09,1.500000e-05
7.607743e+01,3.799999e+00,1.444000e-09,1.500000e-05
7.609643e+01,3.799999e+00,1.444000e-09,1.500000e-05
7.611543e+01,3.799999e+00,1.444000e-09,1.500000e-05
7.613443e+01,3.799999e+00,1.444000e-09,1.500000e-05
7.615343e+01,3.799999e+00,1.444000e-09,1.500000e-05
7.617243e+01,3.799999e+00,1.444000e-09,1.500000e-05
7.619143e+01,3.799999e+00,1.444000e-09,1.500000e-05
7.621043e+01,3.799999e+00,1.444000e-09,1.500000e-05
7.622943e+01,3.799999e+00,1.444000e-09,1.500000e-05
7.624843e+01,3.799999e+00,1.444000e-09,1.500000e-05
7.626743e+01,3.799999e+00,1.444000e-09,1.500000e-05
7.628643e+01,3.799999e+00,1.444000e-09,1.500000e-05
7.630543e+01,3.799999e+00,1.444000e-09,1.500000e-05
7.632443e+01,3.799999e+00,1.444000e-09,1.500000e-05
7.634343e+01,3.799999e+00,1.444000e-09,1.500000e-05
7.636243e+01,3.799999e+00,1.444000e-09,1.500000e-05
7.638143e+01,3.799999e+00,1.444000e-09,1.500000e-05
7.640043e+01,3.799999e+00,1.444000e-09,1.500000e-05
7.641943e+01,3.799999e+00,1.444000e-09,1.500000e-05
7.643843e+01,3.799999e+00,1.444000e-09,1.500000e-05
7.645743e+01,3.799999e+00,1.444000e-09,1.500000e-05
7.647643e+01,3.799999e+00,1.444000e-09,1.500000e-05
7.649543e+01,3.799999e+00,1.444000e-09,1.500000e-05
7.651443e+01,3.799999e+00,1.444000e-09,1.500000e-05
7.653343e+01,3.799999e+00,1.444000e-09,1.500000e-05
7.655243e+01,3.799999e+00,1.444000e-09,1.500000e-05
7.657143e+01,3.799999e+00,1.444000e-09,1.500000e-05
7.659043e+01,3.799999e+00,1.444000e-09,1.500000e-05
7.660943e+01,3.799999e+00,1.444000e-09,1.500000e-05
7.662843e+01,3.799999e+00,1.444000e-09,1.500000e-05
7.664743e+01,3.799999e+00,1.444000e-09,1.500000e-05
7.666643e+01,3.799999e+00,1.444000e-09,1.500000e-05
7.668543e+01,3.799999e+00,1.444000e-09,1.500000e-05
7.670443e+01,3.799999e+00,1.444000e-09,1.500000e-05
7.672343e+01,3.799999e+00,1.444000e-09,1.500000e-05
7.674243e+01,3.799999e+00,1.444000e-09,1.500000e-05
7.676143e+01,3.799999e+00,1.444000e-09,1.500000e-05
7.678043e+01,3.799999e+00,1.444000e-09,1.500000e-05
7.679943e+01,3.799999e+00,1.444000e-09,1.500000e-05
7.681843e+01,3.799999e+00,1.444000e-09,1.500000e-05
7.683743e+01,3.799999e+00,1.444000e-09,1.500000e-05
7.685643e+01,3.799999e+00,1.444000e-09,1.500000e-05
7.687543e+01,3.799999e+00,1.444000e-09,1.500000e-05
7.689443e+01,3.799999e+00,1.444000e-09,1.500000e-05
7.691343e+01,3.799999e+00,1.444000e-09,1.500000e-05
7.693243e+01,3.799999e+00,1.444000e-09,1.500000e-05
7.695143e+01,3.799999e+00,1.444000e-09,1.500000e-05
7.697043e+01,3.799999e+00,1.444000e-09,1.500000e-05
7.698943e+01,3.799999e+00,1.444000e-09,1.500000e-05
7.700843e+01,3.799999e+00,1.444000e-09,1.500000e-05
7.702743e+01,3.799999e+00,1.444000e-09,1.500000e-05
7.704643e+01,3.799999e+00,1.444000e-09,1.500000e-05
7.706543e+01,3.799999e+00,1.444000e-09,1.500000e-05
7.708443e+01,3.799999e+00,1.444000e-09,1.500000e-05
7.710343e+01,3.799999e+00,1.444000e-09,1.500000e-05
7.712243e+01,3.799999e+00,1.444000e-09,1.500000e-05
7.714143e+01,3.799999e+00,1.444000e-09,1.500000e-05
7.716043e+01,3.799999e+00,1.444000e-09,1.500000e-05
7.717943e+01,3.799999e+00,1.444000e-09,1.500000e-05
7.719843e+01,3.799999e+00,1.444000e-09,1.500000e-05
7.721743e+01,3.799999e+00,1.444000e-09,1.500000e-05
7.723643e+01,3.799999e+00,1.444000e-09,1.500000e-05
7.725543e+01,3.799999e+00,1.444000e-09,1.500000e-05
7.727443e+01,3.799999e+00,1.444000e-09,1.500000e-05
7.729343e+01,3.799999e+00,1.444000e-09,1.500000e-05
7.731243e+01,3.799999e+00,1.444000e-09,1.500000e-05
7.733143e+01,3.799999e+00,1.444000e-09,1.500000e-05
7.735043e+01,3.799999e+00,1.444000e-09,1.500000e-05
7.736943e+01,3.799999e+00,1.444000e-09,1.500000e-05
7.738843e+01,3.799999e+00,1.444000e-09,1.500000e-05
7.740743e+01,3.799999e+00,1.444000e-09,1.500000e-05
7.742643e+01,3.799999e+00,1.444000e-09,1.500000e-05
7.744543e+01,3.799999e+00,1.444000e-09,1.500000e-05
7.746443e+01,3.799999e+00,1.444000e-09,1.500000e-05
7.748343e+01,3.799999e+00,1.444000e-09,1.500000e-05
7.750243e+01,3.799999e+00,1.444000e-09,1.500000e-05
7.752143e+01,3.799999e+00,1.444000e-09,1.500000e-05
7.754043e+01,3.799999e+00,1.444000e-09,1.500000e-05
7.755943e+01,3.799999e+00,1.444000e-09,1.500000e-05
7.757843e+01,3.799999e+00,1.444000e-09,1.500000e-05
7.759743e+01,3.799999e+00,1.444000e-09,1.500000e-05
7.761643e+01,3.799999e+00,1.444000e-09,1.500000e-05
7.763543e+01,3.799999e+00,1.444000e-09,1.500000e-05
7.765443e+01,3.799999e+00,1.444000e-09,1.500000e-05
7.767343e+01,3.799999e+00,1.444000e-09,1.500000e-05
7.769243e+01,3.799999e+00,1.444000e-09,1.500000e-05
7.771143e+01,3.799999e+00,1.444000e-09,1.500000e-05
7.773043e+01,3.799999e+00,1.444000e-09,1.500000e-05
7.774943e+01,3.799999e+00,1.444000e-09,1.500000e-05
7.776843e+01,3.799999e+00,1.444000e-09,1.500000e-05
7.778743e+01,3.799999e+00,1.444000e-09,1.500000e-05
7.780643e+01,3.799999e+00,1.444000e-09,1.500000e-05
7.782543e+01,3.799999e+00,1.444000e-09,1.500000e-05
7.784443e+01,3.799999e+00,1.444000e-09,1.500000e-05
7.786343e+01,3.799999e+00,1.444000e-09,1.500000e-05
7.788243e+01,3.799999e+00,1.444000e-09,1.500000e-05
7.790143e+01,3.799999e+00,1.444000e-09,1.500000e-05
7.792043e+01,3.799999e+00,1.444000e-09,1.500000e-05
7.793943e+01,3.799999e+00,1.444000e-09,1.500000e-05
7.795843e+01,3.799999e+00,1.444000e-09,1.500000e-05
7.797743e+01,3.799999e+00,1.444000e-09,1.500000e-05
7.799643e+01,3.799999e+00,1.444000e-09,1.500000e-05
7.801543e+01,3.799999e+00,1.444000e-09,1.500000e-05
7.803443e+01,3.799999e+00,1.444000e-09,1.500000e-05
7.805343e+01,3.799999e+00,1.444000e-09,1.500000e-05
7.807243e+01,3.799999e+00,1.444000e-09,1.500000e-05
7.809143e+01,3.799999e+00,1.444000e-09,1.500000e-05
7.811043e+01,3.799999e+00,1.444000e-09,1.500000e-05
7.812943e+01,3.799999e+00,1.444000e-09,1.500000e-05
7.814843e+01,3.799999e+00,1.444000e-09,1.500000e-05
7.816743e+01,3.799999e+00,1.444000e-09,1.500000e-05
7.818643e+01,3.799999e+00,1.444000e-09,1.500000e-05
7.820543e+01,3.799999e+00,1.444000e-09,1.500000e-05
7.822443e+01,3.799999e+00,1.444000e-09,1.500000e-05
7.824343e+01,3.799999e+00,1.444000e-09,1.500000e-05
7.826243e+01,3.799999e+00,1.444000e-09,1.500000e-05
7.828143e+01,3.799999e+00,1.444000e-09,1.500000e-05
7.830043e+01,3.799999e+00,1.444000e-09,1.500000e-05
7.831943e+01,3.799999e+00,1.444000e-09,1.500000e-05
7.833843e+01,3.799999e+00,1.444000e-09,1.500000e-05
7.835743e+01,3.799999e+00,1.444000e-09,1.500000e-05
7.837643e+01,3.799999e+00,1.444000e-09,1.500000e-05
7.839543e+01,3.799999e+00,1.444000e-09,1.500000e-05
7.841443e+01,3.799999e+00,1.444000e-09,1.500000e-05
7.843343e+01,3.799999e+00,1.444000e-09,1.500000e-05
7.845243e+01,3.799999e+00,1.444000e-09,1.500000e-05
7.847143e+01,3.799999e+00,1.444000e-09,1.500000e-05
7.849043e+01,3.799999e+00,1.444000e-09,1.500000e-05
7.850943e+01,3.799999e+00,1.444000e-09,1.500000e-05
7.852843e+01,3.799999e+00,1.444000e-09,1.500000e-05
7.854743e+01,3.799999e+00,1.444000e-09,1.500000e-05
7.856643e+01,3.799999e+00,1.444000e-09,1.500000e-05
7.858543e+01,3.799999e+00,1.444000e-09,1.500000e-05
7.860443e+01,3.799999e+00,1.444000e-09,1.500000e-05
7.862343e+01,3.799999e+00,1.444000e-09,1.500000e-05
7.864243e+01,3.799999e+00,1.444000e-09,1.500000e-05
7.866143e+01,3.799999e+00,1.444000e-09,1.500000e-05
7.868043e+01,3.799999e+00,1.444000e-09,1.500000e-05
7.869943e+01,3.799999e+00,1.444000e-09,1.500000e-05
7.871843e+01,3.799999e+00,1.444000e-09,1.500000e-05
7.873743e+01,3.799999e+00,1.444000e-09,1.500000e-05
7.875643e+01,3.799999e+00,1.444000e-09,1.500000e-05
7.877543e+01,3.799999e+00,1.444000e-09,1.500000e-05
7.879443e+01,3.799999e+00,1.444000e-09,1.500000e-05
7.881343e+01,3.799999e+00,1.444000e-09,1.500000e-05
7.883243e+01,3.799999e+00,1.444000e-09,1.500000e-05
7.885143e+01,3.799999e+00,1.444000e-09,1.500000e-05
7.887043e+01,3.799999e+00,1.444000e-09,1.500000e-05
7.888943e+01,3.799999e+00,1.444000e-09,1.500000e-05
7.890843e+01,3.799999e+00,1.444000e-09,1.500000e-05
7.892743e+01,3.799999e+00,1.444000e-09,1.500000e-05
7.894643e+01,3.799999e+00,1.444000e-09,1.500000e-05
7.896543e+01,3.799999e+00,1.444000e-09,1.500000e-05
7.898443e+01,3.799999e+00,1.444000e-09,1.500000e-05
7.900343e+01,3.799999e+00,1.444000e-09,1.500000e-05
7.902243e+01,3.799999e+00,1.444000e-09,1.500000e-05
7.904143e+01,3.799999e+00,1.444000e-09,1.500000e-05
7.906043e+01,3.799999e+00,1.444000e-09,1.500000e-05
7.907943e+01,3.799999e+00,1.444000e-09,1.500000e-05
7.909843e+01,3.799999e+00,1.444000e-09,1.500000e-05
7.911743e+01,3.799999e+00,1.444000e-09,1.500000e-05
7.913643e+01,3.799999e+00,1.444000e-09,1.500000e-05
7.915543e+01,3.799999e+00,1.444000e-09,1.500000e-05
7.917443e+01,3.799999e+00,1.444000e-09,1.500000e-05
7.919343e+01,3.799999e+00,1.444000e-09,1.500000e-05
7.921243e+01,3.799999e+00,1.444000e-09,1.500000e-05
7.923143e+01,3.799999e+00,1.444000e-09,1.500000e-05
7.925043e+01,3.799999e+00,1.444000e-09,1.500000e-05
7.926943e+01,3.799999e+00,1.444000e-09,1.500000e-05
7.928843e+01,3.799999e+00,1.444000e-09,1.500000e-05
7.930743e+01,3.799999e+00,1.444000e-09,1.500000e-05
7.932643e+01,3.799999e+00,1.444000e-09,1.500000e-05
7.934543e+01,3.799999e+00,1.444000e-09,1.500000e-05
7.936443e+01,3.799999e+00,1.444000e-09,1.500000e-05
7.938343e+01,3.799999e+00,1.444000e-09,1.500000e-05
7.940243e+01,3.799999e+00,1.444000e-09,1.500000e-05
7.942143e+01,3.799999e+00,1.444000e-09,1.500000e-05
7.944043e+01,3.799999e+00,1.444000e-09,1.500000e-05
7.945943e+01,3.799999e+00,1.444000e-09,1.500000e-05
7.947843e+01,3.799999e+00,1.444000e-09,1.500000e-05
7.949743e+01,3.799999e+00,1.444000e-09,1.500000e-05
7.951643e+01,3.799999e+00,1.444000e-09,1.500000e-05
7.953543e+01,3.799999e+00,1.444000e-09,1.500000e-05
7.955443e+01,3.799999e+00,1.444000e-09,1.500000e-05
7.957343e+01,3.799999e+00,1.444000e-09,1.500000e-05
7.959243e+01,3.799999e+00,1.444000e-09,1.500000e-05
7.961143e+01,3.799999e+00,1.444000e-09,1.500000e-05
7.963043e+01,3.799999e+00,1.444000e-09,1.500000e-05
7.964943e+01,3.799999e+00,1.444000e-09,1.500000e-05
7.966843e+01,3.799999e+00,1.444000e-09,1.500000e-05
7.968743e+01,3.799999e+00,1.444000e-09,1.500000e-05
7.970643e+01,3.799999e+00,1.444000e-09,1.500000e-05
7.972543e+01,3.799999e+00,1.444000e-09,1.500000e-05
7.974443e+01,3.799999e+00,1.444000e-09,1.500000e-05
7.976343e+01,3.799999e+00,1.444000e-09,1.500000e-05
7.978243e+01,3.799999e+00,1.444000e-09,1.500000e-05
7.980143e+01,3.799999e+00,1.444000e-09,1.500000e-05
7.982043e+01,3.799999e+00,1.444000e-09,1.500000e-05
7.983943e+01,3.799999e+00,1.444000e-09,1.500000e-05
7.985843e+01,3.799999e+00,1.444000e-09,1.500000e-05
7.987743e+01,3.799999e+00,1.444000e-09,1.500000e-05
7.989643e+01,3.799999e+00,1.444000e-09,1.500000e-05
7.991543e+01,3.799999e+00,1.444000e-09,1.500000e-05
7.993443e+01,3.799999e+00,1.444000e-09,1.500000e-05
7.995343e+01,3.799999e+00,1.444000e-09,1.500000e-05
7.997243e+01,3.799999e+00,1.444000e-09,1.500000e-05
7.999143e+01,3.799999e+00,1.444000e-09,1.500000e-05
8.001043e+01,3.799999e+00,1.444000e-09,1.500000e-05
8.002943e+01,3.799999e+00,1.444000e-09,1.500000e-05
8.004843e+01,3.799999e+00,1.444000e-09,1.500000e-05
8.006743e+01,3.799999e+00,1.444000e-09,1.500000e-05
8.008643e+01,3.799999e+00,1.444000e-09,1.500000e-05
8.010543e+01,3.799999e+00,1.444000e-09,1.500000e-05
8.012443e+01,3.799999e+00,1.444000e-09,1.500000e-05
8.014343e+01,3.799999e+00,1.444000e-09,1.500000e-05
8.016243e+01,3.799999e+00,1.444000e-09,1.500000e-05
8.018143e+01,3.799999e+00,1.444000e-09,1.500000e-05
8.020043e+01,3.799999e+00,1.444000e-09,1.500000e-05
8.021943e+01,3.799999e+00,1.444000e-09,1.500000e-05
8.023843e+01,3.799999e+00,1.444000e-09,1.500000e-05
8.025743e+01,3.799999e+00,1.444000e-09,1.500000e-05
8.027643e+01,3.799999e+00,1.444000e-09,1.500000e-05
8.029543e+01,3.799999e+00,1.444000e-09,1.500000e-05
8.031443e+01,3.799999e+00,1.444000e-09,1.500000e-05
8.033343e+01,3.799999e+00,1.444000e-09,1.500000e-05
8.035243e+01,3.799999e+00,1.444000e-09,1.500000e-05
8.037143e+01,3.799999e+00,1.444000e-09,1.500000e-05
8.039043e+01,3.799999e+00,1.444000e-09,1.500000e-05
8.040943e+01,3.799999e+00,1.444000e-09,1.500000e-05
8.042843e+01,3.799999e+00,1.444000e-09,1.500000e-05
8.044743e+01,3.799999e+00,1.444000e-09,1.500000e-05
8.046643e+01,3.799999e+00,1.444000e-09,1.500000e-05
8.048543e+01,3.799999e+00,1.444000e-09,1.500000e-05
8.050443e+01,3.799999e+00,1.444000e-09,1.500000e-05
8.052343e+01,3.799999e+00,1.444000e-09,1.500000e-05
8.054243e+01,3.799999e+00,1.444000e-09,1.500000e-05
8.056143e+01,3.799999e+00,1.444000e-09,1.500000e-05
8.058043e+01,3.799999e+00,1.444000e-09,1.500000e-05
8.059943e+01,3.799999e+00,1.444000e-09,1.500000e-05
8.061843e+01,3.799999e+00,1.444000e-09,1.500000e-05
8.063743e+01,3.799999e+00,1.444000e-09,1.500000e-05
8.065643e+01,3.799999e+00,1.444000e-09,1.500000e-05
8.067543e+01,3.799999e+00,1.444000e-09,1.500000e-05
8.069443e+01,3.799999e+00,1.444000e-09,1.500000e-05
8.071343e+01,3.799999e+00,1.444000e-09,1.500000e-05
8.073243e+01,3.799999e+00,1.444000e-09,1.500000e-05
8.075143e+01,3.799999e+00,1.444000e-09,1.500000e-05
8.077043e+01,3.799999e+00,1.444000e-09,1.500000e-05
8.078943e+01,3.799999e+00,1.444000e-09,1.500000e-05
8.080843e+01,3.799999e+00,1.444000e-09,1.500000e-05
8.082743e+01,3.799999e+00,1.444000e-09,1.500000e-05
8.084643e+01,3.799999e+00,1.444000e-09,1.500000e-05
8.086543e+01,3.799999e+00,1.444000e-09,1.500000e-05
8.088443e+01,3.799999e+00,1.444000e-09,1.500000e-05
8.090343e+01,3.799999e+00,1.444000e-09,1.500000e-05
8.092243e+01,3.799999e+00,1.444000e-09,1.500000e-05
8.094143e+01,3.799999e+00,1.444000e-09,1.500000e-05
8.096043e+01,3.799999e+00,1.444000e-09,1.500000e-05
8.097943e+01,3.799999e+00,1.444000e-09,1.500000e-05
8.099843e+01,3.799999e+00,1.444000e-09,1.500000e-05
8.101743e+01,3.799999e+00,1.444000e-09,1.500000e-05
8.103643e+01,3.799999e+00,1.444000e-09,1.500000e-05
8.105543e+01,3.799999e+00,1.444000e-09,1.500000e-05
8.107443e+01,3.799999e+00,1.444000e-09,1.500000e-05
8.109343e+01,3.799999e+00,1.444000e-09,1.500000e-05
8.111243e+01,3.799999e+00,1.444000e-09,1.500000e-05
8.113143e+01,3.799999e+00,1.444000e-09,1.500000e-05
8.115043e+01,3.799999e+00,1.444000e-09,1.500000e-05
8.116943e+01,3.799999e+00,1.444000e-09,1.500000e-05
8.118843e+01,3.799999e+00,1.444000e-09,1.500000e-05
8.120743e+01,3.799999e+00,1.444000e-09,1.500000e-05
8.122643e+01,3.799999e+00,1.444000e-09,1.500000e-05
8.124543e+01,3.799999e+00,1.444000e-09,1.500000e-05
8.126443e+01,3.799999e+00,1.444000e-09,1.500000e-05
8.128343e+01,3.799999e+00,1.444000e-09,1.500000e-05
8.130243e+01,3.799999e+00,1.444000e-09,1.500000e-05
8.132143e+01,3.799999e+00,1.444000e-09,1.500000e-05
8.134043e+01,3.799999e+00,1.444000e-09,1.500000e-05
8.135943e+01,3.799999e+00,1.444000e-09,1.500000e-05
8.137843e+01,3.799999e+00,1.444000e-09,1.500000e-05
8.139743e+01,3.799999e+00,1.444000e-09,1.500000e-05
8.141643e+01,3.799999e+00,1.444000e-09,1.500000e-05
8.143543e+01,3.799999e+00,1.444000e-09,1.500000e-05
8.145443e+01,3.799999e+00,1.444000e-09,1.500000e-05
8.147343e+01,3.799999e+00,1.444000e-09,1.500000e-05
8.149243e+01,3.799999e+00,1.444000e-09,1.500000e-05
8.151143e+01,3.799999e+00,1.444000e-09,1.500000e-05
8.153043e+01,3.799999e+00,1.444000e-09,1.500000e-05
8.154943e+01,3.799999e+00,1.444000e-09,1.500000e-05
8.156843e+01,3.799999e+00,1.444000e-09,1.500000e-05
8.158743e+01,3.799999e+00,1.444000e-09,1.500000e-05
8.160643e+01,3.799999e+00,1.444000e-09,1.500000e-05
8.162543e+01,3.799999e+00,1.444000e-09,1.500000e-05
8.164443e+01,3.799999e+00,1.444000e-09,1.500000e-05
8.166343e+01,3.799999e+00,1.444000e-09,1.500000e-05
8.168243e+01,3.799999e+00,1.444000e-09,1.500000e-05
8.170143e+01,3.799999e+00,1.444000e-09,1.500000e-05
8.172043e+01,3.799999e+00,1.444000e-09,1.500000e-05
8.173943e+01,3.799999e+00,1.444000e-09,1.500000e-05
8.175843e+01,3.799999e+00,1.444000e-09,1.500000e-05
8.177743e+01,3.799999e+00,1.444000e-09,1.500000e-05
8.179643e+01,3.799999e+00,1.444000e-09,1.500000e-05
8.181543e+01,3.799999e+00,1.444000e-09,1.500000e-05
8.183443e+01,3.799999e+00,1.444000e-09,1.500000e-05
8.185343e+01,3.799999e+00,1.444000e-09,1.500000e-05
8.187243e+01,3.799999e+00,1.444000e-09,1.500000e-05
8.189143e+01,3.799999e+00,1.444000e-09,1.500000e-05
8.191043e+01,3.799999e+00,1.444000e-09,1.500000e-05
8.192943e+01,3.799999e+00,1.444000e-09,1.500000e-05
8.194843e+01,3.799999e+00,1.444000e-09,1.500000e-05
8.196743e+01,3.799999e+00,1.444000e-09,1.500000e-05
8.198643e+01,3.799999e+00,1.444000e-09,1.500000e-05
8.200543e+01,3.799999e+00,1.444000e-09,1.500000e-05
8.202443e+01,3.799999e+00,1.444000e-09,1.500000e-05
8.204343e+01,3.799999e+00,1.444000e-09,1.500000e-05
8.206243e+01,3.799999e+00,1.444000e-09,1.500000e-05
8.208143e+01,3.799999e+00,1.444000e-09,1.500000e-05
8.210043e+01,3.799999e+00,1.444000e-09,1.500000e-05
8.211943e+01,3.799999e+00,1.444000e-09,1.500000e-05
8.213843e+01,3.799999e+00,1.444000e-09,1.500000e-05
8.215743e+01,3.799999e+00,1.444000e-09,1.500000e-05
8.217643e+01,3.799999e+00,1.444000e-09,1.500000e-05
8.219543e+01,3.799999e+00,1.444000e-09,1.500000e-05
8.221443e+01,3.799999e+00,1.444000e-09,1.500000e-05
8.223343e+01,3.799999e+00,1.444000e-09,1.500000e-05
8.225243e+01,3.799999e+00,1.444000e-09,1.500000e-05
8.227143e+01,3.799999e+00,1.444000e-09,1.500000e-05
8.229043e+01,3.799999e+00,1.444000e-09,1.500000e-05
8.230943e+01,3.799999e+00,1.444000e-09,1.500000e-05
8.232843e+01,3.799999e+00,1.444000e-09,1.500000e-05
8.234743e+01,3.799999e+00,1.444000e-09,1.500000e-05
8.236643e+01,3.799999e+00,1.444000e-09,1.500000e-05
8.238543e+01,3.799999e+00,1.444000e-09,1.500000e-05
8.240443e+01,3.799999e+00,1.444000e-09,1.500000e-05
8.242343e+01,3.799999e+00,1.444000e-09,1.500000e-05
8.244243e+01,3.799999e+00,1.444000e-09,1.500000e-05
8.246143e+01,3.799999e+00,1.444000e-09,1.500000e-05
8.248043e+01,3.799999e+00,1.444000e-09,1.500000e-05
8.249943e+01,3.799999e+00,1.444000e-09,1.500000e-05
8.251843e+01,3.799999e+00,1.444000e-09,1.500000e-05
8.253743e+01,3.799999e+00,1.444000e-09,1.500000e-05
8.255643e+01,3.799999e+00,1.444000e-09,1.500000e-05
8.257543e+01,3.799999e+00,1.444000e-09,1.500000e-05
8.259443e+01,3.799999e+00,1.444000e-09,1.500000e-05
8.261343e+01,3.799999e+00,1.444000e-09,1.500000e-05
8.263243e+01,3.799999e+00,1.444000e-09,1.500000e-05
8.265143e+01,3.799999e+00,1.444000e-09,1.500000e-05
8.267043e+01,3.799999e+00,1.444000e-09,1.500000e-05
8.268943e+01,3.799999e+00,1.444000e-09,1.500000e-05
8.270843e+01,3.799999e+00,1.444000e-09,1.500000e-05
8.272743e+01,3.799999e+00,1.444000e-09,1.500000e-05
8.274643e+01,3.799999e+00,1.444000e-09,1.500000e-05
8.276543e+01,3.799999e+00,1.444000e-09,1.500000e-05
8.278443e+01,3.799999e+00,1.444000e-09,1.500000e-05
8.280343e+01,3.799999e+00,1.444000e-09,1.500000e-05
8.282243e+01,3.799999e+00,1.444000e-09,1.500000e-05
8.284143e+01,3.799999e+00,1.444000e-09,1.500000e-05
8.286043e+01,3.799999e+00,1.444000e-09,1.500000e-05
8.287943e+01,3.799999e+00,1.444000e-09,1.500000e-05
8.289843e+01,3.799999e+00,1.444000e-09,1.500000e-05
8.291743e+01,3.799999e+00,1.444000e-09,1.500000e-05
8.293643e+01,3.799999e+00,1.444000e-09,1.500000e-05
8.295543e+01,3.799999e+00,1.444000e-09,1.500000e-05
8.297443e+01,3.799999e+00,1.444000e-09,1.500000e-05
8.299343e+01,3.799999e+00,1.444000e-09,1.500000e-05
8.301243e+01,3.799999e+00,1.444000e-09,1.500000e-05
8.303143e+01,3.799999e+00,1.444000e-09,1.500000e-05
8.305043e+01,3.799999e+00,1.444000e-09,1.500000e-05
8.306943e+01,3.799999e+00,1.444000e-09,1.500000e-05
8.308843e+01,3.799999e+00,1.444000e-09,1.500000e-05
8.310743e+01,3.799999e+00,1.444000e-09,1.500000e-05
8.312643e+01,3.799999e+00,1.444000e-09,1.500000e-05
8.314543e+01,3.799999e+00,1.444000e-09,1.500000e-05
8.316443e+01,3.799999e+00,1.444000e-09,1.500000e-05
8.318343e+01,3.799999e+00,1.444000e-09,1.500000e-05
8.320243e+01,3.799999e+00,1.444000e-09,1.500000e-05
8.322143e+01,3.799999e+00,1.444000e-09,1.500000e-05
8.324043e+01,3.799999e+00,1.444000e-09,1.500000e-05
8.325943e+01,3.799999e+00,1.444000e-09,1.500000e-05
8.327843e+01,3.799999e+00,1.444000e-09,1.500000e-05
8.329743e+01,3.799999e+00,1.444000e-09,1.500000e-05
8.331643e+01,3.799999e+00,1.444000e-09,1.500000e-05
8.333543e+01,3.799999e+00,1.444000e-09,1.500000e-05
8.335443e+01,3.799999e+00,1.444000e-09,1.500000e-05
8.337343e+01,3.799999e+00,1.444000e-09,1.500000e-05
8.339243e+01,3.799999e+00,1.444000e-09,1.500000e-05
8.341143e+01,3.799999e+00,1.444000e-09,1.500000e-05
8.343043e+01,3.799999e+00,1.444000e-09,1.500000e-05
8.344943e+01,3.799999e+00,1.444000e-09,1.500000e-05
8.346843e+01,3.799999e+00,1.444000e-09,1.500000e-05
8.348743e+01,3.799999e+00,1.444000e-09,1.500000e-05
8.350643e+01,3.799999e+00,1.444000e-09,1.500000e-05
8.352543e+01,3.799999e+00,1.444000e-09,1.500000e-05
8.354443e+01,3.799999e+00,1.444000e-09,1.500000e-05
8.356343e+01,3.799999e+00,1.444000e-09,1.500000e-05
8.358243e+01,3.799999e+00,1.444000e-09,1.500000e-05
8.360143e+01,3.799999e+00,1.444000e-09,1.500000e-05
8.362043e+01,3.799999e+00,1.444000e-09,1.500000e-05
8.363943e+01,3.799999e+00,1.444000e-09,1.500000e-05
8.365843e+01,3.799999e+00,1.444000e-09,1.500000e-05
8.367743e+01,3.799999e+00,1.444000e-09,1.500000e-05
8.369643e+01,3.799999e+00,1.444000e-09,1.500000e-05
8.371543e+01,3.799999e+00,1.444000e-09,1.500000e-05
8.373443e+01,3.799999e+00,1.444000e-09,1.500000e-05
8.375343e+01,3.799999e+00,1.444000e-09,1.500000e-05
8.377243e+01,3.799999e+00,1.444000e-09,1.500000e-05
8.379143e+01,3.799999e+00,1.444000e-09,1.500000e-05
8.381043e+01,3.799999e+00,1.444000e-09,1.500000e-05
8.382943e+01,3.799999e+00,1.444000e-09,1.500000e-05
8.384843e+01,3.799999e+00,1.444000e-09,1.500000e-05
8.386743e+01,3.799999e+00,1.444000e-09,1.500000e-05
8.388643e+01,3.799999e+00,1.444000e-09,1.500000e-05
8.390543e+01,3.799999e+00,1.444000e-09,1.500000e-05
8.392443e+01,3.799999e+00,1.444000e-09,1.500000e-05
8.394343e+01,3.799999e+00,1.444000e-09,1.500000e-05
8.396243e+01,3.799999e+00,1.444000e-09,1.500000e-05
8.398143e+01,3.799999e+00,1.444000e-09,1.500000e-05
8.400043e+01,3.799999e+00,1.444000e-09,1.500000e-05
8.401943e+01,3.799999e+00,1.444000e-09,1.500000e-05
8.403843e+01,3.799999e+00,1.444000e-09,1.500000e-05
8.405743e+01,3.799999e+00,1.444000e-09,1.500000e-05
8.407643e+01,3.799999e+00,1.444000e-09,1.500000e-05
8.409543e+01,3.799999e+00,1.444000e-09,1.500000e-05
8.411443e+01,3.799999e+00,1.444000e-09,1.500000e-05
8.413343e+01,3.799999e+00,1.444000e-09,1.500000e-05
8.415243e+01,3.799999e+00,1.444000e-09,1.500000e-05
8.417143e+01,3.799999e+00,1.444000e-09,1.500000e-05
8.419043e+01,3.799999e+00,1.444000e-09,1.500000e-05
8.420943e+01,3.799999e+00,1.444000e-09,1.500000e-05
8.422843e+01,3.799999e+00,1.444000e-09,1.500000e-05
8.424743e+01,3.799999e+00,1.444000e-09,1.500000e-05
8.426643e+01,3.799999e+00,1.444000e-09,1.500000e-05
8.428543e+01,3.799999e+00,1.444000e-09,1.500000e-05
8.430443e+01,3.799999e+00,1.444000e-09,1.500000e-05
8.432343e+01,3.799999e+00,1.444000e-09,1.500000e-05
8.434243e+01,3.799999e+00,1.444000e-09,1.500000e-05
8.436143e+01,3.799999e+00,1.444000e-09,1.500000e-05
8.438043e+01,3.799999e+00,1.444000e-09,1.500000e-05
8.439943e+01,3.799999e+00,1.444000e-09,1.500000e-05
8.441843e+01,3.799999e+00,1.444000e-09,1.500000e-05
8.443743e+01,3.799999e+00,1.444000e-09,1.500000e-05
8.445643e+01,3.799999e+00,1.444000e-09,1.500000e-05
8.447543e+01,3.799999e+00,1.444000e-09,1.500000e-05
8.449443e+01,3.799999e+00,1.444000e-09,1.500000e-05
8.451343e+01,3.799999e+00,1.444000e-09,1.500000e-05
8.453243e+01,3.799999e+00,1.444000e-09,1.500000e-05
8.455143e+01,3.799999e+00,1.444000e-09,1.500000e-05
8.457043e+01,3.799999e+00,1.444000e-09,1.500000e-05
8.458943e+01,3.799999e+00,1.444000e-09,1.500000e-05
8.460843e+01,3.799999e+00,1.444000e-09,1.500000e-05
8.462743e+01,3.799999e+00,1.444000e-09,1.500000e-05
8.464643e+01,3.799999e+00,1.444000e-09,1.500000e-05
8.466543e+01,3.799999e+00,1.444000e-09,1.500000e-05
8.468443e+01,3.799999e+00,1.444000e-09,1.500000e-05
8.470343e+01,3.799999e+00,1.444000e-09,1.500000e-05
8.472243e+01,3.799999e+00,1.444000e-09,1.500000e-05
8.474143e+01,3.799999e+00,1.444000e-09,1.500000e-05
8.476043e+01,3.799999e+00,1.444000e-09,1.500000e-05
8.477943e+01,3.799999e+00,1.444000e-09,1.500000e-05
8.479843e+01,3.799999e+00,1.444000e-09,1.500000e-05
8.481743e+01,3.799999e+00,1.444000e-09,1.500000e-05
8.483643e+01,3.799999e+00,1.444000e-09,1.500000e-05
8.485543e+01,3.799999e+00,1.444000e-09,1.500000e-05
8.487443e+01,3.799999e+00,1.444000e-09,1.500000e-05
8.489343e+01,3.799999e+00,1.444000e-09,1.500000e-05
8.491243e+01,3.799999e+00,1.444000e-09,1.500000e-05
8.493143e+01,3.799999e+00,1.444000e-09,1.500000e-05
8.495043e+01,3.799999e+00,1.444000e-09,1.500000e-05
8.496943e+01,3.799999e+00,1.444000e-09,1.500000e-05
8.498843e+01,3.799999e+00,1.444000e-09,1.500000e-05
8.500743e+01,3.799999e+00,1.444000e-09,1.500000e-05
8.502643e+01,3.799999e+00,1.444000e-09,1.500000e-05
8.504543e+01,3.799999e+00,1.444000e-09,1.500000e-05
8.506443e+01,3.799999e+00,1.444000e-09,1.500000e-05
8.508343e+01,3.799999e+00,1.444000e-09,1.500000e-05
8.510243e+01,3.799999e+00,1.444000e-09,1.500000e-05
8.512143e+01,3.799999e+00,1.444000e-09,1.500000e-05
8.514043e+01,3.799999e+00,1.444000e-09,1.500000e-05
8.515943e+01,3.799999e+00,1.444000e-09,1.500000e-05
8.517843e+01,3.799999e+00,1.444000e-09,1.500000e-05
8.519743e+01,3.799999e+00,1.444000e-09,1.500000e-05
8.521643e+01,3.799999e+00,1.444000e-09,1.500000e-05
8.523543e+01,3.799999e+00,1.444000e-09,1.500000e-05
8.525443e+01,3.799999e+00,1.444000e-09,1.500000e-05
8.527343e+01,3.799999e+00,1.444000e-09,1.500000e-05
8.529243e+01,3.799999e+00,1.444000e-09,1.500000e-05
8.531143e+01,3.799999e+00,1.444000e-09,1.500000e-05
8.533043e+01,3.799999e+00,1.444000e-09,1.500000e-05
8.534943e+01,3.799999e+00,1.444000e-09,1.500000e-05
8.536843e+01,3.799999e+00,1.444000e-09,1.500000e-05
8.538743e+01,3.799999e+00,1.444000e-09,1.500000e-05
8.540643e+01,3.799999e+00,1.444000e-09,1.500000e-05
8.542543e+01,3.799999e+00,1.444000e-09,1.500000e-05
8.544443e+01,3.799999e+00,1.444000e-09,1.500000e-05
8.546343e+01,3.799999e+00,1.444000e-09,1.500000e-05
8.548243e+01,3.799999e+00,1.444000e-09,1.500000e-05
8.550143e+01,3.799999e+00,1.444000e-09,1.500000e-05
8.552043e+01,3.799999e+00,1.444000e-09,1.500000e-05
8.553943e+01,3.799999e+00,1.444000e-09,1.500000e-05
8.555843e+01,3.799999e+00,1.444000e-09,1.500000e-05
8.557743e+01,3.799999e+00,1.444000e-09,1.500000e-05
8.559643e+01,3.799999e+00,1.444000e-09,1.500000e-05
8.561543e+01,3.799999e+00,1.444000e-09,1.500000e-05
8.563443e+01,3.799999e+00,1.444000e-09,1.500000e-05
8.565343e+01,3.799999e+00,1.444000e-09,1.500000e-05
8.567243e+01,3.799999e+00,1.444000e-09,1.500000e-05
8.569143e+01,3.799999e+00,1.444000e-09,1.500000e-05
8.571043e+01,3.799999e+00,1.444000e-09,1.500000e-05
8.572943e+01,3.799999e+00,1.444000e-09,1.500000e-05
8.574843e+01,3.799999e+00,1.444000e-09,1.500000e-05
8.576743e+01,3.799999e+00,1.444000e-09,1.500000e-05
8.578643e+01,3.799999e+00,1.444000e-09,1.500000e-05
8.580543e+01,3.799999e+00,1.444000e-09,1.500000e-05
8.582443e+01,3.799999e+00,1.444000e-09,1.500000e-05
8.584343e+01,3.799999e+00,1.444000e-09,1.500000e-05
8.586243e+01,3.799999e+00,1.444000e-09,1.500000e-05
8.588143e+01,3.799999e+00,1.444000e-09,1.500000e-05
8.590043e+01,3.799999e+00,1.444000e-09,1.500000e-05
8.591943e+01,3.799999e+00,1.444000e-09,1.500000e-05
8.593843e+01,3.799999e+00,1.444000e-09,1.500000e-05
8.595743e+01,3.799999e+00,1.444000e-09,1.500000e-05
8.597643e+01,3.799999e+00,1.444000e-09,1.500000e-05
8.599543e+01,3.799999e+00,1.444000e-09,1.500000e-05
8.601443e+01,3.799999e+00,1.444000e-09,1.500000e-05
8.603343e+01,3.799999e+00,1.444000e-09,1.500000e-05
8.605243e+01,3.799999e+00,1.444000e-09,1.500000e-05
8.607143e+01,3.799999e+00,1.444000e-09,1.500000e-05
8.609043e+01,3.799999e+00,1.444000e-09,1.500000e-05
8.610943e+01,3.799999e+00,1.444000e-09,1.500000e-05
8.612843e+01,3.799999e+00,1.444000e-09,1.500000e-05
8.614743e+01,3.799999e+00,1.444000e-09,1.500000e-05
8.616643e+01,3.799999e+00,1.444000e-09,1.500000e-05
8.618543e+01,3.799999e+00,1.444000e-09,1.500000e-05
8.620443e+01,3.799999e+00,1.444000e-09,1.500000e-05
8.622343e+01,3.799999e+00,1.444000e-09,1.500000e-05
8.624243e+01,3.799999e+00,1.444000e-09,1.500000e-05
8.626143e+01,3.799999e+00,1.444000e-09,1.500000e-05
8.628043e+01,3.799999e+00,1.444000e-09,1.500000e-05
8.629943e+01,3.799999e+00,1.444000e-09,1.500000e-05
8.631843e+01,3.799999e+00,1.444000e-09,1.500000e-05
8.633743e+01,3.799999e+00,1.444000e-09,1.500000e-05
8.635643e+01,3.799999e+00,1.444000e-09,1.500000e-05
8.637543e+01,3.799999e+00,1.444000e-09,1.500000e-05
8.639443e+01,3.799999e+00,1.444000e-09,1.500000e-05
8.641343e+01,3.799999e+00,1.444000e-09,1.500000e-05
8.643243e+01,3.799999e+00,1.444000e-09,1.500000e-05
8.645143e+01,3.799999e+00,1.444000e-09,1.500000e-05
8.647043e+01,3.799999e+00,1.444000e-09,1.500000e-05
8.648943e+01,3.799999e+00,1.444000e-09,1.500000e-05
8.650843e+01,3.799999e+00,1.444000e-09,1.500000e-05
8.652743e+01,3.799999e+00,1.444000e-09,1.500000e-05
8.654643e+01,3.799999e+00,1.444000e-09,1.500000e-05
8.656543e+01,3.799999e+00,1.444000e-09,1.500000e-05
8.658443e+01,3.799999e+00,1.444000e-09,1.500000e-05
8.660343e+01,3.799999e+00,1.444000e-09,1.500000e-05
8.662243e+01,3.799999e+00,1.444000e-09,1.500000e-05
8.664143e+01,3.799999e+00,1.444000e-09,1.500000e-05
8.666043e+01,3.799999e+00,1.444000e-09,1.500000e-05
8.667943e+01,3.799999e+00,1.444000e-09,1.500000e-05
8.669843e+01,3.799999e+00,1.444000e-09,1.500000e-05
8.671743e+01,3.799999e+00,1.444000e-09,1.500000e-05
8.673643e+01,3.799999e+00,1.444000e-09,1.500000e-05
8.675543e+01,3.799999e+00,1.444000e-09,1.500000e-05
8.677443e+01,3.799999e+00,1.444000e-09,1.500000e-05
8.679343e+01,3.799999e+00,1.444000e-09,1.500000e-05
8.681243e+01,3.799999e+00,1.444000e-09,1.500000e-05
8.683143e+01,3.799999e+00,1.444000e-09,1.500000e-05
8.685043e+01,3.799999e+00,1.444000e-09,1.500000e-05
8.686943e+01,3.799999e+00,1.444000e-09,1.500000e-05
8.688843e+01,3.799999e+00,1.444000e-09,1.500000e-05
8.690743e+01,3.799999e+00,1.444000e-09,1.500000e-05
8.692643e+01,3.799999e+00,1.444000e-09,1.500000e-05
8.694543e+01,3.799999e+00,1.444000e-09,1.500000e-05
8.696443e+01,3.799999e+00,1.444000e-09,1.500000e-05
8.698343e+01,3.799999e+00,1.444000e-09,1.500000e-05
8.700243e+01,3.799999e+00,1.444000e-09,1.500000e-05
8.702143e+01,3.799999e+00,1.444000e-09,1.500000e-05
8.704043e+01,3.799999e+00,1.444000e-09,1.500000e-05
8.705943e+01,3.799999e+00,1.444000e-09,1.500000e-05
8.707843e+01,3.799999e+00,1.444000e-09,1.500000e-05
8.709743e+01,3.799999e+00,1.444000e-09,1.500000e-05
8.711643e+01,3.799999e+00,1.444000e-09,1.500000e-05
8.713543e+01,3.799999e+00,1.444000e-09,1.500000e-05
8.715443e+01,3.799999e+00,1.444000e-09,1.500000e-05
8.717343e+01,3.799999e+00,1.444000e-09,1.500000e-05
8.719243e+01,3.799999e+00,1.444000e-09,1.500000e-05
8.721143e+01,3.799999e+00,1.444000e-09,1.500000e-05
8.723043e+01,3.799999e+00,1.444000e-09,1.500000e-05
8.724943e+01,3.799999e+00,1.444000e-09,1.500000e-05
8.726843e+01,3.799999e+00,1.444000e-09,1.500000e-05
8.728743e+01,3.799999e+00,1.444000e-09,1.500000e-05
8.730643e+01,3.799999e+00,1.444000e-09,1.500000e-05
8.732543e+01,3.799999e+00,1.444000e-09,1.500000e-05
8.734443e+01,3.799999e+00,1.444000e-09,1.500000e-05
8.736343e+01,3.799999e+00,1.444000e-09,1.500000e-05
8.738243e+01,3.799999e+00,1.444000e-09,1.500000e-05
8.740143e+01,3.799999e+00,1.444000e-09,1.500000e-05
8.742043e+01,3.799999e+00,1.444000e-09,1.500000e-05
8.743943e+01,3.799999e+00,1.444000e-09,1.500000e-05
8.745843e+01,3.799999e+00,1.444000e-09,1.500000e-05
8.747743e+01,3.799999e+00,1.444000e-09,1.500000e-05
8.749643e+01,3.799999e+00,1.444000e-09,1.500000e-05
8.751543e+01,3.799999e+00,1.444000e-09,1.500000e-05
8.753443e+01,3.799999e+00,1.444000e-09,1.500000e-05
8.755343e+01,3.799999e+00,1.444000e-09,1.500000e-05
8.757243e+01,3.799999e+00,1.444000e-09,1.500000e-05
8.759143e+01,3.799999e+00,1.444000e-09,1.500000e-05
8.761043e+01,3.799999e+00,1.444000e-09,1.500000e-05
8.762943e+01,3.799999e+00,1.444000e-09,1.500000e-05
8.764843e+01,3.799999e+00,1.444000e-09,1.500000e-05
8.766743e+01,3.799999e+00,1.444000e-09,1.500000e-05
8.768643e+01,3.799999e+00,1.444000e-09,1.500000e-05
8.770543e+01,3.799999e+00,1.444000e-09,1.500000e-05
8.772443e+01,3.799999e+00,1.444000e-09,1.500000e-05
8.774343e+01,3.799999e+00,1.444000e-09,1.500000e-05
8.776243e+01,3.799999e+00,1.444000e-09,1.500000e-05
8.778143e+01,3.799999e+00,1.444000e-09,1.500000e-05
8.780043e+01,3.799999e+00,1.444000e-09,1.500000e-05
8.781943e+01,3.799999e+00,1.444000e-09,1.500000e-05
8.783843e+01,3.799999e+00,1.444000e-09,1.500000e-05
8.785743e+01,3.799999e+00,1.444000e-09,1.500000e-05
8.787643e+01,3.799999e+00,1.444000e-09,1.500000e-05
8.789543e+01,3.799999e+00,1.444000e-09,1.500000e-05
8.791443e+01,3.799999e+00,1.444000e-09,1.500000e-05
8.793343e+01,3.799999e+00,1.444000e-09,1.500000e-05
8.795243e+01,3.799999e+00,1.444000e-09,1.500000e-05
8.797143e+01,3.799999e+00,1.444000e-09,1.500000e-05
8.799043e+01,3.799999e+00,1.444000e-09,1.500000e-05
8.800943e+01,3.799999e+00,1.444000e-09,1.500000e-05
8.802843e+01,3.799999e+00,1.444000e-09,1.500000e-05
8.804743e+01,3.799999e+00,1.444000e-09,1.500000e-05
8.806643e+01,3.799999e+00,1.444000e-09,1.500000e-05
8.808543e+01,3.799999e+00,1.444000e-09,1.500000e-05
8.810443e+01,3.799999e+00,1.444000e-09,1.500000e-05
8.812343e+01,3.799999e+00,1.444000e-09,1.500000e-05
8.814243e+01,3.799999e+00,1.444000e-09,1.500000e-05
8.816143e+01,3.799999e+00,1.444000e-09,1.500000e-05
8.818043e+01,3.799999e+00,1.444000e-09,1.500000e-05
8.819943e+01,3.799999e+00,1.444000e-09,1.500000e-05
8.821843e+01,3.799999e+00,1.444000e-09,1.500000e-05
8.823743e+01,3.799999e+00,1.444000e-09,1.500000e-05
8.825643e+01,3.799999e+00,1.444000e-09,1.500000e-05
8.827543e+01,3.799999e+00,1.444000e-09,1.500000e-05
8.829443e+01,3.799999e+00,1.444000e-09,1.500000e-05
8.831343e+01,3.799999e+00,1.444000e-09,1.500000e-05
8.833243e+01,3.799999e+00,1.444000e-09,1.500000e-05
8.835143e+01,3.799999e+00,1.444000e-09,1.500000e-05
8.837043e+01,3.799999e+00,1.444000e-09,1.500000e-05
8.838943e+01,3.799999e+00,1.444000e-09,1.500000e-05
8.840843e+01,3.799999e+00,1.444000e-09,1.500000e-05
8.842743e+01,3.799999e+00,1.444000e-09,1.500000e-05
8.844643e+01,3.799999e+00,1.444000e-09,1.500000e-05
8.846543e+01,3.799999e+00,1.444000e-09,1.500000e-05
8.848443e+01,3.799999e+00,1.444000e-09,1.500000e-05
8.850343e+01,3.799999e+00,1.444000e-09,1.500000e-05
8.852243e+01,3.799999e+00,1.444000e-09,1.500000e-05
8.854143e+01,3.799999e+00,1.444000e-09,1.500000e-05
8.856043e+01,3.799999e+00,1.444000e-09,1.500000e-05
8.857943e+01,3.799999e+00,1.444000e-09,1.500000e-05
8.859843e+01,3.799999e+00,1.444000e-09,1.500000e-05
8.861743e+01,3.799999e+00,1.444000e-09,1.500000e-05
8.863643e+01,3.799999e+00,1.444000e-09,1.500000e-05
8.865543e+01,3.799999e+00,1.444000e-09,1.500000e-05
8.867443e+01,3.799999e+00,1.444000e-09,1.500000e-05
8.869343e+01,3.799999e+00,1.444000e-09,1.500000e-05
8.871243e+01,3.799999e+00,1.444000e-09,1.500000e-05
8.873143e+01,3.799999e+00,1.444000e-09,1.500000e-05
8.875043e+01,3.799999e+00,1.444000e-09,1.500000e-05
8.876943e+01,3.799999e+00,1.444000e-09,1.500000e-05
8.878843e+01,3.799999e+00,1.444000e-09,1.500000e-05
8.880743e+01,3.799999e+00,1.444000e-09,1.500000e-05
8.882643e+01,3.799999e+00,1.444000e-09,1.500000e-05
8.884543e+01,3.799999e+00,1.444000e-09,1.500000e-05
8.886443e+01,3.799999e+00,1.444000e-09,1.500000e-05
8.888343e+01,3.799999e+00,1.444000e-09,1.500000e-05
8.890243e+01,3.799999e+00,1.444000e-09,1.500000e-05
8.892143e+01,3.799999e+00,1.444000e-09,1.500000e-05
8.894043e+01,3.799999e+00,1.444000e-09,1.500000e-05
8.895943e+01,3.799999e+00,1.444000e-09,1.500000e-05
8.897843e+01,3.799999e+00,1.444000e-09,1.500000e-05
8.899743e+01,3.799999e+00,1.444000e-09,1.500000e-05
8.901643e+01,3.799999e+00,1.444000e-09,1.500000e-05
8.903543e+01,3.799999e+00,1.444000e-09,1.500000e-05
8.905443e+01,3.799999e+00,1.444000e-09,1.500000e-05
8.907343e+01,3.799999e+00,1.444000e-09,1.500000e-05
8.909243e+01,3.799999e+00,1.444000e-09,1.500000e-05
8.911143e+01,3.799999e+00,1.444000e-09,1.500000e-05
8.913043e+01,3.799999e+00,1.444000e-09,1.500000e-05
8.914943e+01,3.799999e+00,1.444000e-09,1.500000e-05
8.916843e+01,3.799999e+00,1.444000e-09,1.500000e-05
8.918743e+01,3.799999e+00,1.444000e-09,1.500000e-05
8.920643e+01,3.799999e+00,1.444000e-09,1.500000e-05
8.922543e+01,3.799999e+00,1.444000e-09,1.500000e-05
8.924443e+01,3.799999e+00,1.444000e-09,1.500000e-05
8.926343e+01,3.799999e+00,1.444000e-09,1.500000e-05
8.928243e+01,3.799999e+00,1.444000e-09,1.500000e-05
8.930143e+01,3.799999e+00,1.444000e-09,1.500000e-05
8.932043e+01,3.799999e+00,1.444000e-09,1.500000e-05
8.933943e+01,3.799999e+00,1.444000e-09,1.500000e-05
8.935843e+01,3.799999e+00,1.444000e-09,1.500000e-05
8.937743e+01,3.799999e+00,1.444000e-09,1.500000e-05
8.939643e+01,3.799999e+00,1.444000e-09,1.500000e-05
8.941543e+01,3.799999e+00,1.444000e-09,1.500000e-05
8.943443e+01,3.799999e+00,1.444000e-09,1.500000e-05
8.945343e+01,3.799999e+00,1.444000e-09,1.500000e-05
8.947243e+01,3.799999e+00,1.444000e-09,1.500000e-05
8.949143e+01,3.799999e+00,1.444000e-09,1.500000e-05
8.951043e+01,3.799999e+00,1.444000e-09,1.500000e-05
8.952943e+01,3.799999e+00,1.444000e-09,1.500000e-05
8.954843e+01,3.799999e+00,1.444000e-09,1.500000e-05
8.956743e+01,3.799999e+00,1.444000e-09,1.500000e-05
8.958643e+01,3.799999e+00,1.444000e-09,1.500000e-05
8.960543e+01,3.799999e+00,1.444000e-09,1.500000e-05
8.962443e+01,3.799999e+00,1.444000e-09,1.500000e-05
8.964343e+01,3.799999e+00,1.444000e-09,1.500000e-05
8.966243e+01,3.799999e+00,1.444000e-09,1.500000e-05
8.968143e+01,3.799999e+00,1.444000e-09,1.500000e-05
8.970043e+01,3.799999e+00,1.444000e-09,1.500000e-05
8.971943e+01,3.799999e+00,1.444000e-09,1.500000e-05
8.973843e+01,3.799999e+00,1.444000e-09,1.500000e-05
8.975743e+01,3.799999e+00,1.444000e-09,1.500000e-05
8.977643e+01,3.799999e+00,1.444000e-09,1.500000e-05
8.979543e+01,3.799999e+00,1.444000e-09,1.500000e-05
8.981443e+01,3.799999e+00,1.444000e-09,1.500000e-05
8.983343e+01,3.799999e+00,1.444000e-09,1.500000e-05
8.985243e+01,3.799999e+00,1.444000e-09,1.500000e-05
8.987143e+01,3.799999e+00,1.444000e-09,1.500000e-05
8.989043e+01,3.799999e+00,1.444000e-09,1.500000e-05
8.990943e+01,3.799999e+00,1.444000e-09,1.500000e-05
8.992843e+01,3.799999e+00,1.444000e-09,1.500000e-05
8.994743e+01,3.799999e+00,1.444000e-09,1.500000e-05
8.996643e+01,3.799999e+00,1.444000e-09,1.500000e-05
8.998543e+01,3.799999e+00,1.444000e-09,1.500000e-05
9.000443e+01,3.799999e+00,1.444000e-09,1.500000e-05
9.002343e+01,3.799999e+00,1.444000e-09,1.500000e-05
9.004243e+01,3.799999e+00,1.444000e-09,1.500000e-05
9.006143e+01,3.799999e+00,1.444000e-09,1.500000e-05
9.008043e+01,3.799999e+00,1.444000e-09,1.500000e-05
9.009943e+01,3.799999e+00,1.444000e-09,1.500000e-05
9.011843e+01,3.799999e+00,1.444000e-09,1.500000e-05
9.013743e+01,3.799999e+00,1.444000e-09,1.500000e-05
9.015643e+01,3.799999e+00,1.444000e-09,1.500000e-05
9.017543e+01,3.799999e+00,1.444000e-09,1.500000e-05
9.019443e+01,3.799999e+00,1.444000e-09,1.500000e-05
9.021343e+01,3.799999e+00,1.444000e-09,1.500000e-05
9.023243e+01,3.799999e+00,1.444000e-09,1.500000e-05
9.025143e+01,3.799999e+00,1.444000e-09,1.500000e-05
9.027043e+01,3.799999e+00,1.444000e-09,1.500000e-05
9.028943e+01,3.799999e+00,1.444000e-09,1.500000e-05
9.030843e+01,3.799999e+00,1.444000e-09,1.500000e-05
9.032743e+01,3.799999e+00,1.444000e-09,1.500000e-05
9.034643e+01,3.799999e+00,1.444000e-09,1.500000e-05
9.036543e+01,3.799999e+00,1.444000e-09,1.500000e-05
9.038443e+01,3.799999e+00,1.444000e-09,1.500000e-05
9.040343e+01,3.799999e+00,1.444000e-09,1.500000e-05
9.042243e+01,3.799999e+00,1.444000e-09,1.500000e-05
9.044143e+01,3.799999e+00,1.444000e-09,1.500000e-05
9.046043e+01,3.799999e+00,1.444000e-09,1.500000e-05
9.047943e+01,3.799999e+00,1.444000e-09,1.500000e-05
9.049843e+01,3.799999e+00,1.444000e-09,1.500000e-05
9.051743e+01,3.799999e+00,1.444000e-09,1.500000e-05
9.053643e+01,3.799999e+00,1.444000e-09,1.500000e-05
9.055543e+01,3.799999e+00,1.444000e-09,1.500000e-05
9.057443e+01,3.799999e+00,1.444000e-09,1.500000e-05
9.059343e+01,3.799999e+00,1.444000e-09,1.500000e-05
9.061243e+01,3.799999e+00,1.444000e-09,1.500000e-05
9.063143e+01,3.799999e+00,1.444000e-09,1.500000e-05
9.065043e+01,3.799999e+00,1.444000e-09,1.500000e-05
9.066943e+01,3.799999e+00,1.444000e-09,1.500000e-05
9.068843e+01,3.799999e+00,1.444000e-09,1.500000e-05
9.070743e+01,3.799999e+00,1.444000e-09,1.500000e-05
9.072643e+01,3.799999e+00,1.444000e-09,1.500000e-05
9.074543e+01,3.799999e+00,1.444000e-09,1.500000e-05
9.076443e+01,3.799999e+00,1.444000e-09,1.500000e-05
9.078343e+01,3.799999e+00,1.444000e-09,1.500000e-05
9.080243e+01,3.799999e+00,1.444000e-09,1.500000e-05
9.082143e+01,3.799999e+00,1.444000e-09,1.500000e-05
9.084043e+01,3.799999e+00,1.444000e-09,1.500000e-05
9.085943e+01,3.799999e+00,1.444000e-09,1.500000e-05
9.087843e+01,3.799999e+00,1.444000e-09,1.500000e-05
9.089743e+01,3.799999e+00,1.444000e-09,1.500000e-05
9.091643e+01,3.799999e+00,1.444000e-09,1.500000e-05
9.093543e+01,3.799999e+00,1.444000e-09,1.500000e-05
9.095443e+01,3.799999e+00,1.444000e-09,1.500000e-05
9.097343e+01,3.799999e+00,1.444000e-09,1.500000e-05
9.099243e+01,3.799999e+00,1.444000e-09,1.500000e-05
9.101143e+01,3.799999e+00,1.444000e-09,1.500000e-05
9.103043e+01,3.799999e+00,1.444000e-09,1.500000e-05
9.104943e+01,3.799999e+00,1.444000e-09,1.500000e-05
9.106843e+01,3.799999e+00,1.444000e-09,1.500000e-05
9.108743e+01,3.799999e+00,1.444000e-09,1.500000e-05
9.110643e+01,3.799999e+00,1.444000e-09,1.500000e-05
9.112543e+01,3.799999e+00,1.444000e-09,1.500000e-05
9.114443e+01,3.799999e+00,1.444000e-09,1.500000e-05
9.116343e+01,3.799999e+00,1.444000e-09,1.500000e-05
9.118243e+01,3.799999e+00,1.444000e-09,1.500000e-05
9.120143e+01,3.799999e+00,1.444000e-09,1.500000e-05
9.122043e+01,3.799999e+00,1.444000e-09,1.500000e-05
9.123943e+01,3.799999e+00,1.444000e-09,1.500000e-05
9.125843e+01,3.799999e+00,1.444000e-09,1.500000e-05
9.127743e+01,3.799999e+00,1.444000e-09,1.500000e-05
9.129643e+01,3.799999e+00,1.444000e-09,1.500000e-05
9.131543e+01,3.799999e+00,1.444000e-09,1.500000e-05
9.133443e+01,3.799999e+00,1.444000e-09,1.500000e-05
9.135343e+01,3.799999e+00,1.444000e-09,1.500000e-05
9.137243e+01,3.799999e+00,1.444000e-09,1.500000e-05
9.139143e+01,3.799999e+00,1.444000e-09,1.500000e-05
9.141043e+01,3.799999e+00,1.444000e-09,1.500000e-05
9.142943e+01,3.799999e+00,1.444000e-09,1.500000e-05
9.144843e+01,3.799999e+00,1.444000e-09,1.500000e-05
9.146743e+01,3.799999e+00,1.444000e-09,1.500000e-05
9.148643e+01,3.799999e+00,1.444000e-09,1.500000e-05
9.150543e+01,3.799999e+00,1.444000e-09,1.500000e-05
9.152443e+01,3.799999e+00,1.444000e-09,1.500000e-05
9.154343e+01,3.799999e+00,1.444000e-09,1.500000e-05
9.156243e+01,3.799999e+00,1.444000e-09,1.500000e-05
9.158143e+01,3.799999e+00,1.444000e-09,1.500000e-05
9.160043e+01,3.799999e+00,1.444000e-09,1.500000e-05
9.161943e+01,3.799999e+00,1.444000e-09,1.500000e-05
9.163843e+01,3.799999e+00,1.444000e-09,1.500000e-05
9.165743e+01,3.799999e+00,1.444000e-09,1.500000e-05
9.167643e+01,3.799999e+00,1.444000e-09,1.500000e-05
9.169543e+01,3.799999e+00,1.444000e-09,1.500000e-05
9.171443e+01,3.799999e+00,1.444000e-09,1.500000e-05
9.173343e+01,3.799999e+00,1.444000e-09,1.500000e-05
9.175243e+01,3.799999e+00,1.444000e-09,1.500000e-05
9.177143e+01,3.799999e+00,1.444000e-09,1.500000e-05
9.179043e+01,3.799999e+00,1.444000e-09,1.500000e-05
9.180943e+01,3.799999e+00,1.444000e-09,1.500000e-05
9.182843e+01,3.799999e+00,1.444000e-09,1.500000e-05
9.184743e+01,3.799999e+00,1.444000e-09,1.500000e-05
9.186643e+01,3.799999e+00,1.444000e-09,1.500000e-05
9.188543e+01,3.799999e+00,1.444000e-09,1.500000e-05
9.190443e+01,3.799999e+00,1.444000e-09,1.500000e-05
9.192343e+01,3.799999e+00,1.444000e-09,1.500000e-05
9.194243e+01,3.799999e+00,1.444000e-09,1.500000e-05
9.196143e+01,3.799999e+00,1.444000e-09,1.500000e-05
9.198043e+01,3.799999e+00,1.444000e-09,1.500000e-05
9.199943e+01,3.799999e+00,1.444000e-09,1.500000e-05
9.201843e+01,3.799999e+00,1.444000e-09,1.500000e-05
9.203743e+01,3.799999e+00,1.444000e-09,1.500000e-05
9.205643e+01,3.799999e+00,1.444000e-09,1.500000e-05
9.207543e+01,3.799999e+00,1.444000e-09,1.500000e-05
9.209443e+01,3.799999e+00,1.444000e-09,1.500000e-05
9.211343e+01,3.799999e+00,1.444000e-09,1.500000e-05
9.213243e+01,3.799999e+00,1.444000e-09,1.500000e-05
9.215143e+01,3.799999e+00,1.444000e-09,1.500000e-05
9.217043e+01,3.799999e+00,1.444000e-09,1.500000e-05
9.218943e+01,3.799999e+00,1.444000e-09,1.500000e-05
9.220843e+01,3.799999e+00,1.444000e-09,1.500000e-05
9.222743e+01,3.799999e+00,1.444000e-09,1.500000e-05
9.224643e+01,3.799999e+00,1.444000e-09,1.500000e-05
9.226543e+01,3.799999e+00,1.444000e-09,1.500000e-05
9.228443e+01,3.799999e+00,1.444000e-09,1.500000e-05
9.230343e+01,3.799999e+00,1.444000e-09,1.500000e-05
9.232243e+01,3.799999e+00,1.444000e-09,1.500000e-05
9.234143e+01,3.799999e+00,1.444000e-09,1.500000e-05
9.236043e+01,3.799999e+00,1.444000e-09,1.500000e-05
9.237943e+01,3.799999e+00,1.444000e-09,1.500000e-05
9.239843e+01,3.799999e+00,1.444000e-09,1.500000e-05
9.241743e+01,3.799999e+00,1.444000e-09,1.500000e-05
9.243643e+01,3.799999e+00,1.444000e-09,1.500000e-05
9.245543e+01,3.799999e+00,1.444000e-09,1.500000e-05
9.247443e+01,3.799999e+00,1.444000e-09,1.500000e-05
9.249343e+01,3.799999e+00,1.444000e-09,1.500000e-05
9.251243e+01,3.799999e+00,1.444000e-09,1.500000e-05
9.253143e+01,3.799999e+00,1.444000e-09,1.500000e-05
9.255043e+01,3.799999e+00,1.444000e-09,1.500000e-05
9.256943e+01,3.799999e+00,1.444000e-09,1.500000e-05
9.258843e+01,3.799999e+00,1.444000e-09,1.500000e-05
9.260743e+01,3.799999e+00,1.444000e-09,1.500000e-05
9.262643e+01,3.799999e+00,1.444000e-09,1.500000e-05
9.264543e+01,3.799999e+00,1.444000e-09,1.500000e-05
9.266443e+01,3.799999e+00,1.444000e-09,1.500000e-05
9.268343e+01,3.799999e+00,1.444000e-09,1.500000e-05
9.270243e+01,3.799999e+00,1.444000e-09,1.500000e-05
9.272143e+01,3.799999e+00,1.444000e-09,1.500000e-05
9.274043e+01,3.799999e+00,1.444000e-09,1.500000e-05
9.275943e+01,3.799999e+00,1.444000e-09,1.500000e-05
9.277843e+01,3.799999e+00,1.444000e-09,1.500000e-05
9.279743e+01,3.799999e+00,1.444000e-09,1.500000e-05
9.281643e+01,3.799999e+00,1.444000e-09,1.500000e-05
9.283543e+01,3.799999e+00,1.444000e-09,1.500000e-05
9.285443e+01,3.799999e+00,1.444000e-09,1.500000e-05
9.287343e+01,3.799999e+00,1.444000e-09,1.500000e-05
9.289243e+01,3.799999e+00,1.444000e-09,1.500000e-05
9.291143e+01,3.799999e+00,1.444000e-09,1.500000e-05
9.293043e+01,3.799999e+00,1.444000e-09,1.500000e-05
9.294943e+01,3.799999e+00,1.444000e-09,1.500000e-05
9.296843e+01,3.799999e+00,1.444000e-09,1.500000e-05
9.298743e+01,3.799999e+00,1.444000e-09,1.500000e-05
9.300643e+01,3.799999e+00,1.444000e-09,1.500000e-05
9.302543e+01,3.799999e+00,1.444000e-09,1.500000e-05
9.304443e+01,3.799999e+00,1.444000e-09,1.500000e-05
9.306343e+01,3.799999e+00,1.444000e-09,1.500000e-05
9.308243e+01,3.799999e+00,1.444000e-09,1.500000e-05
9.310143e+01,3.799999e+00,1.444000e-09,1.500000e-05
9.312043e+01,3.799999e+00,1.444000e-09,1.500000e-05
9.313943e+01,3.799999e+00,1.444000e-09,1.500000e-05
9.315843e+01,3.799999e+00,1.444000e-09,1.500000e-05
9.317743e+01,3.799999e+00,1.444000e-09,1.500000e-05
9.319643e+01,3.799999e+00,1.444000e-09,1.500000e-05
9.321543e+01,3.799999e+00,1.444000e-09,1.500000e-05
9.323443e+01,3.799999e+00,1.444000e-09,1.500000e-05
9.325343e+01,3.799999e+00,1.444000e-09,1.500000e-05
9.327243e+01,3.799999e+00,1.444000e-09,1.500000e-05
9.329143e+01,3.799999e+00,1.444000e-09,1.500000e-05
9.331043e+01,3.799999e+00,1.444000e-09,1.500000e-05
9.332943e+01,3.799999e+00,1.444000e-09,1.500000e-05
9.334843e+01,3.799999e+00,1.444000e-09,1.500000e-05
9.336743e+01,3.799999e+00,1.444000e-09,1.500000e-05
9.338643e+01,3.799999e+00,1.444000e-09,1.500000e-05
9.340543e+01,3.799999e+00,1.444000e-09,1.500000e-05
9.342443e+01,3.799999e+00,1.444000e-09,1.500000e-05
9.344343e+01,3.799999e+00,1.444000e-09,1.500000e-05
9.346243e+01,3.799999e+00,1.444000e-09,1.500000e-05
9.348143e+01,3.799999e+00,1.444000e-09,1.500000e-05
9.350043e+01,3.799999e+00,1.444000e-09,1.500000e-05
9.351943e+01,3.799999e+00,1.444000e-09,1.500000e-05
9.353843e+01,3.799999e+00,1.444000e-09,1.500000e-05
9.355743e+01,3.799999e+00,1.444000e-09,1.500000e-05
9.357643e+01,3.799999e+00,1.444000e-09,1.500000e-05
9.359543e+01,3.799999e+00,1.444000e-09,1.500000e-05
9.361443e+01,3.799999e+00,1.444000e-09,1.500000e-05
9.363343e+01,3.799999e+00,1.444000e-09,1.500000e-05
9.365243e+01,3.799999e+00,1.444000e-09,1.500000e-05
9.367143e+01,3.799999e+00,1.444000e-09,1.500000e-05
9.369043e+01,3.799999e+00,1.444000e-09,1.500000e-05
9.370943e+01,3.799999e+00,1.444000e-09,1.500000e-05
9.372843e+01,3.799999e+00,1.444000e-09,1.500000e-05
9.374743e+01,3.799999e+00,1.444000e-09,1.500000e-05
9.376643e+01,3.799999e+00,1.444000e-09,1.500000e-05
9.378543e+01,3.799999e+00,1.444000e-09,1.500000e-05
9.380443e+01,3.799999e+00,1.444000e-09,1.500000e-05
9.382343e+01,3.799999e+00,1.444000e-09,1.500000e-05
9.384243e+01,3.799999e+00,1.444000e-09,1.500000e-05
9.386143e+01,3.799999e+00,1.444000e-09,1.500000e-05
9.388043e+01,3.799999e+00,1.444000e-09,1.500000e-05
9.389943e+01,3.799999e+00,1.444000e-09,1.500000e-05
9.391843e+01,3.799999e+00,1.444000e-09,1.500000e-05
9.393743e+01,3.799999e+00,1.444000e-09,1.500000e-05
9.395643e+01,3.799999e+00,1.444000e-09,1.500000e-05
9.397543e+01,3.799999e+00,1.444000e-09,1.500000e-05
9.399443e+01,3.799999e+00,1.444000e-09,1.500000e-05
9.401343e+01,3.799999e+00,1.444000e-09,1.500000e-05
9.403243e+01,3.799999e+00,1.444000e-09,1.500000e-05
9.405143e+01,3.799999e+00,1.444000e-09,1.500000e-05
9.407043e+01,3.799999e+00,1.444000e-09,1.500000e-05
9.408943e+01,3.799999e+00,1.444000e-09,1.500000e-05
9.410843e+01,3.799999e+00,1.444000e-09,1.500000e-05
9.412743e+01,3.799999e+00,1.444000e-09,1.500000e-05
9.414643e+01,3.799999e+00,1.444000e-09,1.500000e-05
9.416543e+01,3.799999e+00,1.444000e-09,1.500000e-05
9.418443e+01,3.799999e+00,1.444000e-09,1.500000e-05
9.420343e+01,3.799999e+00,1.444000e-09,1.500000e-05
9.422243e+01,3.799999e+00,1.444000e-09,1.500000e-05
9.424143e+01,3.799999e+00,1.444000e-09,1.500000e-05
9.426043e+01,3.799999e+00,1.444000e-09,1.500000e-05
9.427943e+01,3.799999e+00,1.444000e-09,1.500000e-05
9.429843e+01,3.799999e+00,1.444000e-09,1.500000e-05
9.431743e+01,3.799999e+00,1.444000e-09,1.500000e-05
9.433643e+01,3.799999e+00,1.444000e-09,1.500000e-05
9.435543e+01,3.799999e+00,1.444000e-09,1.500000e-05
9.437443e+01,3.799999e+00,1.444000e-09,1.500000e-05
9.439343e+01,3.799999e+00,1.444000e-09,1.500000e-05
9.441243e+01,3.799999e+00,1.444000e-09,1.500000e-05
9.443143e+01,3.799999e+00,1.444000e-09,1.500000e-05
9.445043e+01,3.799999e+00,1.444000e-09,1.500000e-05
9.446943e+01,3.799999e+00,1.444000e-09,1.500000e-05
9.448843e+01,3.799999e+00,1.444000e-09,1.500000e-05
9.450743e+01,3.799999e+00,1.444000e-09,1.500000e-05
9.452643e+01,3.799999e+00,1.444000e-09,1.500000e-05
9.454543e+01,3.799999e+00,1.444000e-09,1.500000e-05
9.456443e+01,3.799999e+00,1.444000e-09,1.500000e-05
9.458343e+01,3.799999e+00,1.444000e-09,1.500000e-05
9.460243e+01,3.799999e+00,1.444000e-09,1.500000e-05
9.462143e+01,3.799999e+00,1.444000e-09,1.500000e-05
9.464043e+01,3.799999e+00,1.444000e-09,1.500000e-05
9.465943e+01,3.799999e+00,1.444000e-09,1.500000e-05
9.467843e+01,3.799999e+00,1.444000e-09,1.500000e-05
9.469743e+01,3.799999e+00,1.444000e-09,1.500000e-05
9.471643e+01,3.799999e+00,1.444000e-09,1.500000e-05
9.473543e+01,3.799999e+00,1.444000e-09,1.500000e-05
9.475443e+01,3.799999e+00,1.444000e-09,1.500000e-05
9.477343e+01,3.799999e+00,1.444000e-09,1.500000e-05
9.479243e+01,3.799999e+00,1.444000e-09,1.500000e-05
9.481143e+01,3.799999e+00,1.444000e-09,1.500000e-05
9.483043e+01,3.799999e+00,1.444000e-09,1.500000e-05
9.484943e+01,3.799999e+00,1.444000e-09,1.500000e-05
9.486843e+01,3.799999e+00,1.444000e-09,1.500000e-05
9.488743e+01,3.799999e+00,1.444000e-09,1.500000e-05
9.490643e+01,3.799999e+00,1.444000e-09,1.500000e-05
9.492543e+01,3.799999e+00,1.444000e-09,1.500000e-05
9.494443e+01,3.799999e+00,1.444000e-09,1.500000e-05
9.496343e+01,3.799999e+00,1.444000e-09,1.500000e-05
9.498243e+01,3.799999e+00,1.444000e-09,1.500000e-05
9.500143e+01,3.799999e+00,1.444000e-09,1.500000e-05
9.502043e+01,3.799999e+00,1.444000e-09,1.500000e-05
9.503943e+01,3.799999e+00,1.444000e-09,1.500000e-05
9.505843e+01,3.799999e+00,1.444000e-09,1.500000e-05
9.507743e+01,3.799999e+00,1.444000e-09,1.500000e-05
9.509643e+01,3.799999e+00,1.444000e-09,1.500000e-05
9.511543e+01,3.799999e+00,1.444000e-09,1.500000e-05
9.513443e+01,3.799999e+00,1.444000e-09,1.500000e-05
9.515343e+01,3.799999e+00,1.444000e-09,1.500000e-05
9.517243e+01,3.799999e+00,1.444000e-09,1.500000e-05
9.519143e+01,3.799999e+00,1.444000e-09,1.500000e-05
9.521043e+01,3.799999e+00,1.444000e-09,1.500000e-05
9.522943e+01,3.799999e+00,1.444000e-09,1.500000e-05
9.524843e+01,3.799999e+00,1.444000e-09,1.500000e-05
9.526743e+01,3.799999e+00,1.444000e-09,1.500000e-05
9.528643e+01,3.799999e+00,1.444000e-09,1.500000e-05
9.530543e+01,3.799999e+00,1.444000e-09,1.500000e-05
9.532443e+01,3.799999e+00,1.444000e-09,1.500000e-05
9.534343e+01,3.799999e+00,1.444000e-09,1.500000e-05
9.536243e+01,3.799999e+00,1.444000e-09,1.500000e-05
9.538143e+01,3.799999e+00,1.444000e-09,1.500000e-05
9.540043e+01,3.799999e+00,1.444000e-09,1.500000e-05
9.541943e+01,3.799999e+00,1.444000e-09,1.500000e-05
9.543843e+01,3.799999e+00,1.444000e-09,1.500000e-05
9.545743e+01,3.799999e+00,1.444000e-09,1.500000e-05
9.547643e+01,3.799999e+00,1.444000e-09,1.500000e-05
9.549543e+01,3.799999e+00,1.444000e-09,1.500000e-05
9.551443e+01,3.799999e+00,1.444000e-09,1.500000e-05
9.553343e+01,3.799999e+00,1.444000e-09,1.500000e-05
9.555243e+01,3.799999e+00,1.444000e-09,1.500000e-05
9.557143e+01,3.799999e+00,1.444000e-09,1.500000e-05
9.559043e+01,3.799999e+00,1.444000e-09,1.500000e-05
9.560943e+01,3.799999e+00,1.444000e-09,1.500000e-05
9.562843e+01,3.799999e+00,1.444000e-09,1.500000e-05
9.564743e+01,3.799999e+00,1.444000e-09,1.500000e-05
9.566643e+01,3.799999e+00,1.444000e-09,1.500000e-05
9.568543e+01,3.799999e+00,1.444000e-09,1.500000e-05
9.570443e+01,3.799999e+00,1.444000e-09,1.500000e-05
9.572343e+01,3.799999e+00,1.444000e-09,1.500000e-05
9.574243e+01,3.799999e+00,1.444000e-09,1.500000e-05
9.576143e+01,3.799999e+00,1.444000e-09,1.500000e-05
9.578043e+01,3.799999e+00,1.444000e-09,1.500000e-05
9.579943e+01,3.799999e+00,1.444000e-09,1.500000e-05
9.581843e+01,3.799999e+00,1.444000e-09,1.500000e-05
9.583743e+01,3.799999e+00,1.444000e-09,1.500000e-05
9.585643e+01,3.799999e+00,1.444000e-09,1.500000e-05
9.587543e+01,3.799999e+00,1.444000e-09,1.500000e-05
9.589443e+01,3.799999e+00,1.444000e-09,1.500000e-05
9.591343e+01,3.799999e+00,1.444000e-09,1.500000e-05
9.593243e+01,3.799999e+00,1.444000e-09,1.500000e-05
9.595143e+01,3.799999e+00,1.444000e-09,1.500000e-05
9.597043e+01,3.799999e+00,1.444000e-09,1.500000e-05
9.598943e+01,3.799999e+00,1.444000e-09,1.500000e-05
9.600843e+01,3.799999e+00,1.444000e-09,1.500000e-05
9.602743e+01,3.799999e+00,1.444000e-09,1.500000e-05
9.604643e+01,3.799999e+00,1.444000e-09,1.500000e-05
9.606543e+01,3.799999e+00,1.444000e-09,1.500000e-05
9.608443e+01,3.799999e+00,1.444000e-09,1.500000e-05
9.610343e+01,3.799999e+00,1.444000e-09,1.500000e-05
9.612243e+01,3.799999e+00,1.444000e-09,1.500000e-05
9.614143e+01,3.799999e+00,1.444000e-09,1.500000e-05
9.616043e+01,3.799999e+00,1.444000e-09,1.500000e-05
9.617943e+01,3.799999e+00,1.444000e-09,1.500000e-05
9.619843e+01,3.799999e+00,1.444000e-09,1.500000e-05
9.621743e+01,3.799999e+00,1.444000e-09,1.500000e-05
9.623643e+01,3.799999e+00,1.444000e-09,1.500000e-05
9.625543e+01,3.799999e+00,1.444000e-09,1.500000e-05
9.627443e+01,3.799999e+00,1.444000e-09,1.500000e-05
9.629343e+01,3.799999e+00,1.444000e-09,1.500000e-05
9.631243e+01,3.799999e+00,1.444000e-09,1.500000e-05
9.633143e+01,3.799999e+00,1.444000e-09,1.500000e-05
9.635043e+01,3.799999e+00,1.444000e-09,1.500000e-05
9.636943e+01,3.799999e+00,1.444000e-09,1.500000e-05
9.638843e+01,3.799999e+00,1.444000e-09,1.500000e-05
9.640743e+01,3.799999e+00,1.444000e-09,1.500000e-05
9.642643e+01,3.799999e+00,1.444000e-09,1.500000e-05
9.644543e+01,3.799999e+00,1.444000e-09,1.500000e-05
9.646443e+01,3.799999e+00,1.444000e-09,1.500000e-05
9.648343e+01,3.799999e+00,1.444000e-09,1.500000e-05
9.650243e+01,3.799999e+00,1.444000e-09,1.500000e-05
9.652143e+01,3.799999e+00,1.444000e-09,1.500000e-05
9.654043e+01,3.799999e+00,1.444000e-09,1.500000e-05
9.655943e+01,3.799999e+00,1.444000e-09,1.500000e-05
9.657843e+01,3.799999e+00,1.444000e-09,1.500000e-05
9.659743e+01,3.799999e+00,1.444000e-09,1.500000e-05
9.661643e+01,3.799999e+00,1.444000e-09,1.500000e-05
9.663543e+01,3.799999e+00,1.444000e-09,1.500000e-05
9.665443e+01,3.799999e+00,1.444000e-09,1.500000e-05
9.667343e+01,3.799999e+00,1.444000e-09,1.500000e-05
9.669243e+01,3.799999e+00,1.444000e-09,1.500000e-05
9.671143e+01,3.799999e+00,1.444000e-09,1.500000e-05
9.673043e+01,3.799999e+00,1.444000e-09,1.500000e-05
9.674943e+01,3.799999e+00,1.444000e-09,1.500000e-05
9.676843e+01,3.799999e+00,1.444000e-09,1.500000e-05
9.678743e+01,3.799999e+00,1.444000e-09,1.500000e-05
9.680643e+01,3.799999e+00,1.444000e-09,1.500000e-05
9.682543e+01,3.799999e+00,1.444000e-09,1.500000e-05
9.684443e+01,3.799999e+00,1.444000e-09,1.500000e-05
9.686343e+01,3.799999e+00,1.444000e-09,1.500000e-05
9.688243e+01,3.799999e+00,1.444000e-09,1.500000e-05
9.690143e+01,3.799999e+00,1.444000e-09,1.500000e-05
9.692043e+01,3.799999e+00,1.444000e-09,1.500000e-05
9.693943e+01,3.799999e+00,1.444000e-09,1.500000e-05
9.695843e+01,3.799999e+00,1.444000e-09,1.500000e-05
9.697743e+01,3.799999e+00,1.444000e-09,1.500000e-05
9.699643e+01,3.799999e+00,1.444000e-09,1.500000e-05
9.701543e+01,3.799999e+00,1.444000e-09,1.500000e-05
9.703443e+01,3.799999e+00,1.444000e-09,1.500000e-05
9.705343e+01,3.799999e+00,1.444000e-09,1.500000e-05
9.707243e+01,3.799999e+00,1.444000e-09,1.500000e-05
9.709143e+01,3.799999e+00,1.444000e-09,1.500000e-05
9.711043e+01,3.799999e+00,1.444000e-09,1.500000e-05
9.712943e+01,3.799999e+00,1.444000e-09,1.500000e-05
9.714843e+01,3.799999e+00,1.444000e-09,1.500000e-05
9.716743e+01,3.799999e+00,1.444000e-09,1.500000e-05
9.718643e+01,3.799999e+00,1.444000e-09,1.500000e-05
9.720543e+01,3.799999e+00,1.444000e-09,1.500000e-05
9.722443e+01,3.799999e+00,1.444000e-09,1.500000e-05
9.724343e+01,3.799999e+00,1.444000e-09,1.500000e-05
9.726243e+01,3.799999e+00,1.444000e-09,1.500000e-05
9.728143e+01,3.799999e+00,1.444000e-09,1.500000e-05
9.730043e+01,3.799999e+00,1.444000e-09,1.500000e-05
9.731943e+01,3.799999e+00,1.444000e-09,1.500000e-05
9.733843e+01,3.799999e+00,1.444000e-09,1.500000e-05
9.735743e+01,3.799999e+00,1.444000e-09,1.500000e-05
9.737643e+01,3.799999e+00,1.444000e-09,1.500000e-05
9.739543e+01,3.799999e+00,1.444000e-09,1.500000e-05
9.741443e+01,3.799999e+00,1.444000e-09,1.500000e-05
9.743343e+01,3.799999e+00,1.444000e-09,1.500000e-05
9.745243e+01,3.799999e+00,1.444000e-09,1.500000e-05
9.747143e+01,3.799999e+00,1.444000e-09,1.500000e-05
9.749043e+01,3.799999e+00,1.444000e-09,1.500000e-05
9.750943e+01,3.799999e+00,1.444000e-09,1.500000e-05
9.752843e+01,3.799999e+00,1.444000e-09,1.500000e-05
9.754743e+01,3.799999e+00,1.444000e-09,1.500000e-05
9.756643e+01,3.799999e+00,1.444000e-09,1.500000e-05
9.758543e+01,3.799999e+00,1.444000e-09,1.500000e-05
9.760443e+01,3.799999e+00,1.444000e-09,1.500000e-05
9.762343e+01,3.799999e+00,1.444000e-09,1.500000e-05
9.764243e+01,3.799999e+00,1.444000e-09,1.500000e-05
9.766143e+01,3.799999e+00,1.444000e-09,1.500000e-05
9.768043e+01,3.799999e+00,1.444000e-09,1.500000e-05
9.769943e+01,3.799999e+00,1.444000e-09,1.500000e-05
9.771843e+01,3.799999e+00,1.444000e-09,1.500000e-05
9.773743e+01,3.799999e+00,1.444000e-09,1.500000e-05
9.775643e+01,3.799999e+00,1.444000e-09,1.500000e-05
9.777543e+01,3.799999e+00,1.444000e-09,1.500000e-05
9.779443e+01,3.799999e+00,1.444000e-09,1.500000e-05
9.781343e+01,3.799999e+00,1.444000e-09,1.500000e-05
9.783243e+01,3.799999e+00,1.444000e-09,1.500000e-05
9.785143e+01,3.799999e+00,1.444000e-09,1.500000e-05
9.787043e+01,3.799999e+00,1.444000e-09,1.500000e-05
9.788943e+01,3.799999e+00,1.444000e-09,1.500000e-05
9.790843e+01,3.799999e+00,1.444000e-09,1.500000e-05
9.792743e+01,3.799999e+00,1.444000e-09,1.500000e-05
9.794643e+01,3.799999e+00,1.444000e-09,1.500000e-05
9.796543e+01,3.799999e+00,1.444000e-09,1.500000e-05
9.798443e+01,3.799999e+00,1.444000e-09,1.500000e-05
9.800343e+01,3.799999e+00,1.444000e-09,1.500000e-05
9.802243e+01,3.799999e+00,1.444000e-09,1.500000e-05
9.804143e+01,3.799999e+00,1.444000e-09,1.500000e-05
9.806043e+01,3.799999e+00,1.444000e-09,1.500000e-05
9.807943e+01,3.799999e+00,1.444000e-09,1.500000e-05
9.809843e+01,3.799999e+00,1.444000e-09,1.500000e-05
9.811743e+01,3.799999e+00,1.444000e-09,1.500000e-05
9.813643e+01,3.799999e+00,1.444000e-09,1.500000e-05
9.815543e+01,3.799999e+00,1.444000e-09,1.500000e-05
9.817443e+01,3.799999e+00,1.444000e-09,1.500000e-05
9.819343e+01,3.799999e+00,1.444000e-09,1.500000e-05
9.821243e+01,3.799999e+00,1.444000e-09,1.500000e-05
9.823143e+01,3.799999e+00,1.444000e-09,1.500000e-05
9.825043e+01,3.799999e+00,1.444000e-09,1.500000e-05
9.826943e+01,3.799999e+00,1.444000e-09,1.500000e-05
9.828843e+01,3.799999e+00,1.444000e-09,1.500000e-05
9.830743e+01,3.799999e+00,1.444000e-09,1.500000e-05
9.832643e+01,3.799999e+00,1.444000e-09,1.500000e-05
9.834543e+01,3.799999e+00,1.444000e-09,1.500000e-05
9.836443e+01,3.799999e+00,1.444000e-09,1.500000e-05
9.838343e+01,3.799999e+00,1.444000e-09,1.500000e-05
9.840243e+01,3.799999e+00,1.444000e-09,1.500000e-05
9.842143e+01,3.799999e+00,1.444000e-09,1.500000e-05
9.844043e+01,3.799999e+00,1.444000e-09,1.500000e-05
9.845943e+01,3.799999e+00,1.444000e-09,1.500000e-05
9.847843e+01,3.799999e+00,1.444000e-09,1.500000e-05
9.849743e+01,3.799999e+00,1.444000e-09,1.500000e-05
9.851643e+01,3.799999e+00,1.444000e-09,1.500000e-05
9.853543e+01,3.799999e+00,1.444000e-09,1.500000e-05
9.855443e+01,3.799999e+00,1.444000e-09,1.500000e-05
9.857343e+01,3.799999e+00,1.444000e-09,1.500000e-05
9.859243e+01,3.799999e+00,1.444000e-09,1.500000e-05
9.861143e+01,3.799999e+00,1.444000e-09,1.500000e-05
9.863043e+01,3.799999e+00,1.444000e-09,1.500000e-05
9.864943e+01,3.799999e+00,1.444000e-09,1.500000e-05
9.866843e+01,3.799999e+00,1.444000e-09,1.500000e-05
9.868743e+01,3.799999e+00,1.444000e-09,1.500000e-05
9.870643e+01,3.799999e+00,1.444000e-09,1.500000e-05
9.872543e+01,3.799999e+00,1.444000e-09,1.500000e-05
9.874443e+01,3.799999e+00,1.444000e-09,1.500000e-05
9.876343e+01,3.799999e+00,1.444000e-09,1.500000e-05
9.878243e+01,3.799999e+00,1.444000e-09,1.500000e-05
9.880143e+01,3.799999e+00,1.444000e-09,1.500000e-05
9.882043e+01,3.799999e+00,1.444000e-09,1.500000e-05
9.883943e+01,3.799999e+00,1.444000e-09,1.500000e-05
9.885843e+01,3.799999e+00,1.444000e-09,1.500000e-05
9.887743e+01,3.799999e+00,1.444000e-09,1.500000e-05
9.889643e+01,3.799999e+00,1.444000e-09,1.500000e-05
9.891543e+01,3.799999e+00,1.444000e-09,1.500000e-05
9.893443e+01,3.799999e+00,1.444000e-09,1.500000e-05
9.895343e+01,3.799999e+00,1.444000e-09,1.500000e-05
9.897243e+01,3.799999e+00,1.444000e-09,1.500000e-05
9.899143e+01,3.799999e+00,1.444000e-09,1.500000e-05
9.901043e+01,3.799999e+00,1.444000e-09,1.500000e-05
9.902943e+01,3.799999e+00,1.444000e-09,1.500000e-05
9.904843e+01,3.799999e+00,1.444000e-09,1.500000e-05
9.906743e+01,3.799999e+00,1.444000e-09,1.500000e-05
9.908643e+01,3.799999e+00,1.444000e-09,1.500000e-05
9.910543e+01,3.799999e+00,1.444000e-09,1.500000e-05
9.912443e+01,3.799999e+00,1.444000e-09,1.500000e-05
9.914343e+01,3.799999e+00,1.444000e-09,1.500000e-05
9.916243e+01,3.799999e+00,1.444000e-09,1.500000e-05
9.918143e+01,3.799999e+00,1.444000e-09,1.500000e-05
9.920043e+01,3.799999e+00,1.444000e-09,1.500000e-05
9.921943e+01,3.799999e+00,1.444000e-09,1.500000e-05
9.923843e+01,3.799999e+00,1.444000e-09,1.500000e-05
9.925743e+01,3.799999e+00,1.444000e-09,1.500000e-05
9.927643e+01,3.799999e+00,1.444000e-09,1.500000e-05
9.929543e+01,3.799999e+00,1.444000e-09,1.500000e-05
9.931443e+01,3.799999e+00,1.444000e-09,1.500000e-05
9.933343e+01,3.799999e+00,1.444000e-09,1.500000e-05
9.935243e+01,3.799999e+00,1.444000e-09,1.500000e-05
9.937143e+01,3.799999e+00,1.444000e-09,1.500000e-05
9.939043e+01,3.799999e+00,1.444000e-09,1.500000e-05
9.940943e+01,3.799999e+00,1.444000e-09,1.500000e-05
9.942843e+01,3.799999e+00,1.444000e-09,1.500000e-05
9.944743e+01,3.799999e+00,1.444000e-09,1.500000e-05
9.946643e+01,3.799999e+00,1.444000e-09,1.500000e-05
9.948543e+01,3.799999e+00,1.444000e-09,1.500000e-05
9.950443e+01,3.799999e+00,1.444000e-09,1.500000e-05
9.952343e+01,3.799999e+00,1.444000e-09,1.500000e-05
9.954243e+01,3.799999e+00,1.444000e-09,1.500000e-05
9.956143e+01,3.799999e+00,1.444000e-09,1.500000e-05
9.958043e+01,3.799999e+00,1.444000e-09,1.500000e-05
9.959943e+01,3.799999e+00,1.444000e-09,1.500000e-05
9.961843e+01,3.799999e+00,1.444000e-09,1.500000e-05
9.963743e+01,3.799999e+00,1.444000e-09,1.500000e-05
9.965643e+01,3.799999e+00,1.444000e-09,1.500000e-05
9.967543e+01,3.799999e+00,1.444000e-09,1.500000e-05
9.969443e+01,3.799999e+00,1.444000e-09,1.500000e-05
9.971343e+01,3.799999e+00,1.444000e-09,1.500000e-05
9.973243e+01,3.799999e+00,1.444000e-09,1.500000e-05
9.975143e+01,3.799999e+00,1.444000e-09,1.500000e-05
9.977043e+01,3.799999e+00,1.444000e-09,1.500000e-05
9.978943e+01,3.799999e+00,1.444000e-09,1.500000e-05
9.980843e+01,3.799999e+00,1.444000e-09,1.500000e-05
9.982743e+01,3.799999e+00,1.444000e-09,1.500000e-05
9.984643e+01,3.799999e+00,1.444000e-09,1.500000e-05
9.986543e+01,3.799999e+00,1.444000e-09,1.500000e-05
9.988443e+01,3.799999e+00,1.444000e-09,1.500000e-05
9.990343e+01,3.799999e+00,1.444000e-09,1.500000e-05
9.992243e+01,3.799999e+00,1.444000e-09,1.500000e-05
9.994143e+01,3.799999e+00,1.444000e-09,1.500000e-05
9.996043e+01,3.799999e+00,1.444000e-09,1.500000e-05
9.997943e+01,3.799999e+00,1.444000e-09,1.500000e-05
9.999843e+01,3.799999e+00,1.444000e-09,1.500000e-05
1.000174e+02,3.799999e+00,1.444000e-09,1.500000e-05
1.000364e+02,3.799999e+00,1.444000e-09,1.500000e-05
1.000554e+02,3.799999e+00,1.444000e-09,1.500000e-05
1.000744e+02,3.799999e+00,1.444000e-09,1.500000e-05
1.000934e+02,3.799999e+00,1.444000e-09,1.500000e-05
1.001124e+02,3.799999e+00,1.444000e-09,1.500000e-05
1.001314e+02,3.799999e+00,1.444000e-09,1.500000e-05
1.001504e+02,3.799999e+00,1.444000e-09,1.500000e-05
1.001694e+02,3.799999e+00,1.444000e-09,1.500000e-05
1.001884e+02,3.799999e+00,1.444000e-09,1.500000e-05
1.002074e+02,3.799999e+00,1.444000e-09,1.500000e-05
1.002264e+02,3.799999e+00,1.444000e-09,1.500000e-05
1.002454e+02,3.799999e+00,1.444000e-09,1.500000e-05
1.002644e+02,3.799999e+00,1.444000e-09,1.500000e-05
1.002834e+02,3.799999e+00,1.444000e-09,1.500000e-05
1.003024e+02,3.799999e+00,1.444000e-09,1.500000e-05
1.003214e+02,3.799999e+00,1.444000e-09,1.500000e-05
1.003404e+02,3.799999e+00,1.444000e-09,1.500000e-05
1.003594e+02,3.799999e+00,1.444000e-09,1.500000e-05
1.003784e+02,3.799999e+00,1.444000e-09,1.500000e-05
1.003974e+02,3.799999e+00,1.444000e-09,1.500000e-05
1.004164e+02,3.799999e+00,1.444000e-09,1.500000e-05
1.004354e+02,3.799999e+00,1.444000e-09,1.500000e-05
1.004544e+02,3.799999e+00,1.444000e-09,1.500000e-05
1.004734e+02,3.799999e+00,1.444000e-09,1.500000e-05
1.004924e+02,3.799999e+00,1.444000e-09,1.500000e-05
1.005114e+02,3.799999e+00,1.444000e-09,1.500000e-05
1.005304e+02,3.799999e+00,1.444000e-09,1.500000e-05
1.005494e+02,3.799999e+00,1.444000e-09,1.500000e-05
1.005684e+02,3.799999e+00,1.444000e-09,1.500000e-05
1.005874e+02,3.799999e+00,1.444000e-09,1.500000e-05
1.006064e+02,3.799999e+00,1.444000e-09,1.500000e-05
1.006254e+02,3.799999e+00,1.444000e-09,1.500000e-05
1.006444e+02,3.799999e+00,1.444000e-09,1.500000e-05
1.006634e+02,3.799999e+00,1.444000e-09,1.500000e-05
1.006824e+02,3.799999e+00,1.444000e-09,1.500000e-05
1.007014e+02,3.799999e+00,1.444000e-09,1.500000e-05
1.007204e+02,3.799999e+00,1.444000e-09,1.500000e-05
1.007394e+02,3.799999e+00,1.444000e-09,1.500000e-05
1.007584e+02,3.799999e+00,1.444000e-09,1.500000e-05
1.007774e+02,3.799999e+00,1.444000e-09,1.500000e-05
1.007964e+02,3.799999e+00,1.444000e-09,1.500000e-05
1.008154e+02,3.799999e+00,1.444000e-09,1.500000e-05
1.008344e+02,3.799999e+00,1.444000e-09,1.500000e-05
1.008534e+02,3.799999e+00,1.444000e-09,1.500000e-05
1.008724e+02,3.799999e+00,1.444000e-09,1.500000e-05
1.008914e+02,3.799999e+00,1.444000e-09,1.500000e-05
1.009104e+02,3.799999e+00,1.444000e-09,1.500000e-05
1.009294e+02,3.799999e+00,1.444000e-09,1.500000e-05
1.009484e+02,3.799999e+00,1.444000e-09,1.500000e-05
1.009674e+02,3.799999e+00,1.444000e-09,1.500000e-05
1.009864e+02,3.799999e+00,1.444000e-09,1.500000e-05
1.010054e+02,3.799999e+00,1.444000e-09,1.500000e-05
1.010244e+02,3.799999e+00,1.444000e-09,1.500000e-05
1.010434e+02,3.799999e+00,1.444000e-09,1.500000e-05
1.010624e+02,3.799999e+00,1.444000e-09,1.500000e-05
1.010814e+02,3.799999e+00,1.444000e-09,1.500000e-05
1.011004e+02,3.799999e+00,1.444000e-09,1.500000e-05
1.011194e+02,3.799999e+00,1.444000e-09,1.500000e-05
1.011384e+02,3.799999e+00,1.444000e-09,1.500000e-05
1.011574e+02,3.799999e+00,1.444000e-09,1.500000e-05
1.011764e+02,3.799999e+00,1.444000e-09,1.500000e-05
1.011954e+02,3.799999e+00,1.444000e-09,1.500000e-05
1.012144e+02,3.799999e+00,1.444000e-09,1.500000e-05
1.012334e+02,3.799999e+00,1.444000e-09,1.500000e-05
1.012524e+02,3.799999e+00,1.444000e-09,1.500000e-05
1.012714e+02,3.799999e+00,1.444000e-09,1.500000e-05
1.012904e+02,3.799999e+00,1.444000e-09,1.500000e-05
1.013094e+02,3.799999e+00,1.444000e-09,1.500000e-05
1.013284e+02,3.799999e+00,1.444000e-09,1.500000e-05
1.013474e+02,3.799999e+00,1.444000e-09,1.500000e-05
1.013664e+02,3.799999e+00,1.444000e-09,1.500000e-05
1.013854e+02,3.799999e+00,1.444000e-09,1.500000e-05
1.014044e+02,3.799999e+00,1.444000e-09,1.500000e-05
1.014234e+02,3.799999e+00,1.444000e-09,1.500000e-05
1.014424e+02,3.799999e+00,1.444000e-09,1.500000e-05
1.014614e+02,3.799999e+00,1.444000e-09,1.500000e-05
1.014804e+02,3.799999e+00,1.444000e-09,1.500000e-05
1.014994e+02,3.799999e+00,1.444000e-09,1.500000e-05
1.015184e+02,3.799999e+00,1.444000e-09,1.500000e-05
1.015374e+02,3.799999e+00,1.444000e-09,1.500000e-05
1.015564e+02,3.799999e+00,1.444000e-09,1.500000e-05
1.015754e+02,3.799999e+00,1.444000e-09,1.500000e-05
1.015944e+02,3.799999e+00,1.444000e-09,1.500000e-05
1.016134e+02,3.799999e+00,1.444000e-09,1.500000e-05
1.016324e+02,3.799999e+00,1.444000e-09,1.500000e-05
1.016514e+02,3.799999e+00,1.444000e-09,1.500000e-05
1.016704e+02,3.799999e+00,1.444000e-09,1.500000e-05
1.016894e+02,3.799999e+00,1.444000e-09,1.500000e-05
1.017084e+02,3.799999e+00,1.444000e-09,1.500000e-05
1.017274e+02,3.799999e+00,1.444000e-09,1.500000e-05
1.017464e+02,3.799999e+00,1.444000e-09,1.500000e-05
1.017654e+02,3.799999e+00,1.444000e-09,1.500000e-05
1.017844e+02,3.799999e+00,1.444000e-09,1.500000e-05
1.018034e+02,3.799999e+00,1.444000e-09,1.500000e-05
1.018224e+02,3.799999e+00,1.444000e-09,1.500000e-05
1.018414e+02,3.799999e+00,1.444000e-09,1.500000e-05
1.018604e+02,3.799999e+00,1.444000e-09,1.500000e-05
1.018794e+02,3.799999e+00,1.444000e-09,1.500000e-05
1.018984e+02,3.799999e+00,1.444000e-09,1.500000e-05
1.019174e+02,3.799999e+00,1.444000e-09,1.500000e-05
1.019364e+02,3.799999e+00,1.444000e-09,1.500000e-05
1.019554e+02,3.799999e+00,1.444000e-09,1.500000e-05
1.019744e+02,3.799999e+00,1.444000e-09,1.500000e-05
1.019934e+02,3.799999e+00,1.444000e-09,1.500000e-05
1.020124e+02,3.799999e+00,1.444000e-09,1.500000e-05
1.020314e+02,3.799999e+00,1.444000e-09,1.500000e-05
1.020504e+02,3.799999e+00,1.444000e-09,1.500000e-05
1.020694e+02,3.799999e+00,1.444000e-09,1.500000e-05
1.020884e+02,3.799999e+00,1.444000e-09,1.500000e-05
1.021074e+02,3.799999e+00,1.444000e-09,1.500000e-05
1.021264e+02,3.799999e+00,1.444000e-09,1.500000e-05
1.021454e+02,3.799999e+00,1.444000e-09,1.500000e-05
1.021644e+02,3.799999e+00,1.444000e-09,1.500000e-05
1.021834e+02,3.799999e+00,1.444000e-09,1.500000e-05
1.022024e+02,3.799999e+00,1.444000e-09,1.500000e-05
1.022214e+02,3.799999e+00,1.444000e-09,1.500000e-05
1.022404e+02,3.799999e+00,1.444000e-09,1.500000e-05
1.022594e+02,3.799999e+00,1.444000e-09,1.500000e-05
1.022784e+02,3.799999e+00,1.444000e-09,1.500000e-05
1.022974e+02,3.799999e+00,1.444000e-09,1.500000e-05
1.023164e+02,3.799999e+00,1.444000e-09,1.500000e-05
1.023354e+02,3.799999e+00,1.444000e-09,1.500000e-05
1.023544e+02,3.799999e+00,1.444000e-09,1.500000e-05
1.023734e+02,3.799999e+00,1.444000e-09,1.500000e-05
1.023924e+02,3.799999e+00,1.444000e-09,1.500000e-05
1.024114e+02,3.799999e+00,1.444000e-09,1.500000e-05
1.024304e+02,3.799999e+00,1.444000e-09,1.500000e-05
1.024494e+02,3.799999e+00,1.444000e-09,1.500000e-05
1.024684e+02,3.799999e+00,1.444000e-09,1.500000e-05
1.024874e+02,3.799999e+00,1.444000e-09,1.500000e-05
1.025064e+02,3.799999e+00,1.444000e-09,1.500000e-05
1.025254e+02,3.799999e+00,1.444000e-09,1.500000e-05
1.025444e+02,3.799999e+00,1.444000e-09,1.500000e-05
1.025634e+02,3.799999e+00,1.444000e-09,1.500000e-05
1.025824e+02,3.799999e+00,1.444000e-09,1.500000e-05
1.026014e+02,3.799999e+00,1.444000e-09,1.500000e-05
1.026204e+02,3.799999e+00,1.444000e-09,1.500000e-05
1.026394e+02,3.799999e+00,1.444000e-09,1.500000e-05
1.026584e+02,3.799999e+00,1.444000e-09,1.500000e-05
1.026774e+02,3.799999e+00,1.444000e-09,1.500000e-05
1.026964e+02,3.799999e+00,1.444000e-09,1.500000e-05
1.027154e+02,3.799999e+00,1.444000e-09,1.500000e-05
1.027344e+02,3.799999e+00,1.444000e-09,1.500000e-05
1.027534e+02,3.799999e+00,1.444000e-09,1.500000e-05
1.027724e+02,3.799999e+00,1.444000e-09,1.500000e-05
1.027914e+02,3.799999e+00,1.444000e-09,1.500000e-05
1.028104e+02,3.799999e+00,1.444000e-09,1.500000e-05
1.028294e+02,3.799999e+00,1.444000e-09,1.500000e-05
1.028484e+02,3.799999e+00,1.444000e-09,1.500000e-05
1.028674e+02,3.799999e+00,1.444000e-09,1.500000e-05
1.028864e+02,3.799999e+00,1.444000e-09,1.500000e-05
1.029054e+02,3.799999e+00,1.444000e-09,1.500000e-05
1.029244e+02,3.799999e+00,1.444000e-09,1.500000e-05
1.029434e+02,3.799999e+00,1.444000e-09,1.500000e-05
1.029624e+02,3.799999e+00,1.444000e-09,1.500000e-05
1.029814e+02,3.799999e+00,1.444000e-09,1.500000e-05
1.030004e+02,3.799999e+00,1.444000e-09,1.500000e-05
1.030194e+02,3.799999e+00,1.444000e-09,1.500000e-05
1.030384e+02,3.799999e+00,1.444000e-09,1.500000e-05
1.030574e+02,3.799999e+00,1.444000e-09,1.500000e-05
1.030764e+02,3.799999e+00,1.444000e-09,1.500000e-05
1.030954e+02,3.799999e+00,1.444000e-09,1.500000e-05
1.031144e+02,3.799999e+00,1.444000e-09,1.500000e-05
1.031334e+02,3.799999e+00,1.444000e-09,1.500000e-05
1.031524e+02,3.799999e+00,1.444000e-09,1.500000e-05
1.031714e+02,3.799999e+00,1.444000e-09,1.500000e-05
1.031904e+02,3.799999e+00,1.444000e-09,1.500000e-05
1.032094e+02,3.799999e+00,1.444000e-09,1.500000e-05
1.032284e+02,3.799999e+00,1.444000e-09,1.500000e-05
1.032474e+02,3.799999e+00,1.444000e-09,1.500000e-05
1.032664e+02,3.799999e+00,1.444000e-09,1.500000e-05
1.032854e+02,3.799999e+00,1.444000e-09,1.500000e-05
1.033044e+02,3.799999e+00,1.444000e-09,1.500000e-05
1.033234e+02,3.799999e+00,1.444000e-09,1.500000e-05
1.033424e+02,3.799999e+00,1.444000e-09,1.500000e-05
1.033614e+02,3.799999e+00,1.444000e-09,1.500000e-05
1.033804e+02,3.799999e+00,1.444000e-09,1.500000e-05
1.033994e+02,3.799999e+00,1.444000e-09,1.500000e-05
1.034184e+02,3.799999e+00,1.444000e-09,1.500000e-05
1.034374e+02,3.799999e+00,1.444000e-09,1.500000e-05
1.034564e+02,3.799999e+00,1.444000e-09,1.500000e-05
1.034754e+02,3.799999e+00,1.444000e-09,1.500000e-05
1.034944e+02,3.799999e+00,1.444000e-09,1.500000e-05
1.035134e+02,3.799999e+00,1.444000e-09,1.500000e-05
1.035324e+02,3.799999e+00,1.444000e-09,1.500000e-05
1.035514e+02,3.799999e+00,1.444000e-09,1.500000e-05
1.035704e+02,3.799999e+00,1.444000e-09,1.500000e-05
1.035894e+02,3.799999e+00,1.444000e-09,1.500000e-05
1.036084e+02,3.799999e+00,1.444000e-09,1.500000e-05
1.036274e+02,3.799999e+00,1.444000e-09,1.500000e-05
1.036464e+02,3.799999e+00,1.444000e-09,1.500000e-05
1.036654e+02,3.799999e+00,1.444000e-09,1.500000e-05
1.036844e+02,3.799999e+00,1.444000e-09,1.500000e-05
1.037034e+02,3.799999e+00,1.444000e-09,1.500000e-05
1.037224e+02,3.799999e+00,1.444000e-09,1.500000e-05
1.037414e+02,3.799999e+00,1.444000e-09,1.500000e-05
1.037604e+02,3.799999e+00,1.444000e-09,1.500000e-05
1.037794e+02,3.799999e+00,1.444000e-09,1.500000e-05
1.037984e+02,3.799999e+00,1.444000e-09,1.500000e-05
1.038174e+02,3.799999e+00,1.444000e-09,1.500000e-05
1.038364e+02,3.799999e+00,1.444000e-09,1.500000e-05
1.038554e+02,3.799999e+00,1.444000e-09,1.500000e-05
1.038744e+02,3.799999e+00,1.444000e-09,1.500000e-05
1.038934e+02,3.799999e+00,1.444000e-09,1.500000e-05
1.039124e+02,3.799999e+00,1.444000e-09,1.500000e-05
1.039314e+02,3.799999e+00,1.444000e-09,1.500000e-05
1.039504e+02,3.799999e+00,1.444000e-09,1.500000e-05
1.039694e+02,3.799999e+00,1.444000e-09,1.500000e-05
1.039884e+02,3.799999e+00,1.444000e-09,1.500000e-05
1.040074e+02,3.799999e+00,1.444000e-09,1.500000e-05
1.040264e+02,3.799999e+00,1.444000e-09,1.500000e-05
1.040454e+02,3.799999e+00,1.444000e-09,1.500000e-05
1.040644e+02,3.799999e+00,1.444000e-09,1.500000e-05
1.040834e+02,3.799999e+00,1.444000e-09,1.500000e-05
1.041024e+02,3.799999e+00,1.444000e-09,1.500000e-05
1.041214e+02,3.799999e+00,1.444000e-09,1.500000e-05
1.041404e+02,3.799999e+00,1.444000e-09,1.500000e-05
1.041594e+02,3.799999e+00,1.444000e-09,1.500000e-05
1.041784e+02,3.799999e+00,1.444000e-09,1.500000e-05
1.041974e+02,3.799999e+00,1.444000e-09,1.500000e-05
1.042164e+02,3.799999e+00,1.444000e-09,1.500000e-05
1.042354e+02,3.799999e+00,1.444000e-09,1.500000e-05
1.042544e+02,3.799999e+00,1.444000e-09,1.500000e-05
1.042734e+02,3.799999e+00,1.444000e-09,1.500000e-05
1.042924e+02,3.799999e+00,1.444000e-09,1.500000e-05
1.043114e+02,3.799999e+00,1.444000e-09,1.500000e-05
1.043304e+02,3.799999e+00,1.444000e-09,1.500000e-05
1.043494e+02,3.799999e+00,1.444000e-09,1.500000e-05
1.043684e+02,3.799999e+00,1.444000e-09,1.500000e-05
1.043874e+02,3.799999e+00,1.444000e-09,1.500000e-05
1.044064e+02,3.799999e+00,1.444000e-09,1.500000e-05
1.044254e+02,3.799999e+00,1.444000e-09,1.500000e-05
1.044444e+02,3.799999e+00,1.444000e-09,1.500000e-05
1.044634e+02,3.799999e+00,1.444000e-09,1.500000e-05
1.044824e+02,3.799999e+00,1.444000e-09,1.500000e-05
1.045014e+02,3.799999e+00,1.444000e-09,1.500000e-05
1.045204e+02,3.799999e+00,1.444000e-09,1.500000e-05
1.045394e+02,3.799999e+00,1.444000e-09,1.500000e-05
1.045584e+02,3.799999e+00,1.444000e-09,1.500000e-05
1.045774e+02,3.799999e+00,1.444000e-09,1.500000e-05
1.045964e+02,3.799999e+00,1.444000e-09,1.500000e-05
1.046154e+02,3.799999e+00,1.444000e-09,1.500000e-05
1.046344e+02,3.799999e+00,1.444000e-09,1.500000e-05
1.046534e+02,3.799999e+00,1.444000e-09,1.500000e-05
1.046724e+02,3.799999e+00,1.444000e-09,1.500000e-05
1.046914e+02,3.799999e+00,1.444000e-09,1.500000e-05
1.047104e+02,3.799999e+00,1.444000e-09,1.500000e-05
1.047294e+02,3.799999e+00,1.444000e-09,1.500000e-05
1.047484e+02,3.799999e+00,1.444000e-09,1.500000e-05
1.047674e+02,3.799999e+00,1.444000e-09,1.500000e-05
1.047864e+02,3.799999e+00,1.444000e-09,1.500000e-05
1.048054e+02,3.799999e+00,1.444000e-09,1.500000e-05
1.048244e+02,3.799999e+00,1.444000e-09,1.500000e-05
1.048434e+02,3.799999e+00,1.444000e-09,1.500000e-05
1.048624e+02,3.799999e+00,1.444000e-09,1.500000e-05
1.048814e+02,3.799999e+00,1.444000e-09,1.500000e-05
1.049004e+02,3.799999e+00,1.444000e-09,1.500000e-05
1.049194e+02,3.799999e+00,1.444000e-09,1.500000e-05
1.049384e+02,3.799999e+00,1.444000e-09,1.500000e-05
1.049574e+02,3.799999e+00,1.444000e-09,1.500000e-05
1.049764e+02,3.799999e+00,1.444000e-09,1.500000e-05
1.049954e+02,3.799999e+00,1.444000e-09,1.500000e-05
1.050144e+02,3.799999e+00,1.444000e-09,1.500000e-05
1.050334e+02,3.799999e+00,1.444000e-09,1.500000e-05
1.050524e+02,3.799999e+00,1.444000e-09,1.500000e-05
1.050714e+02,3.799999e+00,1.444000e-09,1.500000e-05
1.050904e+02,3.799999e+00,1.444000e-09,1.500000e-05
1.051094e+02,3.799999e+00,1.444000e-09,1.500000e-05
1.051284e+02,3.799999e+00,1.444000e-09,1.500000e-05
1.051474e+02,3.799999e+00,1.444000e-09,1.500000e-05
1.051664e+02,3.799999e+00,1.444000e-09,1.500000e-05
1.051854e+02,3.799999e+00,1.444000e-09,1.500000e-05
1.052044e+02,3.799999e+00,1.444000e-09,1.500000e-05
1.052234e+02,3.799999e+00,1.444000e-09,1.500000e-05
1.052424e+02,3.799999e+00,1.444000e-09,1.500000e-05
1.052614e+02,3.799999e+00,1.444000e-09,1.500000e-05
1.052804e+02,3.799999e+00,1.444000e-09,1.500000e-05
1.052994e+02,3.799999e+00,1.444000e-09,1.500000e-05
1.053184e+02,3.799999e+00,1.444000e-09,1.500000e-05
1.053374e+02,3.799999e+00,1.444000e-09,1.500000e-05
1.053564e+02,3.799999e+00,1.444000e-09,1.500000e-05
1.053754e+02,3.799999e+00,1.444000e-09,1.500000e-05
1.053944e+02,3.799999e+00,1.444000e-09,1.500000e-05
1.054134e+02,3.799999e+00,1.444000e-09,1.500000e-05
1.054324e+02,3.799999e+00,1.444000e-09,1.500000e-05
1.054514e+02,3.799999e+00,1.444000e-09,1.500000e-05
1.054704e+02,3.799999e+00,1.444000e-09,1.500000e-05
1.054894e+02,3.799999e+00,1.444000e-09,1.500000e-05
1.055084e+02,3.799999e+00,1.444000e-09,1.500000e-05
1.055274e+02,3.799999e+00,1.444000e-09,1.500000e-05
1.055464e+02,3.799999e+00,1.444000e-09,1.500000e-05
1.055654e+02,3.799999e+00,1.444000e-09,1.500000e-05
1.055844e+02,3.799999e+00,1.444000e-09,1.500000e-05
1.056034e+02,3.799999e+00,1.444000e-09,1.500000e-05
1.056224e+02,3.799999e+00,1.444000e-09,1.500000e-05
1.056414e+02,3.799999e+00,1.444000e-09,1.500000e-05
1.056604e+02,3.799999e+00,1.444000e-09,1.500000e-05
1.056794e+02,3.799999e+00,1.444000e-09,1.500000e-05
1.056984e+02,3.799999e+00,1.444000e-09,1.500000e-05
1.057174e+02,3.799999e+00,1.444000e-09,1.500000e-05
1.057364e+02,3.799999e+00,1.444000e-09,1.500000e-05
1.057554e+02,3.799999e+00,1.444000e-09,1.500000e-05
1.057744e+02,3.799999e+00,1.444000e-09,1.500000e-05
1.057934e+02,3.799999e+00,1.444000e-09,1.500000e-05
1.058124e+02,3.799999e+00,1.444000e-09,1.500000e-05
1.058314e+02,3.799999e+00,1.444000e-09,1.500000e-05
1.058504e+02,3.799999e+00,1.444000e-09,1.500000e-05
1.058694e+02,3.799999e+00,1.444000e-09,1.500000e-05
1.058884e+02,3.799999e+00,1.444000e-09,1.500000e-05
1.059074e+02,3.799999e+00,1.444000e-09,1.500000e-05
1.059264e+02,3.799999e+00,1.444000e-09,1.500000e-05
1.059454e+02,3.799999e+00,1.444000e-09,1.500000e-05
1.059644e+02,3.799999e+00,1.444000e-09,1.500000e-05
1.059834e+02,3.799999e+00,1.444000e-09,1.500000e-05
1.060024e+02,3.799999e+00,1.444000e-09,1.500000e-05
1.060214e+02,3.799999e+00,1.444000e-09,1.500000e-05
1.060404e+02,3.799999e+00,1.444000e-09,1.500000e-05
1.060594e+02,3.799999e+00,1.444000e-09,1.500000e-05
1.060784e+02,3.799999e+00,1.444000e-09,1.500000e-05
1.060974e+02,3.799999e+00,1.444000e-09,1.500000e-05
1.061164e+02,3.799999e+00,1.444000e-09,1.500000e-05
1.061354e+02,3.799999e+00,1.444000e-09,1.500000e-05
1.061544e+02,3.799999e+00,1.444000e-09,1.500000e-05
1.061734e+02,3.799999e+00,1.444000e-09,1.500000e-05
1.061924e+02,3.799999e+00,1.444000e-09,1.500000e-05
1.062114e+02,3.799999e+00,1.444000e-09,1.500000e-05
1.062304e+02,3.799999e+00,1.444000e-09,1.500000e-05
1.062494e+02,3.799999e+00,1.444000e-09,1.500000e-05
1.062684e+02,3.799999e+00,1.444000e-09,1.500000e-05
1.062874e+02,3.799999e+00,1.444000e-09,1.500000e-05
1.063064e+02,3.799999e+00,1.444000e-09,1.500000e-05
1.063254e+02,3.799999e+00,1.444000e-09,1.500000e-05
1.063444e+02,3.799999e+00,1.444000e-09,1.500000e-05
1.063634e+02,3.799999e+00,1.444000e-09,1.500000e-05
1.063824e+02,3.799999e+00,1.444000e-09,1.500000e-05
1.064014e+02,3.799999e+00,1.444000e-09,1.500000e-05
1.064204e+02,3.799999e+00,1.444000e-09,1.500000e-05
1.064394e+02,3.799999e+00,1.444000e-09,1.500000e-05
1.064584e+02,3.799999e+00,1.444000e-09,1.500000e-05
1.064774e+02,3.799999e+00,1.444000e-09,1.500000e-05
1.064964e+02,3.799999e+00,1.444000e-09,1.500000e-05
1.065154e+02,3.799999e+00,1.444000e-09,1.500000e-05
1.065344e+02,3.799999e+00,1.444000e-09,1.500000e-05
1.065534e+02,3.799999e+00,1.444000e-09,1.500000e-05
1.065724e+02,3.799999e+00,1.444000e-09,1.500000e-05
1.065914e+02,3.799999e+00,1.444000e-09,1.500000e-05
1.066104e+02,3.799999e+00,1.444000e-09,1.500000e-05
1.066294e+02,3.799999e+00,1.444000e-09,1.500000e-05
1.066484e+02,3.799999e+00,1.444000e-09,1.500000e-05
1.066674e+02,3.799999e+00,1.444000e-09,1.500000e-05
1.066864e+02,3.799999e+00,1.444000e-09,1.500000e-05
1.067054e+02,3.799999e+00,1.444000e-09,1.500000e-05
1.067244e+02,3.799999e+00,1.444000e-09,1.500000e-05
1.067434e+02,3.799999e+00,1.444000e-09,1.500000e-05
1.067624e+02,3.799999e+00,1.444000e-09,1.500000e-05
1.067814e+02,3.799999e+00,1.444000e-09,1.500000e-05
1.068004e+02,3.799999e+00,1.444000e-09,1.500000e-05
1.068194e+02,3.799999e+00,1.444000e-09,1.500000e-05
1.068384e+02,3.799999e+00,1.444000e-09,1.500000e-05
1.068574e+02,3.799999e+00,1.444000e-09,1.500000e-05
1.068764e+02,3.799999e+00,1.444000e-09,1.500000e-05
1.068954e+02,3.799999e+00,1.444000e-09,1.500000e-05
1.069144e+02,3.799999e+00,1.444000e-09,1.500000e-05
1.069334e+02,3.799999e+00,1.444000e-09,1.500000e-05
1.069524e+02,3.799999e+00,1.444000e-09,1.500000e-05
1.069714e+02,3.799999e+00,1.444000e-09,1.500000e-05
1.069904e+02,3.799999e+00,1.444000e-09,1.500000e-05
1.070094e+02,3.799999e+00,1.444000e-09,1.500000e-05
1.070284e+02,3.799999e+00,1.444000e-09,1.500000e-05
1.070474e+02,3.799999e+00,1.444000e-09,1.500000e-05
1.070664e+02,3.799999e+00,1.444000e-09,1.500000e-05
1.070854e+02,3.799999e+00,1.444000e-09,1.500000e-05
1.071044e+02,3.799999e+00,1.444000e-09,1.500000e-05
1.071234e+02,3.799999e+00,1.444000e-09,1.500000e-05
1.071424e+02,3.799999e+00,1.444000e-09,1.500000e-05
1.071614e+02,3.799999e+00,1.444000e-09,1.500000e-05
1.071804e+02,3.799999e+00,1.444000e-09,1.500000e-05
1.071994e+02,3.799999e+00,1.444000e-09,1.500000e-05
1.072184e+02,3.799999e+00,1.444000e-09,1.500000e-05
1.072374e+02,3.799999e+00,1.444000e-09,1.500000e-05
1.072564e+02,3.799999e+00,1.444000e-09,1.500000e-05
1.072754e+02,3.799999e+00,1.444000e-09,1.500000e-05
1.072944e+02,3.799999e+00,1.444000e-09,1.500000e-05
1.073134e+02,3.799999e+00,1.444000e-09,1.500000e-05
1.073324e+02,3.799999e+00,1.444000e-09,1.500000e-05
1.073514e+02,3.799999e+00,1.444000e-09,1.500000e-05
1.073704e+02,3.799999e+00,1.444000e-09,1.500000e-05
1.073894e+02,3.799999e+00,1.444000e-09,1.500000e-05
1.074084e+02,3.799999e+00,1.444000e-09,1.500000e-05
1.074274e+02,3.799999e+00,1.444000e-09,1.500000e-05
1.074464e+02,3.799999e+00,1.444000e-09,1.500000e-05
1.074654e+02,3.799999e+00,1.444000e-09,1.500000e-05
1.074844e+02,3.799999e+00,1.444000e-09,1.500000e-05
1.075034e+02,3.799999e+00,1.444000e-09,1.500000e-05
1.075224e+02,3.799999e+00,1.444000e-09,1.500000e-05
1.075414e+02,3.799999e+00,1.444000e-09,1.500000e-05
1.075604e+02,3.799999e+00,1.444000e-09,1.500000e-05
1.075794e+02,3.799999e+00,1.444000e-09,1.500000e-05
1.075984e+02,3.799999e+00,1.444000e-09,1.500000e-05
1.076174e+02,3.799999e+00,1.444000e-09,1.500000e-05
1.076364e+02,3.799999e+00,1.444000e-09,1.500000e-05
1.076554e+02,3.799999e+00,1.444000e-09,1.500000e-05
1.076744e+02,3.799999e+00,1.444000e-09,1.500000e-05
1.076934e+02,3.799999e+00,1.444000e-09,1.500000e-05
1.077124e+02,3.799999e+00,1.444000e-09,1.500000e-05
1.077314e+02,3.799999e+00,1.444000e-09,1.500000e-05
1.077504e+02,3.799999e+00,1.444000e-09,1.500000e-05
1.077694e+02,3.799999e+00,1.444000e-09,1.500000e-05
1.077884e+02,3.799999e+00,1.444000e-09,1.500000e-05
1.078074e+02,3.799999e+00,1.444000e-09,1.500000e-05
1.078264e+02,3.799999e+00,1.444000e-09,1.500000e-05
1.078454e+02,3.799999e+00,1.444000e-09,1.500000e-05
1.078644e+02,3.799999e+00,1.444000e-09,1.500000e-05
1.078834e+02,3.799999e+00,1.444000e-09,1.500000e-05
1.079024e+02,3.799999e+00,1.444000e-09,1.500000e-05
1.079214e+02,3.799999e+00,1.444000e-09,1.500000e-05
1.079404e+02,3.799999e+00,1.444000e-09,1.500000e-05
1.079594e+02,3.799999e+00,1.444000e-09,1.500000e-05
1.079784e+02,3.799999e+00,1.444000e-09,1.500000e-05
1.079974e+02,3.799999e+00,1.444000e-09,1.500000e-05
1.080164e+02,3.799999e+00,1.444000e-09,1.500000e-05
1.080354e+02,3.799999e+00,1.444000e-09,1.500000e-05
1.080544e+02,3.799999e+00,1.444000e-09,1.500000e-05
1.080734e+02,3.799999e+00,1.444000e-09,1.500000e-05
1.080924e+02,3.799999e+00,1.444000e-09,1.500000e-05
1.081114e+02,3.799999e+00,1.444000e-09,1.500000e-05
1.081304e+02,3.799999e+00,1.444000e-09,1.500000e-05
1.081494e+02,3.799999e+00,1.444000e-09,1.500000e-05
1.081684e+02,3.799999e+00,1.444000e-09,1.500000e-05
1.081874e+02,3.799999e+00,1.444000e-09,1.500000e-05
1.082064e+02,3.799999e+00,1.444000e-09,1.500000e-05
1.082254e+02,3.799999e+00,1.444000e-09,1.500000e-05
1.082444e+02,3.799999e+00,1.444000e-09,1.500000e-05
1.082634e+02,3.799999e+00,1.444000e-09,1.500000e-05
1.082824e+02,3.799999e+00,1.444000e-09,1.500000e-05
1.083014e+02,3.799999e+00,1.444000e-09,1.500000e-05
1.083204e+02,3.799999e+00,1.444000e-09,1.500000e-05
1.083394e+02,3.799999e+00,1.444000e-09,1.500000e-05
1.083584e+02,3.799999e+00,1.444000e-09,1.500000e-05
1.083774e+02,3.799999e+00,1.444000e-09,1.500000e-05
1.083964e+02,3.799999e+00,1.444000e-09,1.500000e-05
1.084154e+02,3.799999e+00,1.444000e-09,1.500000e-05
1.084344e+02,3.799999e+00,1.444000e-09,1.500000e-05
1.084534e+02,3.799999e+00,1.444000e-09,1.500000e-05
1.084724e+02,3.799999e+00,1.444000e-09,1.500000e-05
1.084914e+02,3.799999e+00,1.444000e-09,1.500000e-05
1.085104e+02,3.799999e+00,1.444000e-09,1.500000e-05
1.085294e+02,3.799999e+00,1.444000e-09,1.500000e-05
1.085484e+02,3.799999e+00,1.444000e-09,1.500000e-05
1.085674e+02,3.799999e+00,1.444000e-09,1.500000e-05
1.085864e+02,3.799999e+00,1.444000e-09,1.500000e-05
1.086054e+02,3.799999e+00,1.444000e-09,1.500000e-05
1.086244e+02,3.799999e+00,1.444000e-09,1.500000e-05
1.086434e+02,3.799999e+00,1.444000e-09,1.500000e-05
1.086624e+02,3.799999e+00,1.444000e-09,1.500000e-05
1.086814e+02,3.799999e+00,1.444000e-09,1.500000e-05
1.087004e+02,3.799999e+00,1.444000e-09,1.500000e-05
1.087194e+02,3.799999e+00,1.444000e-09,1.500000e-05
1.087384e+02,3.799999e+00,1.444000e-09,1.500000e-05
1.087574e+02,3.799999e+00,1.444000e-09,1.500000e-05
1.087764e+02,3.799999e+00,1.444000e-09,1.500000e-05
1.087954e+02,3.799999e+00,1.444000e-09,1.500000e-05
1.088144e+02,3.799999e+00,1.444000e-09,1.500000e-05
1.088334e+02,3.799999e+00,1.444000e-09,1.500000e-05
1.088524e+02,3.799999e+00,1.444000e-09,1.500000e-05
1.088714e+02,3.799999e+00,1.444000e-09,1.500000e-05
1.088904e+02,3.799999e+00,1.444000e-09,1.500000e-05
1.089094e+02,3.799999e+00,1.444000e-09,1.500000e-05
1.089284e+02,3.799999e+00,1.444000e-09,1.500000e-05
1.089474e+02,3.799999e+00,1.444000e-09,1.500000e-05
1.089664e+02,3.799999e+00,1.444000e-09,1.500000e-05
1.089854e+02,3.799999e+00,1.444000e-09,1.500000e-05
1.090044e+02,3.799999e+00,1.444000e-09,1.500000e-05
1.090234e+02,3.799999e+00,1.444000e-09,1.500000e-05
1.090424e+02,3.799999e+00,1.444000e-09,1.500000e-05
1.090614e+02,3.799999e+00,1.444000e-09,1.500000e-05
1.090804e+02,3.799999e+00,1.444000e-09,1.500000e-05
1.090994e+02,3.799999e+00,1.444000e-09,1.500000e-05
1.091184e+02,3.799999e+00,1.444000e-09,1.500000e-05
1.091374e+02,3.799999e+00,1.444000e-09,1.500000e-05
1.091564e+02,3.799999e+00,1.444000e-09,1.500000e-05
1.091754e+02,3.799999e+00,1.444000e-09,1.500000e-05
1.091944e+02,3.799999e+00,1.444000e-09,1.500000e-05
1.092134e+02,3.799999e+00,1.444000e-09,1.500000e-05
1.092324e+02,3.799999e+00,1.444000e-09,1.500000e-05
1.092514e+02,3.799999e+00,1.444000e-09,1.500000e-05
1.092704e+02,3.799999e+00,1.444000e-09,1.500000e-05
1.092894e+02,3.799999e+00,1.444000e-09,1.500000e-05
1.093084e+02,3.799999e+00,1.444000e-09,1.500000e-05
1.093274e+02,3.799999e+00,1.444000e-09,1.500000e-05
1.093464e+02,3.799999e+00,1.444000e-09,1.500000e-05
1.093654e+02,3.799999e+00,1.444000e-09,1.500000e-05
1.093844e+02,3.799999e+00,1.444000e-09,1.500000e-05
1.094034e+02,3.799999e+00,1.444000e-09,1.500000e-05
1.094224e+02,3.799999e+00,1.444000e-09,1.500000e-05
1.094414e+02,3.799999e+00,1.444000e-09,1.500000e-05
1.094604e+02,3.799999e+00,1.444000e-09,1.500000e-05
1.094794e+02,3.799999e+00,1.444000e-09,1.500000e-05
1.094984e+02,3.799999e+00,1.444000e-09,1.500000e-05
1.095174e+02,3.799999e+00,1.444000e-09,1.500000e-05
1.095364e+02,3.799999e+00,1.444000e-09,1.500000e-05
1.095554e+02,3.799999e+00,1.444000e-09,1.500000e-05
1.095744e+02,3.799999e+00,1.444000e-09,1.500000e-05
1.095934e+02,3.799999e+00,1.444000e-09,1.500000e-05
1.096124e+02,3.799999e+00,1.444000e-09,1.500000e-05
1.096314e+02,3.799999e+00,1.444000e-09,1.500000e-05
1.096504e+02,3.799999e+00,1.444000e-09,1.500000e-05
1.096694e+02,3.799999e+00,1.444000e-09,1.500000e-05
1.096884e+02,3.799999e+00,1.444000e-09,1.500000e-05
1.097074e+02,3.799999e+00,1.444000e-09,1.500000e-05
1.097264e+02,3.799999e+00,1.444000e-09,1.500000e-05
1.097454e+02,3.799999e+00,1.444000e-09,1.500000e-05
1.097644e+02,3.799999e+00,1.444000e-09,1.500000e-05
1.097834e+02,3.799999e+00,1.444000e-09,1.500000e-05
1.098024e+02,3.799999e+00,1.444000e-09,1.500000e-05
1.098214e+02,3.799999e+00,1.444000e-09,1.500000e-05
1.098404e+02,3.799999e+00,1.444000e-09,1.500000e-05
1.098594e+02,3.799999e+00,1.444000e-09,1.500000e-05
1.098784e+02,3.799999e+00,1.444000e-09,1.500000e-05
1.098974e+02,3.799999e+00,1.444000e-09,1.500000e-05
1.099164e+02,3.799999e+00,1.444000e-09,1.500000e-05
1.099354e+02,3.799999e+00,1.444000e-09,1.500000e-05
1.099544e+02,3.799999e+00,1.444000e-09,1.500000e-05
1.099734e+02,3.799999e+00,1.444000e-09,1.500000e-05
1.099924e+02,3.799999e+00,1.444000e-09,1.500000e-05
1.100114e+02,3.799999e+00,1.444000e-09,1.500000e-05
1.100304e+02,3.799999e+00,1.444000e-09,1.500000e-05
1.100494e+02,3.799999e+00,1.444000e-09,1.500000e-05
1.100684e+02,3.799999e+00,1.444000e-09,1.500000e-05
1.100874e+02,3.799999e+00,1.444000e-09,1.500000e-05
1.101064e+02,3.799999e+00,1.444000e-09,1.500000e-05
1.101254e+02,3.799999e+00,1.444000e-09,1.500000e-05
1.101444e+02,3.799999e+00,1.444000e-09,1.500000e-05
1.101634e+02,3.799999e+00,1.444000e-09,1.500000e-05
1.101824e+02,3.799999e+00,1.444000e-09,1.500000e-05
1.102014e+02,3.799999e+00,1.444000e-09,1.500000e-05
1.102204e+02,3.799999e+00,1.444000e-09,1.500000e-05
1.102394e+02,3.799999e+00,1.444000e-09,1.500000e-05
1.102584e+02,3.799999e+00,1.444000e-09,1.500000e-05
1.102774e+02,3.799999e+00,1.444000e-09,1.500000e-05
1.102964e+02,3.799999e+00,1.444000e-09,1.500000e-05
1.103154e+02,3.799999e+00,1.444000e-09,1.500000e-05
1.103344e+02,3.799999e+00,1.444000e-09,1.500000e-05
1.103534e+02,3.799999e+00,1.444000e-09,1.500000e-05
1.103724e+02,3.799999e+00,1.444000e-09,1.500000e-05
1.103914e+02,3.799999e+00,1.444000e-09,1.500000e-05
1.104104e+02,3.799999e+00,1.444000e-09,1.500000e-05
1.104294e+02,3.799999e+00,1.444000e-09,1.500000e-05
1.104484e+02,3.799999e+00,1.444000e-09,1.500000e-05
1.104674e+02,3.799999e+00,1.444000e-09,1.500000e-05
1.104864e+02,3.799999e+00,1.444000e-09,1.500000e-05
1.105054e+02,3.799999e+00,1.444000e-09,1.500000e-05
1.105244e+02,3.799999e+00,1.444000e-09,1.500000e-05
1.105434e+02,3.799999e+00,1.444000e-09,1.500000e-05
1.105624e+02,3.799999e+00,1.444000e-09,1.500000e-05
1.105814e+02,3.799999e+00,1.444000e-09,1.500000e-05
1.106004e+02,3.799999e+00,1.444000e-09,1.500000e-05
1.106194e+02,3.799999e+00,1.444000e-09,1.500000e-05
1.106384e+02,3.799999e+00,1.444000e-09,1.500000e-05
1.106574e+02,3.799999e+00,1.444000e-09,1.500000e-05
1.106764e+02,3.799999e+00,1.444000e-09,1.500000e-05
1.106954e+02,3.799999e+00,1.444000e-09,1.500000e-05
1.107144e+02,3.799999e+00,1.444000e-09,1.500000e-05
1.107334e+02,3.799999e+00,1.444000e-09,1.500000e-05
1.107524e+02,3.799999e+00,1.444000e-09,1.500000e-05
1.107714e+02,3.799999e+00,1.444000e-09,1.500000e-05
1.107904e+02,3.799999e+00,1.444000e-09,1.500000e-05
1.108094e+02,3.799999e+00,1.444000e-09,1.500000e-05
1.108284e+02,3.799999e+00,1.444000e-09,1.500000e-05
1.108474e+02,3.799999e+00,1.444000e-09,1.500000e-05
1.108664e+02,3.799999e+00,1.444000e-09,1.500000e-05
1.108854e+02,3.799999e+00,1.444000e-09,1.500000e-05
1.109044e+02,3.799999e+00,1.444000e-09,1.500000e-05
1.109234e+02,3.799999e+00,1.444000e-09,1.500000e-05
1.109424e+02,3.799999e+00,1.444000e-09,1.500000e-05
1.109614e+02,3.799999e+00,1.444000e-09,1.500000e-05
1.109804e+02,3.799999e+00,1.444000e-09,1.500000e-05
1.109994e+02,3.799999e+00,1.444000e-09,1.500000e-05
1.110184e+02,3.799999e+00,1.444000e-09,1.500000e-05
1.110374e+02,3.799999e+00,1.444000e-09,1.500000e-05
1.110564e+02,3.799999e+00,1.444000e-09,1.500000e-05
1.110754e+02,3.799999e+00,1.444000e-09,1.500000e-05
1.110944e+02,3.799999e+00,1.444000e-09,1.500000e-05
1.111134e+02,3.799999e+00,1.444000e-09,1.500000e-05
1.111324e+02,3.799999e+00,1.444000e-09,1.500000e-05
1.111514e+02,3.799999e+00,1.444000e-09,1.500000e-05
1.111704e+02,3.799999e+00,1.444000e-09,1.500000e-05
1.111894e+02,3.799999e+00,1.444000e-09,1.500000e-05
1.112084e+02,3.799999e+00,1.444000e-09,1.500000e-05
1.112274e+02,3.799999e+00,1.444000e-09,1.500000e-05
1.112464e+02,3.799999e+00,1.444000e-09,1.500000e-05
1.112654e+02,3.799999e+00,1.444000e-09,1.500000e-05
1.112844e+02,3.799999e+00,1.444000e-09,1.500000e-05
1.113034e+02,3.799999e+00,1.444000e-09,1.500000e-05
1.113224e+02,3.799999e+00,1.444000e-09,1.500000e-05
1.113414e+02,3.799999e+00,1.444000e-09,1.500000e-05
1.113604e+02,3.799999e+00,1.444000e-09,1.500000e-05
1.113794e+02,3.799999e+00,1.444000e-09,1.500000e-05
1.113984e+02,3.799999e+00,1.444000e-09,1.500000e-05
1.114174e+02,3.799999e+00,1.444000e-09,1.500000e-05
1.114364e+02,3.799999e+00,1.444000e-09,1.500000e-05
1.114554e+02,3.799999e+00,1.444000e-09,1.500000e-05
1.114744e+02,3.799999e+00,1.444000e-09,1.500000e-05
1.114934e+02,3.799999e+00,1.444000e-09,1.500000e-05
1.115124e+02,3.799999e+00,1.444000e-09,1.500000e-05
1.115314e+02,3.799999e+00,1.444000e-09,1.500000e-05
1.115504e+02,3.799999e+00,1.444000e-09,1.500000e-05
1.115694e+02,3.799999e+00,1.444000e-09,1.500000e-05
1.115884e+02,3.799999e+00,1.444000e-09,1.500000e-05
1.116074e+02,3.799999e+00,1.444000e-09,1.500000e-05
1.116264e+02,3.799999e+00,1.444000e-09,1.500000e-05
1.116454e+02,3.799999e+00,1.444000e-09,1.500000e-05
1.116644e+02,3.799999e+00,1.444000e-09,1.500000e-05
1.116834e+02,3.799999e+00,1.444000e-09,1.500000e-05
1.117024e+02,3.799999e+00,1.444000e-09,1.500000e-05
1.117214e+02,3.799999e+00,1.444000e-09,1.500000e-05
1.117404e+02,3.799999e+00,1.444000e-09,1.500000e-05
1.117594e+02,3.799999e+00,1.444000e-09,1.500000e-05
1.117784e+02,3.799999e+00,1.444000e-09,1.500000e-05
1.117974e+02,3.799999e+00,1.444000e-09,1.500000e-05
1.118164e+02,3.799999e+00,1.444000e-09,1.500000e-05
1.118354e+02,3.799999e+00,1.444000e-09,1.500000e-05
1.118544e+02,3.799999e+00,1.444000e-09,1.500000e-05
1.118734e+02,3.799999e+00,1.444000e-09,1.500000e-05
1.118924e+02,3.799999e+00,1.444000e-09,1.500000e-05
1.119114e+02,3.799999e+00,1.444000e-09,1.500000e-05
1.119304e+02,3.799999e+00,1.444000e-09,1.500000e-05
1.119494e+02,3.799999e+00,1.444000e-09,1.500000e-05
1.119684e+02,3.799999e+00,1.444000e-09,1.500000e-05
1.119874e+02,3.799999e+00,1.444000e-09,1.500000e-05
1.120064e+02,3.799999e+00,1.444000e-09,1.500000e-05
1.120254e+02,3.799999e+00,1.444000e-09,1.500000e-05
1.120444e+02,3.799999e+00,1.444000e-09,1.500000e-05
1.120634e+02,3.799999e+00,1.444000e-09,1.500000e-05
1.120824e+02,3.799999e+00,1.444000e-09,1.500000e-05
1.121014e+02,3.799999e+00,1.444000e-09,1.500000e-05
1.121204e+02,3.799999e+00,1.444000e-09,1.500000e-05
1.121394e+02,3.799999e+00,1.444000e-09,1.500000e-05
1.121584e+02,3.799999e+00,1.444000e-09,1.500000e-05
1.121774e+02,3.799999e+00,1.444000e-09,1.500000e-05
1.121964e+02,3.799999e+00,1.444000e-09,1.500000e-05
1.122154e+02,3.799999e+00,1.444000e-09,1.500000e-05
1.122344e+02,3.799999e+00,1.444000e-09,1.500000e-05
1.122534e+02,3.799999e+00,1.444000e-09,1.500000e-05
1.122724e+02,3.799999e+00,1.444000e-09,1.500000e-05
1.122914e+02,3.799999e+00,1.444000e-09,1.500000e-05
1.123104e+02,3.799999e+00,1.444000e-09,1.500000e-05
1.123294e+02,3.799999e+00,1.444000e-09,1.500000e-05
1.123484e+02,3.799999e+00,1.444000e-09,1.500000e-05
1.123674e+02,3.799999e+00,1.444000e-09,1.500000e-05
1.123864e+02,3.799999e+00,1.444000e-09,1.500000e-05
1.124054e+02,3.799999e+00,1.444000e-09,1.500000e-05
1.124244e+02,3.799999e+00,1.444000e-09,1.500000e-05
1.124434e+02,3.799999e+00,1.444000e-09,1.500000e-05
1.124624e+02,3.799999e+00,1.444000e-09,1.500000e-05
1.124814e+02,3.799999e+00,1.444000e-09,1.500000e-05
1.125004e+02,3.799999e+00,1.444000e-09,1.500000e-05
1.125194e+02,3.799999e+00,1.444000e-09,1.500000e-05
1.125384e+02,3.799999e+00,1.444000e-09,1.500000e-05
1.125574e+02,3.799999e+00,1.444000e-09,1.500000e-05
1.125764e+02,3.799999e+00,1.444000e-09,1.500000e-05
1.125954e+02,3.799999e+00,1.444000e-09,1.500000e-05
1.126144e+02,3.799999e+00,1.444000e-09,1.500000e-05
1.126334e+02,3.799999e+00,1.444000e-09,1.500000e-05
1.126524e+02,3.799999e+00,1.444000e-09,1.500000e-05
1.126714e+02,3.799999e+00,1.444000e-09,1.500000e-05
1.126904e+02,3.799999e+00,1.444000e-09,1.500000e-05
1.127094e+02,3.799999e+00,1.444000e-09,1.500000e-05
1.127284e+02,3.799999e+00,1.444000e-09,1.500000e-05
1.127474e+02,3.799999e+00,1.444000e-09,1.500000e-05
1.127664e+02,3.799999e+00,1.444000e-09,1.500000e-05
1.127854e+02,3.799999e+00,1.444000e-09,1.500000e-05
1.128044e+02,3.799999e+00,1.444000e-09,1.500000e-05
1.128234e+02,3.799999e+00,1.444000e-09,1.500000e-05
1.128424e+02,3.799999e+00,1.444000e-09,1.500000e-05
1.128614e+02,3.799999e+00,1.444000e-09,1.500000e-05
1.128804e+02,3.799999e+00,1.444000e-09,1.500000e-05
1.128994e+02,3.799999e+00,1.444000e-09,1.500000e-05
1.129184e+02,3.799999e+00,1.444000e-09,1.500000e-05
1.129374e+02,3.799999e+00,1.444000e-09,1.500000e-05
1.129564e+02,3.799999e+00,1.444000e-09,1.500000e-05
1.129754e+02,3.799999e+00,1.444000e-09,1.500000e-05
1.129944e+02,3.799999e+00,1.444000e-09,1.500000e-05
1.130134e+02,3.799999e+00,1.444000e-09,1.500000e-05
1.130324e+02,3.799999e+00,1.444000e-09,1.500000e-05
1.130514e+02,3.799999e+00,1.444000e-09,1.500000e-05
1.130704e+02,3.799999e+00,1.444000e-09,1.500000e-05
1.130894e+02,3.799999e+00,1.444000e-09,1.500000e-05
1.131084e+02,3.799999e+00,1.444000e-09,1.500000e-05
1.131274e+02,3.799999e+00,1.444000e-09,1.500000e-05
1.131464e+02,3.799999e+00,1.444000e-09,1.500000e-05
1.131654e+02,3.799999e+00,1.444000e-09,1.500000e-05
1.131844e+02,3.799999e+00,1.444000e-09,1.500000e-05
1.132034e+02,3.799999e+00,1.444000e-09,1.500000e-05
1.132224e+02,3.799999e+00,1.444000e-09,1.500000e-05
1.132414e+02,3.799999e+00,1.444000e-09,1.500000e-05
1.132604e+02,3.799999e+00,1.444000e-09,1.500000e-05
1.132794e+02,3.799999e+00,1.444000e-09,1.500000e-05
1.132984e+02,3.799999e+00,1.444000e-09,1.500000e-05
1.133174e+02,3.799999e+00,1.444000e-09,1.500000e-05
1.133364e+02,3.799999e+00,1.444000e-09,1.500000e-05
1.133554e+02,3.799999e+00,1.444000e-09,1.500000e-05
1.133744e+02,3.799999e+00,1.444000e-09,1.500000e-05
1.133934e+02,3.799999e+00,1.444000e-09,1.500000e-05
1.134124e+02,3.799999e+00,1.444000e-09,1.500000e-05
1.134314e+02,3.799999e+00,1.444000e-09,1.500000e-05
1.134504e+02,3.799999e+00,1.444000e-09,1.500000e-05
1.134694e+02,3.799999e+00,1.444000e-09,1.500000e-05
1.134884e+02,3.799999e+00,1.444000e-09,1.500000e-05
1.135074e+02,3.799999e+00,1.444000e-09,1.500000e-05
1.135264e+02,3.799999e+00,1.444000e-09,1.500000e-05
1.135454e+02,3.799999e+00,1.444000e-09,1.500000e-05
1.135644e+02,3.799999e+00,1.444000e-09,1.500000e-05
1.135834e+02,3.799999e+00,1.444000e-09,1.500000e-05
1.136024e+02,3.799999e+00,1.444000e-09,1.500000e-05
1.136214e+02,3.799999e+00,1.444000e-09,1.500000e-05
1.136404e+02,3.799999e+00,1.444000e-09,1.500000e-05
1.136594e+02,3.799999e+00,1.444000e-09,1.500000e-05
1.136784e+02,3.799999e+00,1.444000e-09,1.500000e-05
1.136974e+02,3.799999e+00,1.444000e-09,1.500000e-05
1.137164e+02,3.799999e+00,1.444000e-09,1.500000e-05
1.137354e+02,3.799999e+00,1.444000e-09,1.500000e-05
1.137544e+02,3.799999e+00,1.444000e-09,1.500000e-05
1.137734e+02,3.799999e+00,1.444000e-09,1.500000e-05
1.137924e+02,3.799999e+00,1.444000e-09,1.500000e-05
1.138114e+02,3.799999e+00,1.444000e-09,1.500000e-05
1.138304e+02,3.799999e+00,1.444000e-09,1.500000e-05
1.138494e+02,3.799999e+00,1.444000e-09,1.500000e-05
1.138684e+02,3.799999e+00,1.444000e-09,1.500000e-05
1.138874e+02,3.799999e+00,1.444000e-09,1.500000e-05
1.139064e+02,3.799999e+00,1.444000e-09,1.500000e-05
1.139254e+02,3.799999e+00,1.444000e-09,1.500000e-05
1.139444e+02,3.799999e+00,1.444000e-09,1.500000e-05
1.139634e+02,3.799999e+00,1.444000e-09,1.500000e-05
1.139824e+02,3.799999e+00,1.444000e-09,1.500000e-05
1.140014e+02,3.799999e+00,1.444000e-09,1.500000e-05
1.140204e+02,3.799999e+00,1.444000e-09,1.500000e-05
1.140394e+02,3.799999e+00,1.444000e-09,1.500000e-05
1.140584e+02,3.799999e+00,1.444000e-09,1.500000e-05
1.140774e+02,3.799999e+00,1.444000e-09,1.500000e-05
1.140964e+02,3.799999e+00,1.444000e-09,1.500000e-05
1.141154e+02,3.799999e+00,1.444000e-09,1.500000e-05
1.141344e+02,3.799999e+00,1.444000e-09,1.500000e-05
1.141534e+02,3.799999e+00,1.444000e-09,1.500000e-05
1.141724e+02,3.799999e+00,1.444000e-09,1.500000e-05
1.141914e+02,3.799999e+00,1.444000e-09,1.500000e-05
1.142104e+02,3.799999e+00,1.444000e-09,1.500000e-05
1.142294e+02,3.799999e+00,1.444000e-09,1.500000e-05
1.142484e+02,3.799999e+00,1.444000e-09,1.500000e-05
1.142674e+02,3.799999e+00,1.444000e-09,1.500000e-05
1.142864e+02,3.799999e+00,1.444000e-09,1.500000e-05
1.143054e+02,3.799999e+00,1.444000e-09,1.500000e-05
1.143244e+02,3.799999e+00,1.444000e-09,1.500000e-05
1.143434e+02,3.799999e+00,1.444000e-09,1.500000e-05
1.143624e+02,3.799999e+00,1.444000e-09,1.500000e-05
1.143814e+02,3.799999e+00,1.444000e-09,1.500000e-05
1.144004e+02,3.799999e+00,1.444000e-09,1.500000e-05
1.144194e+02,3.799999e+00,1.444000e-09,1.500000e-05
1.144384e+02,3.799999e+00,1.444000e-09,1.500000e-05
1.144574e+02,3.799999e+00,1.444000e-09,1.500000e-05
1.144764e+02,3.799999e+00,1.444000e-09,1.500000e-05
1.144954e+02,3.799999e+00,1.444000e-09,1.500000e-05
1.145144e+02,3.799999e+00,1.444000e-09,1.500000e-05
1.145334e+02,3.799999e+00,1.444000e-09,1.500000e-05
1.145524e+02,3.799999e+00,1.444000e-09,1.500000e-05
1.145714e+02,3.799999e+00,1.444000e-09,1.500000e-05
1.145904e+02,3.799999e+00,1.444000e-09,1.500000e-05
1.146094e+02,3.799999e+00,1.444000e-09,1.500000e-05
1.146284e+02,3.799999e+00,1.444000e-09,1.500000e-05
1.146474e+02,3.799999e+00,1.444000e-09,1.500000e-05
1.146664e+02,3.799999e+00,1.444000e-09,1.500000e-05
1.146854e+02,3.799999e+00,1.444000e-09,1.500000e-05
1.147044e+02,3.799999e+00,1.444000e-09,1.500000e-05
1.147234e+02,3.799999e+00,1.444000e-09,1.500000e-05
1.147424e+02,3.799999e+00,1.444000e-09,1.500000e-05
1.147614e+02,3.799999e+00,1.444000e-09,1.500000e-05
1.147804e+02,3.799999e+00,1.444000e-09,1.500000e-05
1.147994e+02,3.799999e+00,1.444000e-09,1.500000e-05
1.148184e+02,3.799999e+00,1.444000e-09,1.500000e-05
1.148374e+02,3.799999e+00,1.444000e-09,1.500000e-05
1.148564e+02,3.799999e+00,1.444000e-09,1.500000e-05
1.148754e+02,3.799999e+00,1.444000e-09,1.500000e-05
1.148944e+02,3.799999e+00,1.444000e-09,1.500000e-05
1.149134e+02,3.799999e+00,1.444000e-09,1.500000e-05
1.149324e+02,3.799999e+00,1.444000e-09,1.500000e-05
1.149514e+02,3.799999e+00,1.444000e-09,1.500000e-05
1.149704e+02,3.799999e+00,1.444000e-09,1.500000e-05
1.149894e+02,3.799999e+00,1.444000e-09,1.500000e-05
1.150084e+02,3.799999e+00,1.444000e-09,1.500000e-05
1.150274e+02,3.799999e+00,1.444000e-09,1.500000e-05
1.150464e+02,3.799999e+00,1.444000e-09,1.500000e-05
1.150654e+02,3.799999e+00,1.444000e-09,1.500000e-05
1.150844e+02,3.799999e+00,1.444000e-09,1.500000e-05
1.151034e+02,3.799999e+00,1.444000e-09,1.500000e-05
1.151224e+02,3.799999e+00,1.444000e-09,1.500000e-05
1.151414e+02,3.799999e+00,1.444000e-09,1.500000e-05
1.151604e+02,3.799999e+00,1.444000e-09,1.500000e-05
1.151794e+02,3.799999e+00,1.444000e-09,1.500000e-05
1.151984e+02,3.799999e+00,1.444000e-09,1.500000e-05
1.152174e+02,3.799999e+00,1.444000e-09,1.500000e-05
1.152364e+02,3.799999e+00,1.444000e-09,1.500000e-05
1.152554e+02,3.799999e+00,1.444000e-09,1.500000e-05
1.152744e+02,3.799999e+00,1.444000e-09,1.500000e-05
1.152934e+02,3.799999e+00,1.444000e-09,1.500000e-05
1.153124e+02,3.799999e+00,1.444000e-09,1.500000e-05
1.153314e+02,3.799999e+00,1.444000e-09,1.500000e-05
1.153504e+02,3.799999e+00,1.444000e-09,1.500000e-05
1.153694e+02,3.799999e+00,1.444000e-09,1.500000e-05
1.153884e+02,3.799999e+00,1.444000e-09,1.500000e-05
1.154074e+02,3.799999e+00,1.444000e-09,1.500000e-05
1.154264e+02,3.799999e+00,1.444000e-09,1.500000e-05
1.154454e+02,3.799999e+00,1.444000e-09,1.500000e-05
1.154644e+02,3.799999e+00,1.444000e-09,1.500000e-05
1.154834e+02,3.799999e+00,1.444000e-09,1.500000e-05
1.155024e+02,3.799999e+00,1.444000e-09,1.500000e-05
1.155214e+02,3.799999e+00,1.444000e-09,1.500000e-05
1.155404e+02,3.799999e+00,1.444000e-09,1.500000e-05
1.155594e+02,3.799999e+00,1.444000e-09,1.500000e-05
1.155784e+02,3.799999e+00,1.444000e-09,1.500000e-05
1.155974e+02,3.799999e+00,1.444000e-09,1.500000e-05
1.156164e+02,3.799999e+00,1.444000e-09,1.500000e-05
1.156354e+02,3.799999e+00,1.444000e-09,1.500000e-05
1.156544e+02,3.799999e+00,1.444000e-09,1.500000e-05
1.156734e+02,3.799999e+00,1.444000e-09,1.500000e-05
1.156924e+02,3.799999e+00,1.444000e-09,1.500000e-05
1.157114e+02,3.799999e+00,1.444000e-09,1.500000e-05
1.157304e+02,3.799999e+00,1.444000e-09,1.500000e-05
1.157494e+02,3.799999e+00,1.444000e-09,1.500000e-05
1.157684e+02,3.799999e+00,1.444000e-09,1.500000e-05
1.157874e+02,3.799999e+00,1.444000e-09,1.500000e-05
1.158064e+02,3.799999e+00,1.444000e-09,1.500000e-05
1.158254e+02,3.799999e+00,1.444000e-09,1.500000e-05
1.158444e+02,3.799999e+00,1.444000e-09,1.500000e-05
1.158634e+02,3.799999e+00,1.444000e-09,1.500000e-05
1.158824e+02,3.799999e+00,1.444000e-09,1.500000e-05
1.159014e+02,3.799999e+00,1.444000e-09,1.500000e-05
1.159204e+02,3.799999e+00,1.444000e-09,1.500000e-05
1.159394e+02,3.799999e+00,1.444000e-09,1.500000e-05
1.159584e+02,3.799999e+00,1.444000e-09,1.500000e-05
1.159774e+02,3.799999e+00,1.444000e-09,1.500000e-05
1.159964e+02,3.799999e+00,1.444000e-09,1.500000e-05
1.160154e+02,3.799999e+00,1.444000e-09,1.500000e-05
1.160344e+02,3.799999e+00,1.444000e-09,1.500000e-05
1.160534e+02,3.799999e+00,1.444000e-09,1.500000e-05
1.160724e+02,3.799999e+00,1.444000e-09,1.500000e-05
1.160914e+02,3.799999e+00,1.444000e-09,1.500000e-05
1.161104e+02,3.799999e+00,1.444000e-09,1.500000e-05
1.161294e+02,3.799999e+00,1.444000e-09,1.500000e-05
1.161484e+02,3.799999e+00,1.444000e-09,1.500000e-05
1.161674e+02,3.799999e+00,1.444000e-09,1.500000e-05
1.161864e+02,3.799999e+00,1.444000e-09,1.500000e-05
1.162054e+02,3.799999e+00,1.444000e-09,1.500000e-05
1.162244e+02,3.799999e+00,1.444000e-09,1.500000e-05
1.162434e+02,3.799999e+00,1.444000e-09,1.500000e-05
1.162624e+02,3.799999e+00,1.444000e-09,1.500000e-05
1.162814e+02,3.799999e+00,1.444000e-09,1.500000e-05
1.163004e+02,3.799999e+00,1.444000e-09,1.500000e-05
1.163194e+02,3.799999e+00,1.444000e-09,1.500000e-05
1.163384e+02,3.799999e+00,1.444000e-09,1.500000e-05
1.163574e+02,3.799999e+00,1.444000e-09,1.500000e-05
1.163764e+02,3.799999e+00,1.444000e-09,1.500000e-05
1.163954e+02,3.799999e+00,1.444000e-09,1.500000e-05
1.164144e+02,3.799999e+00,1.444000e-09,1.500000e-05
1.164334e+02,3.799999e+00,1.444000e-09,1.500000e-05
1.164524e+02,3.799999e+00,1.444000e-09,1.500000e-05
1.164714e+02,3.799999e+00,1.444000e-09,1.500000e-05
1.164904e+02,3.799999e+00,1.444000e-09,1.500000e-05
1.165094e+02,3.799999e+00,1.444000e-09,1.500000e-05
1.165284e+02,3.799999e+00,1.444000e-09,1.500000e-05
1.165474e+02,3.799999e+00,1.444000e-09,1.500000e-05
1.165664e+02,3.799999e+00,1.444000e-09,1.500000e-05
1.165854e+02,3.799999e+00,1.444000e-09,1.500000e-05
1.166044e+02,3.799999e+00,1.444000e-09,1.500000e-05
1.166234e+02,3.799999e+00,1.444000e-09,1.500000e-05
1.166424e+02,3.799999e+00,1.444000e-09,1.500000e-05
1.166614e+02,3.799999e+00,1.444000e-09,1.500000e-05
1.166804e+02,3.799999e+00,1.444000e-09,1.500000e-05
1.166994e+02,3.799999e+00,1.444000e-09,1.500000e-05
1.167184e+02,3.799999e+00,1.444000e-09,1.500000e-05
1.167374e+02,3.799999e+00,1.444000e-09,1.500000e-05
1.167564e+02,3.799999e+00,1.444000e-09,1.500000e-05
1.167754e+02,3.799999e+00,1.444000e-09,1.500000e-05
1.167944e+02,3.799999e+00,1.444000e-09,1.500000e-05
1.168134e+02,3.799999e+00,1.444000e-09,1.500000e-05
1.168324e+02,3.799999e+00,1.444000e-09,1.500000e-05
1.168514e+02,3.799999e+00,1.444000e-09,1.500000e-05
1.168704e+02,3.799999e+00,1.444000e-09,1.500000e-05
1.168894e+02,3.799999e+00,1.444000e-09,1.500000e-05
1.169084e+02,3.799999e+00,1.444000e-09,1.500000e-05
1.169274e+02,3.799999e+00,1.444000e-09,1.500000e-05
1.169464e+02,3.799999e+00,1.444000e-09,1.500000e-05
1.169654e+02,3.799999e+00,1.444000e-09,1.500000e-05
1.169844e+02,3.799999e+00,1.444000e-09,1.500000e-05
1.170034e+02,3.799999e+00,1.444000e-09,1.500000e-05
1.170224e+02,3.799999e+00,1.444000e-09,1.500000e-05
1.170414e+02,3.799999e+00,1.444000e-09,1.500000e-05
1.170604e+02,3.799999e+00,1.444000e-09,1.500000e-05
1.170794e+02,3.799999e+00,1.444000e-09,1.500000e-05
1.170984e+02,3.799999e+00,1.444000e-09,1.500000e-05
1.171174e+02,3.799999e+00,1.444000e-09,1.500000e-05
1.171364e+02,3.799999e+00,1.444000e-09,1.500000e-05
1.171554e+02,3.799999e+00,1.444000e-09,1.500000e-05
1.171744e+02,3.799999e+00,1.444000e-09,1.500000e-05
1.171934e+02,3.799999e+00,1.444000e-09,1.500000e-05
1.172124e+02,3.799999e+00,1.444000e-09,1.500000e-05
1.172314e+02,3.799999e+00,1.444000e-09,1.500000e-05
1.172504e+02,3.799999e+00,1.444000e-09,1.500000e-05
1.172694e+02,3.799999e+00,1.444000e-09,1.500000e-05
1.172884e+02,3.799999e+00,1.444000e-09,1.500000e-05
1.173074e+02,3.799999e+00,1.444000e-09,1.500000e-05
1.173264e+02,3.799999e+00,1.444000e-09,1.500000e-05
1.173454e+02,3.799999e+00,1.444000e-09,1.500000e-05
1.173644e+02,3.799999e+00,1.444000e-09,1.500000e-05
1.173834e+02,3.799999e+00,1.444000e-09,1.500000e-05
1.174024e+02,3.799999e+00,1.444000e-09,1.500000e-05
1.174214e+02,3.799999e+00,1.444000e-09,1.500000e-05
1.174404e+02,3.799999e+00,1.444000e-09,1.500000e-05
1.174594e+02,3.799999e+00,1.444000e-09,1.500000e-05
1.174784e+02,3.799999e+00,1.444000e-09,1.500000e-05
1.174974e+02,3.799999e+00,1.444000e-09,1.500000e-05
1.175164e+02,3.799999e+00,1.444000e-09,1.500000e-05
1.175354e+02,3.799999e+00,1.444000e-09,1.500000e-05
1.175544e+02,3.799999e+00,1.444000e-09,1.500000e-05
1.175734e+02,3.799999e+00,1.444000e-09,1.500000e-05
1.175924e+02,3.799999e+00,1.444000e-09,1.500000e-05
1.176114e+02,3.799999e+00,1.444000e-09,1.500000e-05
1.176304e+02,3.799999e+00,1.444000e-09,1.500000e-05
1.176494e+02,3.799999e+00,1.444000e-09,1.500000e-05
1.176684e+02,3.799999e+00,1.444000e-09,1.500000e-05
1.176874e+02,3.799999e+00,1.444000e-09,1.500000e-05
1.177064e+02,3.799999e+00,1.444000e-09,1.500000e-05
1.177254e+02,3.799999e+00,1.444000e-09,1.500000e-05
1.177444e+02,3.799999e+00,1.444000e-09,1.500000e-05
1.177634e+02,3.799999e+00,1.444000e-09,1.500000e-05
1.177824e+02,3.799999e+00,1.444000e-09,1.500000e-05
1.178014e+02,3.799999e+00,1.444000e-09,1.500000e-05
1.178204e+02,3.799999e+00,1.444000e-09,1.500000e-05
1.178394e+02,3.799999e+00,1.444000e-09,1.500000e-05
1.178584e+02,3.799999e+00,1.444000e-09,1.500000e-05
1.178774e+02,3.799999e+00,1.444000e-09,1.500000e-05
1.178964e+02,3.799999e+00,1.444000e-09,1.500000e-05
1.179154e+02,3.799999e+00,1.444000e-09,1.500000e-05
1.179344e+02,3.799999e+00,1.444000e-09,1.500000e-05
1.179534e+02,3.799999e+00,1.444000e-09,1.500000e-05
1.179724e+02,3.799999e+00,1.444000e-09,1.500000e-05
1.179914e+02,3.799999e+00,1.444000e-09,1.500000e-05
1.180104e+02,3.799999e+00,1.444000e-09,1.500000e-05
1.180294e+02,3.799999e+00,1.444000e-09,1.500000e-05
1.180484e+02,3.799999e+00,1.444000e-09,1.500000e-05
1.180674e+02,3.799999e+00,1.444000e-09,1.500000e-05
1.180864e+02,3.799999e+00,1.444000e-09,1.500000e-05
1.181054e+02,3.799999e+00,1.444000e-09,1.500000e-05
1.181244e+02,3.799999e+00,1.444000e-09,1.500000e-05
1.181434e+02,3.799999e+00,1.444000e-09,1.500000e-05
1.181624e+02,3.799999e+00,1.444000e-09,1.500000e-05
1.181814e+02,3.799999e+00,1.444000e-09,1.500000e-05
1.182004e+02,3.799999e+00,1.444000e-09,1.500000e-05
1.182194e+02,3.799999e+00,1.444000e-09,1.500000e-05
1.182384e+02,3.799999e+00,1.444000e-09,1.500000e-05
1.182574e+02,3.799999e+00,1.444000e-09,1.500000e-05
1.182764e+02,3.799999e+00,1.444000e-09,1.500000e-05
1.182954e+02,3.799999e+00,1.444000e-09,1.500000e-05
1.183144e+02,3.799999e+00,1.444000e-09,1.500000e-05
1.183334e+02,3.799999e+00,1.444000e-09,1.500000e-05
1.183524e+02,3.799999e+00,1.444000e-09,1.500000e-05
1.183714e+02,3.799999e+00,1.444000e-09,1.500000e-05
1.183904e+02,3.799999e+00,1.444000e-09,1.500000e-05
1.184094e+02,3.799999e+00,1.444000e-09,1.500000e-05
1.184284e+02,3.799999e+00,1.444000e-09,1.500000e-05
1.184474e+02,3.799999e+00,1.444000e-09,1.500000e-05
1.184664e+02,3.799999e+00,1.444000e-09,1.500000e-05
1.184854e+02,3.799999e+00,1.444000e-09,1.500000e-05
1.185044e+02,3.799999e+00,1.444000e-09,1.500000e-05
1.185234e+02,3.799999e+00,1.444000e-09,1.500000e-05
1.185424e+02,3.799999e+00,1.444000e-09,1.500000e-05
1.185614e+02,3.799999e+00,1.444000e-09,1.500000e-05
1.185804e+02,3.799999e+00,1.444000e-09,1.500000e-05
1.185994e+02,3.799999e+00,1.444000e-09,1.500000e-05
1.186184e+02,3.799999e+00,1.444000e-09,1.500000e-05
1.186374e+02,3.799999e+00,1.444000e-09,1.500000e-05
1.186564e+02,3.799999e+00,1.444000e-09,1.500000e-05
1.186754e+02,3.799999e+00,1.444000e-09,1.500000e-05
1.186944e+02,3.799999e+00,1.444000e-09,1.500000e-05
1.187134e+02,3.799999e+00,1.444000e-09,1.500000e-05
1.187324e+02,3.799999e+00,1.444000e-09,1.500000e-05
1.187514e+02,3.799999e+00,1.444000e-09,1.500000e-05
1.187704e+02,3.799999e+00,1.444000e-09,1.500000e-05
1.187894e+02,3.799999e+00,1.444000e-09,1.500000e-05
1.188084e+02,3.799999e+00,1.444000e-09,1.500000e-05
1.188274e+02,3.799999e+00,1.444000e-09,1.500000e-05
1.188464e+02,3.799999e+00,1.444000e-09,1.500000e-05
1.188654e+02,3.799999e+00,1.444000e-09,1.500000e-05
1.188844e+02,3.799999e+00,1.444000e-09,1.500000e-05
1.189034e+02,3.799999e+00,1.444000e-09,1.500000e-05
1.189224e+02,3.799999e+00,1.444000e-09,1.500000e-05
1.189414e+02,3.799999e+00,1.444000e-09,1.500000e-05
1.189604e+02,3.799999e+00,1.444000e-09,1.500000e-05
1.189794e+02,3.799999e+00,1.444000e-09,1.500000e-05
1.189984e+02,3.799999e+00,1.444000e-09,1.500000e-05
1.190174e+02,3.799999e+00,1.444000e-09,1.500000e-05
1.190364e+02,3.799999e+00,1.444000e-09,1.500000e-05
1.190554e+02,3.799999e+00,1.444000e-09,1.500000e-05
1.190744e+02,3.799999e+00,1.444000e-09,1.500000e-05
1.190934e+02,3.799999e+00,1.444000e-09,1.500000e-05
1.191124e+02,3.799999e+00,1.444000e-09,1.500000e-05
1.191314e+02,3.799999e+00,1.444000e-09,1.500000e-05
1.191504e+02,3.799999e+00,1.444000e-09,1.500000e-05
1.191694e+02,3.799999e+00,1.444000e-09,1.500000e-05
1.191884e+02,3.799999e+00,1.444000e-09,1.500000e-05
1.192074e+02,3.799999e+00,1.444000e-09,1.500000e-05
1.192264e+02,3.799999e+00,1.444000e-09,1.500000e-05
1.192454e+02,3.799999e+00,1.444000e-09,1.500000e-05
1.192644e+02,3.799999e+00,1.444000e-09,1.500000e-05
1.192834e+02,3.799999e+00,1.444000e-09,1.500000e-05
1.193024e+02,3.799999e+00,1.444000e-09,1.500000e-05
1.193214e+02,3.799999e+00,1.444000e-09,1.500000e-05
1.193404e+02,3.799999e+00,1.444000e-09,1.500000e-05
1.193594e+02,3.799999e+00,1.444000e-09,1.500000e-05
1.193784e+02,3.799999e+00,1.444000e-09,1.500000e-05
1.193974e+02,3.799999e+00,1.444000e-09,1.500000e-05
1.194164e+02,3.799999e+00,1.444000e-09,1.500000e-05
1.194354e+02,3.799999e+00,1.444000e-09,1.500000e-05
1.194544e+02,3.799999e+00,1.444000e-09,1.500000e-05
1.194734e+02,3.799999e+00,1.444000e-09,1.500000e-05
1.194924e+02,3.799999e+00,1.444000e-09,1.500000e-05
1.195114e+02,3.799999e+00,1.444000e-09,1.500000e-05
1.195304e+02,3.799999e+00,1.444000e-09,1.500000e-05
1.195494e+02,3.799999e+00,1.444000e-09,1.500000e-05
1.195684e+02,3.799999e+00,1.444000e-09,1.500000e-05
1.195874e+02,3.799999e+00,1.444000e-09,1.500000e-05
1.196064e+02,3.799999e+00,1.444000e-09,1.500000e-05
1.196254e+02,3.799999e+00,1.444000e-09,1.500000e-05
1.196444e+02,3.799999e+00,1.444000e-09,1.500000e-05
1.196634e+02,3.799999e+00,1.444000e-09,1.500000e-05
1.196824e+02,3.799999e+00,1.444000e-09,1.500000e-05
1.197014e+02,3.799999e+00,1.444000e-09,1.500000e-05
1.197204e+02,3.799999e+00,1.444000e-09,1.500000e-05
1.197394e+02,3.799999e+00,1.444000e-09,1.500000e-05
1.197584e+02,3.799999e+00,1.444000e-09,1.500000e-05
1.197774e+02,3.799999e+00,1.444000e-09,1.500000e-05
1.197964e+02,3.799999e+00,1.444000e-09,1.500000e-05
1.198154e+02,3.799999e+00,1.444000e-09,1.500000e-05
1.198344e+02,3.799999e+00,1.444000e-09,1.500000e-05
1.198534e+02,3.799999e+00,1.444000e-09,1.500000e-05
1.198724e+02,3.799999e+00,1.444000e-09,1.500000e-05
1.198914e+02,3.799999e+00,1.444000e-09,1.500000e-05
1.199104e+02,3.799999e+00,1.444000e-09,1.500000e-05
1.199294e+02,3.799999e+00,1.444000e-09,1.500000e-05
1.199484e+02,3.799999e+00,1.444000e-09,1.500000e-05
1.199674e+02,3.799999e+00,1.444000e-09,1.500000e-05
1.199864e+02,3.799999e+00,1.444000e-09,1.500000e-05
1.200054e+02,3.799999e+00,1.444000e-09,1.500000e-05
1.200244e+02,3.799999e+00,1.444000e-09,1.500000e-05
1.200434e+02,3.799999e+00,1.444000e-09,1.500000e-05
1.200624e+02,3.799999e+00,1.444000e-09,1.500000e-05
1.200814e+02,3.799999e+00,1.444000e-09,1.500000e-05
1.201004e+02,3.799999e+00,1.444000e-09,1.500000e-05
1.201194e+02,3.799999e+00,1.444000e-09,1.500000e-05
1.201384e+02,3.799999e+00,1.444000e-09,1.500000e-05
1.201574e+02,3.799999e+00,1.444000e-09,1.500000e-05
1.201764e+02,3.799999e+00,1.444000e-09,1.500000e-05
1.201954e+02,3.799999e+00,1.444000e-09,1.500000e-05
1.202144e+02,3.799999e+00,1.444000e-09,1.500000e-05
1.202334e+02,3.799999e+00,1.444000e-09,1.500000e-05
1.202524e+02,3.799999e+00,1.444000e-09,1.500000e-05
1.202714e+02,3.799999e+00,1.444000e-09,1.500000e-05
1.202904e+02,3.799999e+00,1.444000e-09,1.500000e-05
1.203094e+02,3.799999e+00,1.444000e-09,1.500000e-05
1.203284e+02,3.799999e+00,1.444000e-09,1.500000e-05
1.203474e+02,3.799999e+00,1.444000e-09,1.500000e-05
1.203664e+02,3.799999e+00,1.444000e-09,1.500000e-05
1.203854e+02,3.799999e+00,1.444000e-09,1.500000e-05
1.204044e+02,3.799999e+00,1.444000e-09,1.500000e-05
1.204234e+02,3.799999e+00,1.444000e-09,1.500000e-05
1.204424e+02,3.799999e+00,1.444000e-09,1.500000e-05
1.204614e+02,3.799999e+00,1.444000e-09,1.500000e-05
1.204804e+02,3.799999e+00,1.444000e-09,1.500000e-05
1.204994e+02,3.799999e+00,1.444000e-09,1.500000e-05
1.205184e+02,3.799999e+00,1.444000e-09,1.500000e-05
1.205374e+02,3.799999e+00,1.444000e-09,1.500000e-05
1.205564e+02,3.799999e+00,1.444000e-09,1.500000e-05
1.205754e+02,3.799999e+00,1.444000e-09,1.500000e-05
1.205944e+02,3.799999e+00,1.444000e-09,1.500000e-05
1.206134e+02,3.799999e+00,1.444000e-09,1.500000e-05
1.206324e+02,3.799999e+00,1.444000e-09,1.500000e-05
1.206514e+02,3.799999e+00,1.444000e-09,1.500000e-05
1.206704e+02,3.799999e+00,1.444000e-09,1.500000e-05
1.206894e+02,3.799999e+00,1.444000e-09,1.500000e-05
1.207084e+02,3.799999e+00,1.444000e-09,1.500000e-05
1.207274e+02,3.799999e+00,1.444000e-09,1.500000e-05
1.207464e+02,3.799999e+00,1.444000e-09,1.500000e-05
1.207654e+02,3.799999e+00,1.444000e-09,1.500000e-05
1.207844e+02,3.799999e+00,1.444000e-09,1.500000e-05
1.208034e+02,3.799999e+00,1.444000e-09,1.500000e-05
1.208224e+02,3.799999e+00,1.444000e-09,1.500000e-05
1.208414e+02,3.799999e+00,1.444000e-09,1.500000e-05
1.208604e+02,3.799999e+00,1.444000e-09,1.500000e-05
1.208794e+02,3.799999e+00,1.444000e-09,1.500000e-05
1.208984e+02,3.799999e+00,1.444000e-09,1.500000e-05
1.209174e+02,3.799999e+00,1.444000e-09,1.500000e-05
1.209364e+02,3.799999e+00,1.444000e-09,1.500000e-05
1.209554e+02,3.799999e+00,1.444000e-09,1.500000e-05
1.209744e+02,3.799999e+00,1.444000e-09,1.500000e-05
1.209934e+02,3.799999e+00,1.444000e-09,1.500000e-05
1.210124e+02,3.799999e+00,1.444000e-09,1.500000e-05
1.210314e+02,3.799999e+00,1.444000e-09,1.500000e-05
1.210504e+02,3.799999e+00,1.444000e-09,1.500000e-05
1.210694e+02,3.799999e+00,1.444000e-09,1.500000e-05
1.210884e+02,3.799999e+00,1.444000e-09,1.500000e-05
1.211074e+02,3.799999e+00,1.444000e-09,1.500000e-05
1.211264e+02,3.799999e+00,1.444000e-09,1.500000e-05
1.211454e+02,3.799999e+00,1.444000e-09,1.500000e-05
1.211644e+02,3.799999e+00,1.444000e-09,1.500000e-05
1.211834e+02,3.799999e+00,1.444000e-09,1.500000e-05
1.212024e+02,3.799999e+00,1.444000e-09,1.500000e-05
1.212214e+02,3.799999e+00,1.444000e-09,1.500000e-05
1.212404e+02,3.799999e+00,1.444000e-09,1.500000e-05
1.212594e+02,3.799999e+00,1.444000e-09,1.500000e-05
1.212784e+02,3.799999e+00,1.444000e-09,1.500000e-05
1.212974e+02,3.799999e+00,1.444000e-09,1.500000e-05
1.213164e+02,3.799999e+00,1.444000e-09,1.500000e-05
1.213354e+02,3.799999e+00,1.444000e-09,1.500000e-05
1.213544e+02,3.799999e+00,1.444000e-09,1.500000e-05
1.213734e+02,3.799999e+00,1.444000e-09,1.500000e-05
1.213924e+02,3.799999e+00,1.444000e-09,1.500000e-05
1.214114e+02,3.799999e+00,1.444000e-09,1.500000e-05
1.214304e+02,3.799999e+00,1.444000e-09,1.500000e-05
1.214494e+02,3.799999e+00,1.444000e-09,1.500000e-05
1.214684e+02,3.799999e+00,1.444000e-09,1.500000e-05
1.214874e+02,3.799999e+00,1.444000e-09,1.500000e-05
1.215064e+02,3.799999e+00,1.444000e-09,1.500000e-05
1.215254e+02,3.799999e+00,1.444000e-09,1.500000e-05
1.215444e+02,3.799999e+00,1.444000e-09,1.500000e-05
1.215634e+02,3.799999e+00,1.444000e-09,1.500000e-05
1.215824e+02,3.799999e+00,1.444000e-09,1.500000e-05
1.216014e+02,3.799999e+00,1.444000e-09,1.500000e-05
1.216204e+02,3.799999e+00,1.444000e-09,1.500000e-05
1.216394e+02,3.799999e+00,1.444000e-09,1.500000e-05
1.216584e+02,3.799999e+00,1.444000e-09,1.500000e-05
1.216774e+02,3.799999e+00,1.444000e-09,1.500000e-05
1.216964e+02,3.799999e+00,1.444000e-09,1.500000e-05
1.217154e+02,3.799999e+00,1.444000e-09,1.500000e-05
1.217344e+02,3.799999e+00,1.444000e-09,1.500000e-05
1.217534e+02,3.799999e+00,1.444000e-09,1.500000e-05
1.217724e+02,3.799999e+00,1.444000e-09,1.500000e-05
1.217914e+02,3.799999e+00,1.444000e-09,1.500000e-05
1.218104e+02,3.799999e+00,1.444000e-09,1.500000e-05
1.218294e+02,3.799999e+00,1.444000e-09,1.500000e-05
1.218484e+02,3.799999e+00,1.444000e-09,1.500000e-05
1.218674e+02,3.799999e+00,1.444000e-09,1.500000e-05
1.218864e+02,3.799999e+00,1.444000e-09,1.500000e-05
1.219054e+02,3.799999e+00,1.444000e-09,1.500000e-05
1.219244e+02,3.799999e+00,1.444000e-09,1.500000e-05
1.219434e+02,3.799999e+00,1.444000e-09,1.500000e-05
1.219624e+02,3.799999e+00,1.444000e-09,1.500000e-05
1.219814e+02,3.799999e+00,1.444000e-09,1.500000e-05
1.220004e+02,3.799999e+00,1.444000e-09,1.500000e-05
1.220194e+02,3.799999e+00,1.444000e-09,1.500000e-05
1.220384e+02,3.799999e+00,1.444000e-09,1.500000e-05
1.220574e+02,3.799999e+00,1.444000e-09,1.500000e-05
1.220764e+02,3.799999e+00,1.444000e-09,1.500000e-05
1.220954e+02,3.799999e+00,1.444000e-09,1.500000e-05
1.221144e+02,3.799999e+00,1.444000e-09,1.500000e-05
1.221334e+02,3.799999e+00,1.444000e-09,1.500000e-05
1.221524e+02,3.799999e+00,1.444000e-09,1.500000e-05
1.221714e+02,3.799999e+00,1.444000e-09,1.500000e-05
1.221904e+02,3.799999e+00,1.444000e-09,1.500000e-05
1.222094e+02,3.799999e+00,1.444000e-09,1.500000e-05
1.222284e+02,3.799999e+00,1.444000e-09,1.500000e-05
1.222474e+02,3.799999e+00,1.444000e-09,1.500000e-05
1.222664e+02,3.799999e+00,1.444000e-09,1.500000e-05
1.222854e+02,3.799999e+00,1.444000e-09,1.500000e-05
1.223044e+02,3.799999e+00,1.444000e-09,1.500000e-05
1.223234e+02,3.799999e+00,1.444000e-09,1.500000e-05
1.223424e+02,3.799999e+00,1.444000e-09,1.500000e-05
1.223614e+02,3.799999e+00,1.444000e-09,1.500000e-05
1.223804e+02,3.799999e+00,1.444000e-09,1.500000e-05
1.223994e+02,3.799999e+00,1.444000e-09,1.500000e-05
1.224184e+02,3.799999e+00,1.444000e-09,1.500000e-05
1.224374e+02,3.799999e+00,1.444000e-09,1.500000e-05
1.224564e+02,3.799999e+00,1.444000e-09,1.500000e-05
1.224754e+02,3.799999e+00,1.444000e-09,1.500000e-05
1.224944e+02,3.799999e+00,1.444000e-09,1.500000e-05
1.225134e+02,3.799999e+00,1.444000e-09,1.500000e-05
1.225324e+02,3.799999e+00,1.444000e-09,1.500000e-05
1.225514e+02,3.799999e+00,1.444000e-09,1.500000e-05
1.225704e+02,3.799999e+00,1.444000e-09,1.500000e-05
1.225894e+02,3.799999e+00,1.444000e-09,1.500000e-05
1.226084e+02,3.799999e+00,1.444000e-09,1.500000e-05
1.226274e+02,3.799999e+00,1.444000e-09,1.500000e-05
1.226464e+02,3.799999e+00,1.444000e-09,1.500000e-05
1.226654e+02,3.799999e+00,1.444000e-09,1.500000e-05
1.226844e+02,3.799999e+00,1.444000e-09,1.500000e-05
1.227034e+02,3.799999e+00,1.444000e-09,1.500000e-05
1.227224e+02,3.799999e+00,1.444000e-09,1.500000e-05
1.227414e+02,3.799999e+00,1.444000e-09,1.500000e-05
1.227604e+02,3.799999e+00,1.444000e-09,1.500000e-05
1.227794e+02,3.799999e+00,1.444000e-09,1.500000e-05
1.227984e+02,3.799999e+00,1.444000e-09,1.500000e-05
1.228174e+02,3.799999e+00,1.444000e-09,1.500000e-05
1.228364e+02,3.799999e+00,1.444000e-09,1.500000e-05
1.228554e+02,3.799999e+00,1.444000e-09,1.500000e-05
1.228744e+02,3.799999e+00,1.444000e-09,1.500000e-05
1.228934e+02,3.799999e+00,1.444000e-09,1.500000e-05
1.229124e+02,3.799999e+00,1.444000e-09,1.500000e-05
1.229314e+02,3.799999e+00,1.444000e-09,1.500000e-05
1.229504e+02,3.799999e+00,1.444000e-09,1.500000e-05
1.229694e+02,3.799999e+00,1.444000e-09,1.500000e-05
1.229884e+02,3.799999e+00,1.444000e-09,1.500000e-05
1.230074e+02,3.799999e+00,1.444000e-09,1.500000e-05
1.230264e+02,3.799999e+00,1.444000e-09,1.500000e-05
1.230454e+02,3.799999e+00,1.444000e-09,1.500000e-05
1.230644e+02,3.799999e+00,1.444000e-09,1.500000e-05
1.230834e+02,3.799999e+00,1.444000e-09,1.500000e-05
1.231024e+02,3.799999e+00,1.444000e-09,1.500000e-05
1.231214e+02,3.799999e+00,1.444000e-09,1.500000e-05
1.231404e+02,3.799999e+00,1.444000e-09,1.500000e-05
1.231594e+02,3.799999e+00,1.444000e-09,1.500000e-05
1.231784e+02,3.799999e+00,1.444000e-09,1.500000e-05
1.231974e+02,3.799999e+00,1.444000e-09,1.500000e-05
1.232164e+02,3.799999e+00,1.444000e-09,1.500000e-05
1.232354e+02,3.799999e+00,1.444000e-09,1.500000e-05
1.232544e+02,3.799999e+00,1.444000e-09,1.500000e-05
1.232734e+02,3.799999e+00,1.444000e-09,1.500000e-05
1.232924e+02,3.799999e+00,1.444000e-09,1.500000e-05
1.233114e+02,3.799999e+00,1.444000e-09,1.500000e-05
1.233304e+02,3.799999e+00,1.444000e-09,1.500000e-05
1.233494e+02,3.799999e+00,1.444000e-09,1.500000e-05
1.233684e+02,3.799999e+00,1.444000e-09,1.500000e-05
1.233874e+02,3.799999e+00,1.444000e-09,1.500000e-05
1.234064e+02,3.799999e+00,1.444000e-09,1.500000e-05
1.234254e+02,3.799999e+00,1.444000e-09,1.500000e-05
1.234444e+02,3.799999e+00,1.444000e-09,1.500000e-05
1.234634e+02,3.799999e+00,1.444000e-09,1.500000e-05
1.234824e+02,3.799999e+00,1.444000e-09,1.500000e-05
1.235014e+02,3.799999e+00,1.444000e-09,1.500000e-05
1.235204e+02,3.799999e+00,1.444000e-09,1.500000e-05
1.235394e+02,3.799999e+00,1.444000e-09,1.500000e-05
1.235584e+02,3.799999e+00,1.444000e-09,1.500000e-05
1.235774e+02,3.799999e+00,1.444000e-09,1.500000e-05
1.235964e+02,3.799999e+00,1.444000e-09,1.500000e-05
1.236154e+02,3.799999e+00,1.444000e-09,1.500000e-05
1.236344e+02,3.799999e+00,1.444000e-09,1.500000e-05
1.236534e+02,3.799999e+00,1.444000e-09,1.500000e-05
1.236724e+02,3.799999e+00,1.444000e-09,1.500000e-05
1.236914e+02,3.799999e+00,1.444000e-09,1.500000e-05
1.237104e+02,3.799999e+00,1.444000e-09,1.500000e-05
1.237294e+02,3.799999e+00,1.444000e-09,1.500000e-05
1.237484e+02,3.799999e+00,1.444000e-09,1.500000e-05
1.237674e+02,3.799999e+00,1.444000e-09,1.500000e-05
1.237864e+02,3.799999e+00,1.444000e-09,1.500000e-05
1.238054e+02,3.799999e+00,1.444000e-09,1.500000e-05
1.238244e+02,3.799999e+00,1.444000e-09,1.500000e-05
1.238434e+02,3.799999e+00,1.444000e-09,1.500000e-05
1.238624e+02,3.799999e+00,1.444000e-09,1.500000e-05
1.238814e+02,3.799999e+00,1.444000e-09,1.500000e-05
1.239004e+02,3.799999e+00,1.444000e-09,1.500000e-05
1.239194e+02,3.799999e+00,1.444000e-09,1.500000e-05
1.239384e+02,3.799999e+00,1.444000e-09,1.500000e-05
1.239574e+02,3.799999e+00,1.444000e-09,1.500000e-05
1.239764e+02,3.799999e+00,1.444000e-09,1.500000e-05
1.239954e+02,3.799999e+00,1.444000e-09,1.500000e-05
1.240144e+02,3.799999e+00,1.444000e-09,1.500000e-05
1.240334e+02,3.799999e+00,1.444000e-09,1.500000e-05
1.240524e+02,3.799999e+00,1.444000e-09,1.500000e-05
1.240714e+02,3.799999e+00,1.444000e-09,1.500000e-05
1.240904e+02,3.799999e+00,1.444000e-09,1.500000e-05
1.241094e+02,3.799999e+00,1.444000e-09,1.500000e-05
1.241284e+02,3.799999e+00,1.444000e-09,1.500000e-05
1.241474e+02,3.799999e+00,1.444000e-09,1.500000e-05
1.241664e+02,3.799999e+00,1.444000e-09,1.500000e-05
1.241854e+02,3.799999e+00,1.444000e-09,1.500000e-05
1.242044e+02,3.799999e+00,1.444000e-09,1.500000e-05
1.242234e+02,3.799999e+00,1.444000e-09,1.500000e-05
1.242424e+02,3.799999e+00,1.444000e-09,1.500000e-05
1.242614e+02,3.799999e+00,1.444000e-09,1.500000e-05
1.242804e+02,3.799999e+00,1.444000e-09,1.500000e-05
1.242994e+02,3.799999e+00,1.444000e-09,1.500000e-05
1.243184e+02,3.799999e+00,1.444000e-09,1.500000e-05
1.243374e+02,3.799999e+00,1.444000e-09,1.500000e-05
1.243564e+02,3.799999e+00,1.444000e-09,1.500000e-05
1.243754e+02,3.799999e+00,1.444000e-09,1.500000e-05
1.243944e+02,3.799999e+00,1.444000e-09,1.500000e-05
1.244134e+02,3.799999e+00,1.444000e-09,1.500000e-05
1.244324e+02,3.799999e+00,1.444000e-09,1.500000e-05
1.244514e+02,3.799999e+00,1.444000e-09,1.500000e-05
1.244704e+02,3.799999e+00,1.444000e-09,1.500000e-05
1.244894e+02,3.799999e+00,1.444000e-09,1.500000e-05
1.245084e+02,3.799999e+00,1.444000e-09,1.500000e-05
1.245274e+02,3.799999e+00,1.444000e-09,1.500000e-05
1.245464e+02,3.799999e+00,1.444000e-09,1.500000e-05
1.245654e+02,3.799999e+00,1.444000e-09,1.500000e-05
1.245844e+02,3.799999e+00,1.444000e-09,1.500000e-05
1.246034e+02,3.799999e+00,1.444000e-09,1.500000e-05
1.246224e+02,3.799999e+00,1.444000e-09,1.500000e-05
1.246414e+02,3.799999e+00,1.444000e-09,1.500000e-05
1.246604e+02,3.799999e+00,1.444000e-09,1.500000e-05
1.246794e+02,3.799999e+00,1.444000e-09,1.500000e-05
1.246984e+02,3.799999e+00,1.444000e-09,1.500000e-05
1.247174e+02,3.799999e+00,1.444000e-09,1.500000e-05
1.247364e+02,3.799999e+00,1.444000e-09,1.500000e-05
1.247554e+02,3.799999e+00,1.444000e-09,1.500000e-05
1.247744e+02,3.799999e+00,1.444000e-09,1.500000e-05
1.247934e+02,3.799999e+00,1.444000e-09,1.500000e-05
1.248124e+02,3.799999e+00,1.444000e-09,1.500000e-05
1.248314e+02,3.799999e+00,1.444000e-09,1.500000e-05
1.248504e+02,3.799999e+00,1.444000e-09,1.500000e-05
1.248694e+02,3.799999e+00,1.444000e-09,1.500000e-05
1.248884e+02,3.799999e+00,1.444000e-09,1.500000e-05
1.249074e+02,3.799999e+00,1.444000e-09,1.500000e-05
1.249264e+02,3.799999e+00,1.444000e-09,1.500000e-05
1.249454e+02,3.799999e+00,1.444000e-09,1.500000e-05
1.249644e+02,3.799999e+00,1.444000e-09,1.500000e-05
1.249834e+02,3.799999e+00,1.444000e-09,1.500000e-05
1.250000e+02,3.799999e+00,1.444000e-09,1.500000e-05
1.250036e+02,3.799234e+00,3.789273e+00,9.574607e-03
1.250226e+02,3.799176e+00,3.789197e+00,1.029385e-02
1.250416e+02,3.799219e+00,3.789253e+00,9.757622e-03
1.250606e+02,3.799187e+00,3.789212e+00,1.015743e-02
1.250796e+02,3.799211e+00,3.789242e+00,9.859318e-03
1.250986e+02,3.799193e+00,3.789220e+00,1.008162e-02
1.251176e+02,3.799207e+00,3.789236e+00,9.915833e-03
1.251366e+02,3.799197e+00,3.789224e+00,1.003949e-02
1.251556e+02,3.799204e+00,3.789233e+00,9.947242e-03
1.251746e+02,3.799199e+00,3.789227e+00,1.001607e-02
1.251936e+02,3.799203e+00,3.789231e+00,9.964702e-03
1.252126e+02,3.799200e+00,3.789228e+00,1.000305e-02
1.252316e+02,3.799202e+00,3.789230e+00,9.974410e-03
1.252506e+02,3.799200e+00,3.789229e+00,9.995809e-03
1.252696e+02,3.799202e+00,3.789230e+00,9.979811e-03
1.252886e+02,3.799201e+00,3.789229e+00,9.991780e-03
1.253076e+02,3.799201e+00,3.789230e+00,9.982817e-03
1.253266e+02,3.799201e+00,3.789229e+00,9.989536e-03
1.253456e+02,3.799201e+00,3.789229e+00,9.984492e-03
1.253646e+02,3.799201e+00,3.789229e+00,9.988285e-03
1.253836e+02,3.799201e+00,3.789229e+00,9.985427e-03
1.254026e+02,3.799201e+00,3.789230e+00,9.987586e-03
1.254216e+02,3.799201e+00,3.789229e+00,9.985950e-03
1.254406e+02,3.799201e+00,3.789230e+00,9.987194e-03
1.254596e+02,3.799201e+00,3.789229e+00,9.986244e-03
1.254786e+02,3.799201e+00,3.789230e+00,9.986974e-03
1.254976e+02,3.799201e+00,3.789229e+00,9.986410e-03
1.255166e+02,3.799201e+00,3.789230e+00,9.986849e-03
1.255356e+02,3.799201e+00,3.789229e+00,9.986505e-03
1.255546e+02,3.799201e+00,3.789230e+00,9.986777e-03
1.255736e+02,3.799201e+00,3.789229e+00,9.986559e-03
1.255926e+02,3.799201e+00,3.789229e+00,9.986735e-03
1.256116e+02,3.799201e+00,3.789229e+00,9.986591e-03
1.256306e+02,3.799201e+00,3.789229e+00,9.986710e-03
1.256496e+02,3.799201e+00,3.789229e+00,9.986611e-03
1.256686e+02,3.799201e+00,3.789229e+00,9.986695e-03
1.256876e+02,3.799201e+00,3.789229e+00,9.986623e-03
1.257066e+02,3.799201e+00,3.789229e+00,9.986686e-03
1.257256e+02,3.799201e+00,3.789229e+00,9.986631e-03
1.257446e+02,3.799201e+00,3.789229e+00,9.986679e-03
1.257636e+02,3.799201e+00,3.789229e+00,9.986636e-03
1.257826e+02,3.799201e+00,3.789229e+00,9.986675e-03
1.258016e+02,3.799201e+00,3.789229e+00,9.986640e-03
1.258206e+02,3.799201e+00,3.789229e+00,9.986671e-03
1.258396e+02,3.799201e+00,3.789229e+00,9.986643e-03
1.258586e+02,3.799201e+00,3.789229e+00,9.986669e-03
1.258776e+02,3.799201e+00,3.789229e+00,9.986645e-03
1.258966e+02,3.799201e+00,3.789229e+00,9.986667e-03
1.259156e+02,3.799201e+00,3.789229e+00,9.986647e-03
1.259346e+02,3.799201e+00,3.789229e+00,9.986665e-03
1.259536e+02,3.799201e+00,3.789229e+00,9.986648e-03
1.259726e+02,3.799201e+00,3.789229e+00,9.986664e-03
1.259916e+02,3.799201e+00,3.789229e+00,9.986649e-03
1.260000e+02,3.799999e+00,3.494226e+00,6.694339e-06
1.260042e+02,3.799999e+00,3.768431e-05,1.611091e-05
1.260154e+02,3.799999e+00,1.444000e-09,1.445138e-05
1.260344e+02,3.799999e+00,1.444000e-09,1.541226e-05
1.260534e+02,3.799999e+00,1.444000e-09,1.469022e-05
1.260724e+02,3.799999e+00,1.444000e-09,1.523279e-05
1.260914e+02,3.799999e+00,1.444000e-09,1.482508e-05
1.261104e+02,3.799999e+00,1.444000e-09,1.513145e-05
1.261294e+02,3.799999e+00,1.444000e-09,1.490123e-05
1.261484e+02,3.799999e+00,1.444000e-09,1.507423e-05
1.261674e+02,3.799999e+00,1.444000e-09,1.494423e-05
1.261864e+02,3.799999e+00,1.444000e-09,1.504191e-05
1.262054e+02,3.799999e+00,1.444000e-09,1.496851e-05
1.262244e+02,3.799999e+00,1.444000e-09,1.502367e-05
1.262434e+02,3.799999e+00,1.444000e-09,1.498222e-05
1.262624e+02,3.799999e+00,1.444000e-09,1.501337e-05
1.262814e+02,3.799999e+00,1.444000e-09,1.498996e-05
1.263004e+02,3.799999e+00,1.444000e-09,1.500755e-05
1.263194e+02,3.799999e+00,1.444000e-09,1.499433e-05
1.263384e+02,3.799999e+00,1.444000e-09,1.500426e-05
1.263574e+02,3.799999e+00,1.444000e-09,1.499680e-05
1.263764e+02,3.799999e+00,1.444000e-09,1.500241e-05
1.263954e+02,3.799999e+00,1.444000e-09,1.499820e-05
1.264144e+02,3.799999e+00,1.444000e-09,1.500136e-05
1.264334e+02,3.799999e+00,1.444000e-09,1.499898e-05
1.264524e+02,3.799999e+00,1.444000e-09,1.500077e-05
1.264714e+02,3.799999e+00,1.444000e-09,1.499943e-05
1.264904e+02,3.799999e+00,1.444000e-09,1.500044e-05
1.265094e+02,3.799999e+00,1.444000e-09,1.499968e-05
1.265284e+02,3.799999e+00,1.444000e-09,1.500025e-05
1.265474e+02,3.799999e+00,1.444000e-09,1.499982e-05
1.265664e+02,3.799999e+00,1.444000e-09,1.500014e-05
1.265854e+02,3.799999e+00,1.444000e-09,1.499990e-05
1.266044e+02,3.799999e+00,1.444000e-09,1.500008e-05
1.266234e+02,3.799999e+00,1.444000e-09,1.499995e-05
1.266424e+02,3.799999e+00,1.444000e-09,1.500005e-05
1.266614e+02,3.799999e+00,1.444000e-09,1.499997e-05
1.266804e+02,3.799999e+00,1.444000e-09,1.500003e-05
1.266994e+02,3.799999e+00,1.444000e-09,1.499999e-05
1.267184e+02,3.799999e+00,1.444000e-09,1.500002e-05
1.267374e+02,3.799999e+00,1.444000e-09,1.499999e-05
1.267564e+02,3.799999e+00,1.444000e-09,1.500001e-05
1.267754e+02,3.799999e+00,1.444000e-09,1.500000e-05
1.267944e+02,3.799999e+00,1.444000e-09,1.500001e-05
1.268134e+02,3.799999e+00,1.444000e-09,1.500000e-05
1.268324e+02,3.799999e+00,1.444000e-09,1.500001e-05
1.268514e+02,3.799999e+00,1.444000e-09,1.500000e-05
1.268704e+02,3.799999e+00,1.444000e-09,1.500001e-05
1.268894e+02,3.799999e+00,1.444000e-09,1.500000e-05
1.269084e+02,3.799999e+00,1.444000e-09,1.500000e-05
1.269274e+02,3.799999e+00,1.444000e-09,1.500000e-05
1.269464e+02,3.799999e+00,1.444000e-09,1.500000e-05
1.269654e+02,3.799999e+00,1.444000e-09,1.500000e-05
1.269844e+02,3.799999e+00,1.444000e-09,1.500000e-05
1.270034e+02,3.799999e+00,1.444000e-09,1.500000e-05
1.270224e+02,3.799999e+00,1.444000e-09,1.500000e-05
1.270414e+02,3.799999e+00,1.444000e-09,1.500000e-05
1.270604e+02,3.799999e+00,1.444000e-09,1.500000e-05
1.270794e+02,3.799999e+00,1.444000e-09,1.500000e-05
1.270984e+02,3.799999e+00,1.444000e-09,1.500000e-05
1.271174e+02,3.799999e+00,1.444000e-09,1.500000e-05
1.271364e+02,3.799999e+00,1.444000e-09,1.500000e-05
1.271554e+02,3.799999e+00,1.444000e-09,1.500000e-05
1.271744e+02,3.799999e+00,1.444000e-09,1.500000e-05
1.271934e+02,3.799999e+00,1.444000e-09,1.500000e-05
1.272124e+02,3.799999e+00,1.444000e-09,1.500000e-05
1.272314e+02,3.799999e+00,1.444000e-09,1.500000e-05
1.272504e+02,3.799999e+00,1.444000e-09,1.500000e-05
1.272694e+02,3.799999e+00,1.444000e-09,1.500000e-05
1.272884e+02,3.799999e+00,1.444000e-09,1.500000e-05
1.273074e+02,3.799999e+00,1.444000e-09,1.500000e-05
1.273264e+02,3.799999e+00,1.444000e-09,1.500000e-05
1.273454e+02,3.799999e+00,1.444000e-09,1.500000e-05
1.273644e+02,3.799999e+00,1.444000e-09,1.500000e-05
1.273834e+02,3.799999e+00,1.444000e-09,1.500000e-05
1.274024e+02,3.799999e+00,1.444000e-09,1.500000e-05
1.274214e+02,3.799999e+00,1.444000e-09,1.500000e-05
1.274404e+02,3.799999e+00,1.444000e-09,1.500000e-05
1.274594e+02,3.799999e+00,1.444000e-09,1.500000e-05
1.274784e+02,3.799999e+00,1.444000e-09,1.500000e-05
1.274974e+02,3.799999e+00,1.444000e-09,1.500000e-05
1.275164e+02,3.799999e+00,1.444000e-09,1.500000e-05
1.275354e+02,3.799999e+00,1.444000e-09,1.500000e-05
1.275544e+02,3.799999e+00,1.444000e-09,1.500000e-05
1.275734e+02,3.799999e+00,1.444000e-09,1.500000e-05
1.275924e+02,3.799999e+00,1.444000e-09,1.500000e-05
1.276114e+02,3.799999e+00,1.444000e-09,1.500000e-05
1.276304e+02,3.799999e+00,1.444000e-09,1.500000e-05
1.276494e+02,3.799999e+00,1.444000e-09,1.500000e-05
1.276684e+02,3.799999e+00,1.444000e-09,1.500000e-05
1.276874e+02,3.799999e+00,1.444000e-09,1.500000e-05
1.277064e+02,3.799999e+00,1.444000e-09,1.500000e-05
1.277254e+02,3.799999e+00,1.444000e-09,1.500000e-05
1.277444e+02,3.799999e+00,1.444000e-09,1.500000e-05
1.277634e+02,3.799999e+00,1.444000e-09,1.500000e-05
1.277824e+02,3.799999e+00,1.444000e-09,1.500000e-05
1.278014e+02,3.799999e+00,1.444000e-09,1.500000e-05
1.278204e+02,3.799999e+00,1.444000e-09,1.500000e-05
1.278394e+02,3.799999e+00,1.444000e-09,1.500000e-05
1.278584e+02,3.799999e+00,1.444000e-09,1.500000e-05
1.278774e+02,3.799999e+00,1.444000e-09,1.500000e-05
1.278964e+02,3.799999e+00,1.444000e-09,1.500000e-05
1.279154e+02,3.799999e+00,1.444000e-09,1.500000e-05
1.279344e+02,3.799999e+00,1.444000e-09,1.500000e-05
1.279534e+02,3.799999e+00,1.444000e-09,1.500000e-05
1.279724e+02,3.799999e+00,1.444000e-09,1.500000e-05
1.279914e+02,3.799999e+00,1.444000e-09,1.500000e-05
1.280104e+02,3.799999e+00,1.444000e-09,1.500000e-05
1.280294e+02,3.799999e+00,1.444000e-09,1.500000e-05
1.280484e+02,3.799999e+00,1.444000e-09,1.500000e-05
1.280674e+02,3.799999e+00,1.444000e-09,1.500000e-05
1.280864e+02,3.799999e+00,1.444000e-09,1.500000e-05
1.281054e+02,3.799999e+00,1.444000e-09,1.500000e-05
1.281244e+02,3.799999e+00,1.444000e-09,1.500000e-05
1.281434e+02,3.799999e+00,1.444000e-09,1.500000e-05
1.281624e+02,3.799999e+00,1.444000e-09,1.500000e-05
1.281814e+02,3.799999e+00,1.444000e-09,1.500000e-05
1.282004e+02,3.799999e+00,1.444000e-09,1.500000e-05
1.282194e+02,3.799999e+00,1.444000e-09,1.500000e-05
1.282384e+02,3.799999e+00,1.444000e-09,1.500000e-05
1.282574e+02,3.799999e+00,1.444000e-09,1.500000e-05
1.282764e+02,3.799999e+00,1.444000e-09,1.500000e-05
1.282954e+02,3.799999e+00,1.444000e-09,1.500000e-05
1.283144e+02,3.799999e+00,1.444000e-09,1.500000e-05
1.283334e+02,3.799999e+00,1.444000e-09,1.500000e-05
1.283524e+02,3.799999e+00,1.444000e-09,1.500000e-05
1.283714e+02,3.799999e+00,1.444000e-09,1.500000e-05
1.283904e+02,3.799999e+00,1.444000e-09,1.500000e-05
1.284094e+02,3.799999e+00,1.444000e-09,1.500000e-05
1.284284e+02,3.799999e+00,1.444000e-09,1.500000e-05
1.284474e+02,3.799999e+00,1.444000e-09,1.500000e-05
1.284664e+02,3.799999e+00,1.444000e-09,1.500000e-05
1.284854e+02,3.799999e+00,1.444000e-09,1.500000e-05
1.285044e+02,3.799999e+00,1.444000e-09,1.500000e-05
1.285234e+02,3.799999e+00,1.444000e-09,1.500000e-05
1.285424e+02,3.799999e+00,1.444000e-09,1.500000e-05
1.285614e+02,3.799999e+00,1.444000e-09,1.500000e-05
1.285804e+02,3.799999e+00,1.444000e-09,1.500000e-05
1.285994e+02,3.799999e+00,1.444000e-09,1.500000e-05
1.286184e+02,3.799999e+00,1.444000e-09,1.500000e-05
1.286374e+02,3.799999e+00,1.444000e-09,1.500000e-05
1.286564e+02,3.799999e+00,1.444000e-09,1.500000e-05
1.286754e+02,3.799999e+00,1.444000e-09,1.500000e-05
1.286944e+02,3.799999e+00,1.444000e-09,1.500000e-05
1.287134e+02,3.799999e+00,1.444000e-09,1.500000e-05
1.287324e+02,3.799999e+00,1.444000e-09,1.500000e-05
1.287514e+02,3.799999e+00,1.444000e-09,1.500000e-05
1.287704e+02,3.799999e+00,1.444000e-09,1.500000e-05
1.287894e+02,3.799999e+00,1.444000e-09,1.500000e-05
1.288084e+02,3.799999e+00,1.444000e-09,1.500000e-05
1.288274e+02,3.799999e+00,1.444000e-09,1.500000e-05
1.288464e+02,3.799999e+00,1.444000e-09,1.500000e-05
1.288654e+02,3.799999e+00,1.444000e-09,1.500000e-05
1.288844e+02,3.799999e+00,1.444000e-09,1.500000e-05
1.289034e+02,3.799999e+00,1.444000e-09,1.500000e-05
1.289224e+02,3.799999e+00,1.444000e-09,1.500000e-05
1.289414e+02,3.799999e+00,1.444000e-09,1.500000e-05
1.289604e+02,3.799999e+00,1.444000e-09,1.500000e-05
1.289794e+02,3.799999e+00,1.444000e-09,1.500000e-05
1.289984e+02,3.799999e+00,1.444000e-09,1.500000e-05
1.290174e+02,3.799999e+00,1.444000e-09,1.500000e-05
1.290364e+02,3.799999e+00,1.444000e-09,1.500000e-05
1.290554e+02,3.799999e+00,1.444000e-09,1.500000e-05
1.290744e+02,3.799999e+00,1.444000e-09,1.500000e-05
1.290934e+02,3.799999e+00,1.444000e-09,1.500000e-05
1.291124e+02,3.799999e+00,1.444000e-09,1.500000e-05
1.291314e+02,3.799999e+00,1.444000e-09,1.500000e-05
1.291504e+02,3.799999e+00,1.444000e-09,1.500000e-05
1.291694e+02,3.799999e+00,1.444000e-09,1.500000e-05
1.291884e+02,3.799999e+00,1.444000e-09,1.500000e-05
1.292074e+02,3.799999e+00,1.444000e-09,1.500000e-05
1.292264e+02,3.799999e+00,1.444000e-09,1.500000e-05
1.292454e+02,3.799999e+00,1.444000e-09,1.500000e-05
1.292644e+02,3.799999e+00,1.444000e-09,1.500000e-05
1.292834e+02,3.799999e+00,1.444000e-09,1.500000e-05
1.293024e+02,3.799999e+00,1.444000e-09,1.500000e-05
1.293214e+02,3.799999e+00,1.444000e-09,1.500000e-05
1.293404e+02,3.799999e+00,1.444000e-09,1.500000e-05
1.293594e+02,3.799999e+00,1.444000e-09,1.500000e-05
1.293784e+02,3.799999e+00,1.444000e-09,1.500000e-05
1.293974e+02,3.799999e+00,1.444000e-09,1.500000e-05
1.294164e+02,3.799999e+00,1.444000e-09,1.500000e-05
1.294354e+02,3.799999e+00,1.444000e-09,1.500000e-05
1.294544e+02,3.799999e+00,1.444000e-09,1.500000e-05
1.294734e+02,3.799999e+00,1.444000e-09,1.500000e-05
1.294924e+02,3.799999e+00,1.444000e-09,1.500000e-05
1.295114e+02,3.799999e+00,1.444000e-09,1.500000e-05
1.295304e+02,3.799999e+00,1.444000e-09,1.500000e-05
1.295494e+02,3.799999e+00,1.444000e-09,1.500000e-05
1.295684e+02,3.799999e+00,1.444000e-09,1.500000e-05
1.295874e+02,3.799999e+00,1.444000e-09,1.500000e-05
1.296064e+02,3.799999e+00,1.444000e-09,1.500000e-05
1.296254e+02,3.799999e+00,1.444000e-09,1.500000e-05
1.296444e+02,3.799999e+00,1.444000e-09,1.500000e-05
1.296634e+02,3.799999e+00,1.444000e-09,1.500000e-05
1.296824e+02,3.799999e+00,1.444000e-09,1.500000e-05
1.297014e+02,3.799999e+00,1.444000e-09,1.500000e-05
1.297204e+02,3.799999e+00,1.444000e-09,1.500000e-05
1.297394e+02,3.799999e+00,1.444000e-09,1.500000e-05
1.297584e+02,3.799999e+00,1.444000e-09,1.500000e-05
1.297774e+02,3.799999e+00,1.444000e-09,1.500000e-05
1.297964e+02,3.799999e+00,1.444000e-09,1.500000e-05
1.298154e+02,3.799999e+00,1.444000e-09,1.500000e-05
1.298344e+02,3.799999e+00,1.444000e-09,1.500000e-05
1.298534e+02,3.799999e+00,1.444000e-09,1.500000e-05
1.298724e+02,3.799999e+00,1.444000e-09,1.500000e-05
1.298914e+02,3.799999e+00,1.444000e-09,1.500000e-05
1.299104e+02,3.799999e+00,1.444000e-09,1.500000e-05
1.299294e+02,3.799999e+00,1.444000e-09,1.500000e-05
1.299484e+02,3.799999e+00,1.444000e-09,1.500000e-05
1.299674e+02,3.799999e+00,1.444000e-09,1.500000e-05
1.299864e+02,3.799999e+00,1.444000e-09,1.500000e-05
1.300054e+02,3.799999e+00,1.444000e-09,1.500000e-05
1.300244e+02,3.799999e+00,1.444000e-09,1.500000e-05
1.300434e+02,3.799999e+00,1.444000e-09,1.500000e-05
1.300624e+02,3.799999e+00,1.444000e-09,1.500000e-05
1.300814e+02,3.799999e+00,1.444000e-09,1.500000e-05
1.301004e+02,3.799999e+00,1.444000e-09,1.500000e-05
1.301194e+02,3.799999e+00,1.444000e-09,1.500000e-05
1.301384e+02,3.799999e+00,1.444000e-09,1.500000e-05
1.301574e+02,3.799999e+00,1.444000e-09,1.500000e-05
1.301764e+02,3.799999e+00,1.444000e-09,1.500000e-05
1.301954e+02,3.799999e+00,1.444000e-09,1.500000e-05
1.302144e+02,3.799999e+00,1.444000e-09,1.500000e-05
1.302334e+02,3.799999e+00,1.444000e-09,1.500000e-05
1.302524e+02,3.799999e+00,1.444000e-09,1.500000e-05
1.302714e+02,3.799999e+00,1.444000e-09,1.500000e-05
1.302904e+02,3.799999e+00,1.444000e-09,1.500000e-05
1.303094e+02,3.799999e+00,1.444000e-09,1.500000e-05
1.303284e+02,3.799999e+00,1.444000e-09,1.500000e-05
1.303474e+02,3.799999e+00,1.444000e-09,1.500000e-05
1.303664e+02,3.799999e+00,1.444000e-09,1.500000e-05
1.303854e+02,3.799999e+00,1.444000e-09,1.500000e-05
1.304044e+02,3.799999e+00,1.444000e-09,1.500000e-05
1.304234e+02,3.799999e+00,1.444000e-09,1.500000e-05
1.304424e+02,3.799999e+00,1.444000e-09,1.500000e-05
1.304614e+02,3.799999e+00,1.444000e-09,1.500000e-05
1.304804e+02,3.799999e+00,1.444000e-09,1.500000e-05
1.304994e+02,3.799999e+00,1.444000e-09,1.500000e-05
1.305184e+02,3.799999e+00,1.444000e-09,1.500000e-05
1.305374e+02,3.799999e+00,1.444000e-09,1.500000e-05
1.305564e+02,3.799999e+00,1.444000e-09,1.500000e-05
1.305754e+02,3.799999e+00,1.444000e-09,1.500000e-05
1.305944e+02,3.799999e+00,1.444000e-09,1.500000e-05
1.306134e+02,3.799999e+00,1.444000e-09,1.500000e-05
1.306324e+02,3.799999e+00,1.444000e-09,1.500000e-05
1.306514e+02,3.799999e+00,1.444000e-09,1.500000e-05
1.306704e+02,3.799999e+00,1.444000e-09,1.500000e-05
1.306894e+02,3.799999e+00,1.444000e-09,1.500000e-05
1.307084e+02,3.799999e+00,1.444000e-09,1.500000e-05
1.307274e+02,3.799999e+00,1.444000e-09,1.500000e-05
1.307464e+02,3.799999e+00,1.444000e-09,1.500000e-05
1.307654e+02,3.799999e+00,1.444000e-09,1.500000e-05
1.307844e+02,3.799999e+00,1.444000e-09,1.500000e-05
1.308034e+02,3.799999e+00,1.444000e-09,1.500000e-05
1.308224e+02,3.799999e+00,1.444000e-09,1.500000e-05
1.308414e+02,3.799999e+00,1.444000e-09,1.500000e-05
1.308604e+02,3.799999e+00,1.444000e-09,1.500000e-05
1.308794e+02,3.799999e+00,1.444000e-09,1.500000e-05
1.308984e+02,3.799999e+00,1.444000e-09,1.500000e-05
1.309174e+02,3.799999e+00,1.444000e-09,1.500000e-05
1.309364e+02,3.799999e+00,1.444000e-09,1.500000e-05
1.309554e+02,3.799999e+00,1.444000e-09,1.500000e-05
1.309744e+02,3.799999e+00,1.444000e-09,1.500000e-05
1.309934e+02,3.799999e+00,1.444000e-09,1.500000e-05
1.310124e+02,3.799999e+00,1.444000e-09,1.500000e-05
1.310314e+02,3.799999e+00,1.444000e-09,1.500000e-05
1.310504e+02,3.799999e+00,1.444000e-09,1.500000e-05
1.310694e+02,3.799999e+00,1.444000e-09,1.500000e-05
1.310884e+02,3.799999e+00,1.444000e-09,1.500000e-05
1.311074e+02,3.799999e+00,1.444000e-09,1.500000e-05
1.311264e+02,3.799999e+00,1.444000e-09,1.500000e-05
1.311454e+02,3.799999e+00,1.444000e-09,1.500000e-05
1.311644e+02,3.799999e+00,1.444000e-09,1.500000e-05
1.311834e+02,3.799999e+00,1.444000e-09,1.500000e-05
1.312024e+02,3.799999e+00,1.444000e-09,1.500000e-05
1.312214e+02,3.799999e+00,1.444000e-09,1.500000e-05
1.312404e+02,3.799999e+00,1.444000e-09,1.500000e-05
1.312594e+02,3.799999e+00,1.444000e-09,1.500000e-05
1.312784e+02,3.799999e+00,1.444000e-09,1.500000e-05
1.312974e+02,3.799999e+00,1.444000e-09,1.500000e-05
1.313164e+02,3.799999e+00,1.444000e-09,1.500000e-05
1.313354e+02,3.799999e+00,1.444000e-09,1.500000e-05
1.313544e+02,3.799999e+00,1.444000e-09,1.500000e-05
1.313734e+02,3.799999e+00,1.444000e-09,1.500000e-05
1.313924e+02,3.799999e+00,1.444000e-09,1.500000e-05
1.314114e+02,3.799999e+00,1.444000e-09,1.500000e-05
1.314304e+02,3.799999e+00,1.444000e-09,1.500000e-05
1.314494e+02,3.799999e+00,1.444000e-09,1.500000e-05
1.314684e+02,3.799999e+00,1.444000e-09,1.500000e-05
1.314874e+02,3.799999e+00,1.444000e-09,1.500000e-05
1.315064e+02,3.799999e+00,1.444000e-09,1.500000e-05
1.315254e+02,3.799999e+00,1.444000e-09,1.500000e-05
1.315444e+02,3.799999e+00,1.444000e-09,1.500000e-05
1.315634e+02,3.799999e+00,1.444000e-09,1.500000e-05
1.315824e+02,3.799999e+00,1.444000e-09,1.500000e-05
1.316014e+02,3.799999e+00,1.444000e-09,1.500000e-05
1.316204e+02,3.799999e+00,1.444000e-09,1.500000e-05
1.316394e+02,3.799999e+00,1.444000e-09,1.500000e-05
1.316584e+02,3.799999e+00,1.444000e-09,1.500000e-05
1.316774e+02,3.799999e+00,1.444000e-09,1.500000e-05
1.316964e+02,3.799999e+00,1.444000e-09,1.500000e-05
1.317154e+02,3.799999e+00,1.444000e-09,1.500000e-05
1.317344e+02,3.799999e+00,1.444000e-09,1.500000e-05
1.317534e+02,3.799999e+00,1.444000e-09,1.500000e-05
1.317724e+02,3.799999e+00,1.444000e-09,1.500000e-05
1.317914e+02,3.799999e+00,1.444000e-09,1.500000e-05
1.318104e+02,3.799999e+00,1.444000e-09,1.500000e-05
1.318294e+02,3.799999e+00,1.444000e-09,1.500000e-05
1.318484e+02,3.799999e+00,1.444000e-09,1.500000e-05
1.318674e+02,3.799999e+00,1.444000e-09,1.500000e-05
1.318864e+02,3.799999e+00,1.444000e-09,1.500000e-05
1.319054e+02,3.799999e+00,1.444000e-09,1.500000e-05
1.319244e+02,3.799999e+00,1.444000e-09,1.500000e-05
1.319434e+02,3.799999e+00,1.444000e-09,1.500000e-05
1.319624e+02,3.799999e+00,1.444000e-09,1.500000e-05
1.319814e+02,3.799999e+00,1.444000e-09,1.500000e-05
1.320004e+02,3.799999e+00,1.444000e-09,1.500000e-05
1.320194e+02,3.799999e+00,1.444000e-09,1.500000e-05
1.320384e+02,3.799999e+00,1.444000e-09,1.500000e-05
1.320574e+02,3.799999e+00,1.444000e-09,1.500000e-05
1.320764e+02,3.799999e+00,1.444000e-09,1.500000e-05
1.320954e+02,3.799999e+00,1.444000e-09,1.500000e-05
1.321144e+02,3.799999e+00,1.444000e-09,1.500000e-05
1.321334e+02,3.799999e+00,1.444000e-09,1.500000e-05
1.321524e+02,3.799999e+00,1.444000e-09,1.500000e-05
1.321714e+02,3.799999e+00,1.444000e-09,1.500000e-05
1.321904e+02,3.799999e+00,1.444000e-09,1.500000e-05
1.322094e+02,3.799999e+00,1.444000e-09,1.500000e-05
1.322284e+02,3.799999e+00,1.444000e-09,1.500000e-05
1.322474e+02,3.799999e+00,1.444000e-09,1.500000e-05
1.322664e+02,3.799999e+00,1.444000e-09,1.500000e-05
1.322854e+02,3.799999e+00,1.444000e-09,1.500000e-05
1.323044e+02,3.799999e+00,1.444000e-09,1.500000e-05
1.323234e+02,3.799999e+00,1.444000e-09,1.500000e-05
1.323424e+02,3.799999e+00,1.444000e-09,1.500000e-05
1.323614e+02,3.799999e+00,1.444000e-09,1.500000e-05
1.323804e+02,3.799999e+00,1.444000e-09,1.500000e-05
1.323994e+02,3.799999e+00,1.444000e-09,1.500000e-05
1.324184e+02,3.799999e+00,1.444000e-09,1.500000e-05
1.324374e+02,3.799999e+00,1.444000e-09,1.500000e-05
1.324564e+02,3.799999e+00,1.444000e-09,1.500000e-05
1.324754e+02,3.799999e+00,1.444000e-09,1.500000e-05
1.324944e+02,3.799999e+00,1.444000e-09,1.500000e-05
1.325134e+02,3.799999e+00,1.444000e-09,1.500000e-05
1.325324e+02,3.799999e+00,1.444000e-09,1.500000e-05
1.325514e+02,3.799999e+00,1.444000e-09,1.500000e-05
1.325704e+02,3.799999e+00,1.444000e-09,1.500000e-05
1.325894e+02,3.799999e+00,1.444000e-09,1.500000e-05
1.326084e+02,3.799999e+00,1.444000e-09,1.500000e-05
1.326274e+02,3.799999e+00,1.444000e-09,1.500000e-05
1.326464e+02,3.799999e+00,1.444000e-09,1.500000e-05
1.326654e+02,3.799999e+00,1.444000e-09,1.500000e-05
1.326844e+02,3.799999e+00,1.444000e-09,1.500000e-05
1.327034e+02,3.799999e+00,1.444000e-09,1.500000e-05
1.327224e+02,3.799999e+00,1.444000e-09,1.500000e-05
1.327414e+02,3.799999e+00,1.444000e-09,1.500000e-05
1.327604e+02,3.799999e+00,1.444000e-09,1.500000e-05
1.327794e+02,3.799999e+00,1.444000e-09,1.500000e-05
1.327984e+02,3.799999e+00,1.444000e-09,1.500000e-05
1.328174e+02,3.799999e+00,1.444000e-09,1.500000e-05
1.328364e+02,3.799999e+00,1.444000e-09,1.500000e-05
1.328554e+02,3.799999e+00,1.444000e-09,1.500000e-05
1.328744e+02,3.799999e+00,1.444000e-09,1.500000e-05
1.328934e+02,3.799999e+00,1.444000e-09,1.500000e-05
1.329124e+02,3.799999e+00,1.444000e-09,1.500000e-05
1.329314e+02,3.799999e+00,1.444000e-09,1.500000e-05
1.329504e+02,3.799999e+00,1.444000e-09,1.500000e-05
1.329694e+02,3.799999e+00,1.444000e-09,1.500000e-05
1.329884e+02,3.799999e+00,1.444000e-09,1.500000e-05
1.330074e+02,3.799999e+00,1.444000e-09,1.500000e-05
1.330264e+02,3.799999e+00,1.444000e-09,1.500000e-05
1.330454e+02,3.799999e+00,1.444000e-09,1.500000e-05
1.330644e+02,3.799999e+00,1.444000e-09,1.500000e-05
1.330834e+02,3.799999e+00,1.444000e-09,1.500000e-05
1.331024e+02,3.799999e+00,1.444000e-09,1.500000e-05
1.331214e+02,3.799999e+00,1.444000e-09,1.500000e-05
1.331404e+02,3.799999e+00,1.444000e-09,1.500000e-05
1.331594e+02,3.799999e+00,1.444000e-09,1.500000e-05
1.331784e+02,3.799999e+00,1.444000e-09,1.500000e-05
1.331974e+02,3.799999e+00,1.444000e-09,1.500000e-05
1.332164e+02,3.799999e+00,1.444000e-09,1.500000e-05
1.332354e+02,3.799999e+00,1.444000e-09,1.500000e-05
1.332544e+02,3.799999e+00,1.444000e-09,1.500000e-05
1.332734e+02,3.799999e+00,1.444000e-09,1.500000e-05
1.332924e+02,3.799999e+00,1.444000e-09,1.500000e-05
1.333114e+02,3.799999e+00,1.444000e-09,1.500000e-05
1.333304e+02,3.799999e+00,1.444000e-09,1.500000e-05
1.333494e+02,3.799999e+00,1.444000e-09,1.500000e-05
1.333684e+02,3.799999e+00,1.444000e-09,1.500000e-05
1.333874e+02,3.799999e+00,1.444000e-09,1.500000e-05
1.334064e+02,3.799999e+00,1.444000e-09,1.500000e-05
1.334254e+02,3.799999e+00,1.444000e-09,1.500000e-05
1.334444e+02,3.799999e+00,1.444000e-09,1.500000e-05
1.334634e+02,3.799999e+00,1.444000e-09,1.500000e-05
1.334824e+02,3.799999e+00,1.444000e-09,1.500000e-05
1.335014e+02,3.799999e+00,1.444000e-09,1.500000e-05
1.335204e+02,3.799999e+00,1.444000e-09,1.500000e-05
1.335394e+02,3.799999e+00,1.444000e-09,1.500000e-05
1.335584e+02,3.799999e+00,1.444000e-09,1.500000e-05
1.335774e+02,3.799999e+00,1.444000e-09,1.500000e-05
1.335964e+02,3.799999e+00,1.444000e-09,1.500000e-05
1.336154e+02,3.799999e+00,1.444000e-09,1.500000e-05
1.336344e+02,3.799999e+00,1.444000e-09,1.500000e-05
1.336534e+02,3.799999e+00,1.444000e-09,1.500000e-05
1.336724e+02,3.799999e+00,1.444000e-09,1.500000e-05
1.336914e+02,3.799999e+00,1.444000e-09,1.500000e-05
1.337104e+02,3.799999e+00,1.444000e-09,1.500000e-05
1.337294e+02,3.799999e+00,1.444000e-09,1.500000e-05
1.337484e+02,3.799999e+00,1.444000e-09,1.500000e-05
1.337674e+02,3.799999e+00,1.444000e-09,1.500000e-05
1.337864e+02,3.799999e+00,1.444000e-09,1.500000e-05
1.338054e+02,3.799999e+00,1.444000e-09,1.500000e-05
1.338244e+02,3.799999e+00,1.444000e-09,1.500000e-05
1.338434e+02,3.799999e+00,1.444000e-09,1.500000e-05
1.338624e+02,3.799999e+00,1.444000e-09,1.500000e-05
1.338814e+02,3.799999e+00,1.444000e-09,1.500000e-05
1.339004e+02,3.799999e+00,1.444000e-09,1.500000e-05
1.339194e+02,3.799999e+00,1.444000e-09,1.500000e-05
1.339384e+02,3.799999e+00,1.444000e-09,1.500000e-05
1.339574e+02,3.799999e+00,1.444000e-09,1.500000e-05
1.339764e+02,3.799999e+00,1.444000e-09,1.500000e-05
1.339954e+02,3.799999e+00,1.444000e-09,1.500000e-05
1.340144e+02,3.799999e+00,1.444000e-09,1.500000e-05
1.340334e+02,3.799999e+00,1.444000e-09,1.500000e-05
1.340524e+02,3.799999e+00,1.444000e-09,1.500000e-05
1.340714e+02,3.799999e+00,1.444000e-09,1.500000e-05
1.340904e+02,3.799999e+00,1.444000e-09,1.500000e-05
1.341094e+02,3.799999e+00,1.444000e-09,1.500000e-05
1.341284e+02,3.799999e+00,1.444000e-09,1.500000e-05
1.341474e+02,3.799999e+00,1.444000e-09,1.500000e-05
1.341664e+02,3.799999e+00,1.444000e-09,1.500000e-05
1.341854e+02,3.799999e+00,1.444000e-09,1.500000e-05
1.342044e+02,3.799999e+00,1.444000e-09,1.500000e-05
1.342234e+02,3.799999e+00,1.444000e-09,1.500000e-05
1.342424e+02,3.799999e+00,1.444000e-09,1.500000e-05
1.342614e+02,3.799999e+00,1.444000e-09,1.500000e-05
1.342804e+02,3.799999e+00,1.444000e-09,1.500000e-05
1.342994e+02,3.799999e+00,1.444000e-09,1.500000e-05
1.343184e+02,3.799999e+00,1.444000e-09,1.500000e-05
1.343374e+02,3.799999e+00,1.444000e-09,1.500000e-05
1.343564e+02,3.799999e+00,1.444000e-09,1.500000e-05
1.343754e+02,3.799999e+00,1.444000e-09,1.500000e-05
1.343944e+02,3.799999e+00,1.444000e-09,1.500000e-05
1.344134e+02,3.799999e+00,1.444000e-09,1.500000e-05
1.344324e+02,3.799999e+00,1.444000e-09,1.500000e-05
1.344514e+02,3.799999e+00,1.444000e-09,1.500000e-05
1.344704e+02,3.799999e+00,1.444000e-09,1.500000e-05
1.344894e+02,3.799999e+00,1.444000e-09,1.500000e-05
1.345084e+02,3.799999e+00,1.444000e-09,1.500000e-05
1.345274e+02,3.799999e+00,1.444000e-09,1.500000e-05
1.345464e+02,3.799999e+00,1.444000e-09,1.500000e-05
1.345654e+02,3.799999e+00,1.444000e-09,1.500000e-05
1.345844e+02,3.799999e+00,1.444000e-09,1.500000e-05
1.346034e+02,3.799999e+00,1.444000e-09,1.500000e-05
1.346224e+02,3.799999e+00,1.444000e-09,1.500000e-05
1.346414e+02,3.799999e+00,1.444000e-09,1.500000e-05
1.346604e+02,3.799999e+00,1.444000e-09,1.500000e-05
1.346794e+02,3.799999e+00,1.444000e-09,1.500000e-05
1.346984e+02,3.799999e+00,1.444000e-09,1.500000e-05
1.347174e+02,3.799999e+00,1.444000e-09,1.500000e-05
1.347364e+02,3.799999e+00,1.444000e-09,1.500000e-05
1.347554e+02,3.799999e+00,1.444000e-09,1.500000e-05
1.347744e+02,3.799999e+00,1.444000e-09,1.500000e-05
1.347934e+02,3.799999e+00,1.444000e-09,1.500000e-05
1.348124e+02,3.799999e+00,1.444000e-09,1.500000e-05
1.348314e+02,3.799999e+00,1.444000e-09,1.500000e-05
1.348504e+02,3.799999e+00,1.444000e-09,1.500000e-05
1.348694e+02,3.799999e+00,1.444000e-09,1.500000e-05
1.348884e+02,3.799999e+00,1.444000e-09,1.500000e-05
1.349074e+02,3.799999e+00,1.444000e-09,1.500000e-05
1.349264e+02,3.799999e+00,1.444000e-09,1.500000e-05
1.349454e+02,3.799999e+00,1.444000e-09,1.500000e-05
1.349644e+02,3.799999e+00,1.444000e-09,1.500000e-05
1.349834e+02,3.799999e+00,1.444000e-09,1.500000e-05
1.350024e+02,3.799999e+00,1.444000e-09,1.500000e-05
1.350214e+02,3.799999e+00,1.444000e-09,1.500000e-05
1.350404e+02,3.799999e+00,1.444000e-09,1.500000e-05
1.350594e+02,3.799999e+00,1.444000e-09,1.500000e-05
1.350784e+02,3.799999e+00,1.444000e-09,1.500000e-05
1.350974e+02,3.799999e+00,1.444000e-09,1.500000e-05
1.351164e+02,3.799999e+00,1.444000e-09,1.500000e-05
1.351354e+02,3.799999e+00,1.444000e-09,1.500000e-05
1.351544e+02,3.799999e+00,1.444000e-09,1.500000e-05
1.351734e+02,3.799999e+00,1.444000e-09,1.500000e-05
1.351924e+02,3.799999e+00,1.444000e-09,1.500000e-05
1.352114e+02,3.799999e+00,1.444000e-09,1.500000e-05
1.352304e+02,3.799999e+00,1.444000e-09,1.500000e-05
1.352494e+02,3.799999e+00,1.444000e-09,1.500000e-05
1.352684e+02,3.799999e+00,1.444000e-09,1.500000e-05
1.352874e+02,3.799999e+00,1.444000e-09,1.500000e-05
1.353064e+02,3.799999e+00,1.444000e-09,1.500000e-05
1.353254e+02,3.799999e+00,1.444000e-09,1.500000e-05
1.353444e+02,3.799999e+00,1.444000e-09,1.500000e-05
1.353634e+02,3.799999e+00,1.444000e-09,1.500000e-05
1.353824e+02,3.799999e+00,1.444000e-09,1.500000e-05
1.354014e+02,3.799999e+00,1.444000e-09,1.500000e-05
1.354204e+02,3.799999e+00,1.444000e-09,1.500000e-05
1.354394e+02,3.799999e+00,1.444000e-09,1.500000e-05
1.354584e+02,3.799999e+00,1.444000e-09,1.500000e-05
1.354774e+02,3.799999e+00,1.444000e-09,1.500000e-05
1.354964e+02,3.799999e+00,1.444000e-09,1.500000e-05
1.355154e+02,3.799999e+00,1.444000e-09,1.500000e-05
1.355344e+02,3.799999e+00,1.444000e-09,1.500000e-05
1.355534e+02,3.799999e+00,1.444000e-09,1.500000e-05
1.355724e+02,3.799999e+00,1.444000e-09,1.500000e-05
1.355914e+02,3.799999e+00,1.444000e-09,1.500000e-05
1.356104e+02,3.799999e+00,1.444000e-09,1.500000e-05
1.356294e+02,3.799999e+00,1.444000e-09,1.500000e-05
1.356484e+02,3.799999e+00,1.444000e-09,1.500000e-05
1.356674e+02,3.799999e+00,1.444000e-09,1.500000e-05
1.356864e+02,3.799999e+00,1.444000e-09,1.500000e-05
1.357054e+02,3.799999e+00,1.444000e-09,1.500000e-05
1.357244e+02,3.799999e+00,1.444000e-09,1.500000e-05
1.357434e+02,3.799999e+00,1.444000e-09,1.500000e-05
1.357624e+02,3.799999e+00,1.444000e-09,1.500000e-05
1.357814e+02,3.799999e+00,1.444000e-09,1.500000e-05
1.358004e+02,3.799999e+00,1.444000e-09,1.500000e-05
1.358194e+02,3.799999e+00,1.444000e-09,1.500000e-05
1.358384e+02,3.799999e+00,1.444000e-09,1.500000e-05
1.358574e+02,3.799999e+00,1.444000e-09,1.500000e-05
1.358764e+02,3.799999e+00,1.444000e-09,1.500000e-05
1.358954e+02,3.799999e+00,1.444000e-09,1.500000e-05
1.359144e+02,3.799999e+00,1.444000e-09,1.500000e-05
1.359334e+02,3.799999e+00,1.444000e-09,1.500000e-05
1.359524e+02,3.799999e+00,1.444000e-09,1.500000e-05
1.359714e+02,3.799999e+00,1.444000e-09,1.500000e-05
1.359904e+02,3.799999e+00,1.444000e-09,1.500000e-05
1.360094e+02,3.799999e+00,1.444000e-09,1.500000e-05
1.360284e+02,3.799999e+00,1.444000e-09,1.500000e-05
1.360474e+02,3.799999e+00,1.444000e-09,1.500000e-05
1.360664e+02,3.799999e+00,1.444000e-09,1.500000e-05
1.360854e+02,3.799999e+00,1.444000e-09,1.500000e-05
1.361044e+02,3.799999e+00,1.444000e-09,1.500000e-05
1.361234e+02,3.799999e+00,1.444000e-09,1.500000e-05
1.361424e+02,3.799999e+00,1.444000e-09,1.500000e-05
1.361614e+02,3.799999e+00,1.444000e-09,1.500000e-05
1.361804e+02,3.799999e+00,1.444000e-09,1.500000e-05
1.361994e+02,3.799999e+00,1.444000e-09,1.500000e-05
1.362184e+02,3.799999e+00,1.444000e-09,1.500000e-05
1.362374e+02,3.799999e+00,1.444000e-09,1.500000e-05
1.362564e+02,3.799999e+00,1.444000e-09,1.500000e-05
1.362754e+02,3.799999e+00,1.444000e-09,1.500000e-05
1.362944e+02,3.799999e+00,1.444000e-09,1.500000e-05
1.363134e+02,3.799999e+00,1.444000e-09,1.500000e-05
1.363324e+02,3.799999e+00,1.444000e-09,1.500000e-05
1.363514e+02,3.799999e+00,1.444000e-09,1.500000e-05
1.363704e+02,3.799999e+00,1.444000e-09,1.500000e-05
1.363894e+02,3.799999e+00,1.444000e-09,1.500000e-05
1.364084e+02,3.799999e+00,1.444000e-09,1.500000e-05
1.364274e+02,3.799999e+00,1.444000e-09,1.500000e-05
1.364464e+02,3.799999e+00,1.444000e-09,1.500000e-05
1.364654e+02,3.799999e+00,1.444000e-09,1.500000e-05
1.364844e+02,3.799999e+00,1.444000e-09,1.500000e-05
1.365034e+02,3.799999e+00,1.444000e-09,1.500000e-05
1.365224e+02,3.799999e+00,1.444000e-09,1.500000e-05
1.365414e+02,3.799999e+00,1.444000e-09,1.500000e-05
1.365604e+02,3.799999e+00,1.444000e-09,1.500000e-05
1.365794e+02,3.799999e+00,1.444000e-09,1.500000e-05
1.365984e+02,3.799999e+00,1.444000e-09,1.500000e-05
1.366174e+02,3.799999e+00,1.444000e-09,1.500000e-05
1.366364e+02,3.799999e+00,1.444000e-09,1.500000e-05
1.366554e+02,3.799999e+00,1.444000e-09,1.500000e-05
1.366744e+02,3.799999e+00,1.444000e-09,1.500000e-05
1.366934e+02,3.799999e+00,1.444000e-09,1.500000e-05
1.367124e+02,3.799999e+00,1.444000e-09,1.500000e-05
1.367314e+02,3.799999e+00,1.444000e-09,1.500000e-05
1.367504e+02,3.799999e+00,1.444000e-09,1.500000e-05
1.367694e+02,3.799999e+00,1.444000e-09,1.500000e-05
1.367884e+02,3.799999e+00,1.444000e-09,1.500000e-05
1.368074e+02,3.799999e+00,1.444000e-09,1.500000e-05
1.368264e+02,3.799999e+00,1.444000e-09,1.500000e-05
1.368454e+02,3.799999e+00,1.444000e-09,1.500000e-05
1.368644e+02,3.799999e+00,1.444000e-09,1.500000e-05
1.368834e+02,3.799999e+00,1.444000e-09,1.500000e-05
1.369024e+02,3.799999e+00,1.444000e-09,1.500000e-05
1.369214e+02,3.799999e+00,1.444000e-09,1.500000e-05
1.369404e+02,3.799999e+00,1.444000e-09,1.500000e-05
1.369594e+02,3.799999e+00,1.444000e-09,1.500000e-05
1.369784e+02,3.799999e+00,1.444000e-09,1.500000e-05
1.369974e+02,3.799999e+00,1.444000e-09,1.500000e-05
1.370164e+02,3.799999e+00,1.444000e-09,1.500000e-05
1.370354e+02,3.799999e+00,1.444000e-09,1.500000e-05
1.370544e+02,3.799999e+00,1.444000e-09,1.500000e-05
1.370734e+02,3.799999e+00,1.444000e-09,1.500000e-05
1.370924e+02,3.799999e+00,1.444000e-09,1.500000e-05
1.371114e+02,3.799999e+00,1.444000e-09,1.500000e-05
1.371304e+02,3.799999e+00,1.444000e-09,1.500000e-05
1.371494e+02,3.799999e+00,1.444000e-09,1.500000e-05
1.371684e+02,3.799999e+00,1.444000e-09,1.500000e-05
1.371874e+02,3.799999e+00,1.444000e-09,1.500000e-05
1.372064e+02,3.799999e+00,1.444000e-09,1.500000e-05
1.372254e+02,3.799999e+00,1.444000e-09,1.500000e-05
1.372444e+02,3.799999e+00,1.444000e-09,1.500000e-05
1.372634e+02,3.799999e+00,1.444000e-09,1.500000e-05
1.372824e+02,3.799999e+00,1.444000e-09,1.500000e-05
1.373014e+02,3.799999e+00,1.444000e-09,1.500000e-05
1.373204e+02,3.799999e+00,1.444000e-09,1.500000e-05
1.373394e+02,3.799999e+00,1.444000e-09,1.500000e-05
1.373584e+02,3.799999e+00,1.444000e-09,1.500000e-05
1.373774e+02,3.799999e+00,1.444000e-09,1.500000e-05
1.373964e+02,3.799999e+00,1.444000e-09,1.500000e-05
1.374154e+02,3.799999e+00,1.444000e-09,1.500000e-05
1.374344e+02,3.799999e+00,1.444000e-09,1.500000e-05
1.374534e+02,3.799999e+00,1.444000e-09,1.500000e-05
1.374724e+02,3.799999e+00,1.444000e-09,1.500000e-05
1.374914e+02,3.799999e+00,1.444000e-09,1.500000e-05
1.375104e+02,3.799999e+00,1.444000e-09,1.500000e-05
1.375294e+02,3.799999e+00,1.444000e-09,1.500000e-05
1.375484e+02,3.799999e+00,1.444000e-09,1.500000e-05
1.375674e+02,3.799999e+00,1.444000e-09,1.500000e-05
1.375864e+02,3.799999e+00,1.444000e-09,1.500000e-05
1.376054e+02,3.799999e+00,1.444000e-09,1.500000e-05
1.376244e+02,3.799999e+00,1.444000e-09,1.500000e-05
1.376434e+02,3.799999e+00,1.444000e-09,1.500000e-05
1.376624e+02,3.799999e+00,1.444000e-09,1.500000e-05
1.376814e+02,3.799999e+00,1.444000e-09,1.500000e-05
1.377004e+02,3.799999e+00,1.444000e-09,1.500000e-05
1.377194e+02,3.799999e+00,1.444000e-09,1.500000e-05
1.377384e+02,3.799999e+00,1.444000e-09,1.500000e-05
1.377574e+02,3.799999e+00,1.444000e-09,1.500000e-05
1.377764e+02,3.799999e+00,1.444000e-09,1.500000e-05
1.377954e+02,3.799999e+00,1.444000e-09,1.500000e-05
1.378144e+02,3.799999e+00,1.444000e-09,1.500000e-05
1.378334e+02,3.799999e+00,1.444000e-09,1.500000e-05
1.378524e+02,3.799999e+00,1.444000e-09,1.500000e-05
1.378714e+02,3.799999e+00,1.444000e-09,1.500000e-05
1.378904e+02,3.799999e+00,1.444000e-09,1.500000e-05
1.379094e+02,3.799999e+00,1.444000e-09,1.500000e-05
1.379284e+02,3.799999e+00,1.444000e-09,1.500000e-05
1.379474e+02,3.799999e+00,1.444000e-09,1.500000e-05
1.379664e+02,3.799999e+00,1.444000e-09,1.500000e-05
1.379854e+02,3.799999e+00,1.444000e-09,1.500000e-05
1.380044e+02,3.799999e+00,1.444000e-09,1.500000e-05
1.380234e+02,3.799999e+00,1.444000e-09,1.500000e-05
1.380424e+02,3.799999e+00,1.444000e-09,1.500000e-05
1.380614e+02,3.799999e+00,1.444000e-09,1.500000e-05
1.380804e+02,3.799999e+00,1.444000e-09,1.500000e-05
1.380994e+02,3.799999e+00,1.444000e-09,1.500000e-05
1.381184e+02,3.799999e+00,1.444000e-09,1.500000e-05
1.381374e+02,3.799999e+00,1.444000e-09,1.500000e-05
1.381564e+02,3.799999e+00,1.444000e-09,1.500000e-05
1.381754e+02,3.799999e+00,1.444000e-09,1.500000e-05
1.381944e+02,3.799999e+00,1.444000e-09,1.500000e-05
1.382134e+02,3.799999e+00,1.444000e-09,1.500000e-05
1.382324e+02,3.799999e+00,1.444000e-09,1.500000e-05
1.382514e+02,3.799999e+00,1.444000e-09,1.500000e-05
1.382704e+02,3.799999e+00,1.444000e-09,1.500000e-05
1.382894e+02,3.799999e+00,1.444000e-09,1.500000e-05
1.383084e+02,3.799999e+00,1.444000e-09,1.500000e-05
1.383274e+02,3.799999e+00,1.444000e-09,1.500000e-05
1.383464e+02,3.799999e+00,1.444000e-09,1.500000e-05
1.383654e+02,3.799999e+00,1.444000e-09,1.500000e-05
1.383844e+02,3.799999e+00,1.444000e-09,1.500000e-05
1.384034e+02,3.799999e+00,1.444000e-09,1.500000e-05
1.384224e+02,3.799999e+00,1.444000e-09,1.500000e-05
1.384414e+02,3.799999e+00,1.444000e-09,1.500000e-05
1.384604e+02,3.799999e+00,1.444000e-09,1.500000e-05
1.384794e+02,3.799999e+00,1.444000e-09,1.500000e-05
1.384984e+02,3.799999e+00,1.444000e-09,1.500000e-05
1.385174e+02,3.799999e+00,1.444000e-09,1.500000e-05
1.385364e+02,3.799999e+00,1.444000e-09,1.500000e-05
1.385554e+02,3.799999e+00,1.444000e-09,1.500000e-05
1.385744e+02,3.799999e+00,1.444000e-09,1.500000e-05
1.385934e+02,3.799999e+00,1.444000e-09,1.500000e-05
1.386124e+02,3.799999e+00,1.444000e-09,1.500000e-05
1.386314e+02,3.799999e+00,1.444000e-09,1.500000e-05
1.386504e+02,3.799999e+00,1.444000e-09,1.500000e-05
1.386694e+02,3.799999e+00,1.444000e-09,1.500000e-05
1.386884e+02,3.799999e+00,1.444000e-09,1.500000e-05
1.387074e+02,3.799999e+00,1.444000e-09,1.500000e-05
1.387264e+02,3.799999e+00,1.444000e-09,1.500000e-05
1.387454e+02,3.799999e+00,1.444000e-09,1.500000e-05
1.387644e+02,3.799999e+00,1.444000e-09,1.500000e-05
1.387834e+02,3.799999e+00,1.444000e-09,1.500000e-05
1.388024e+02,3.799999e+00,1.444000e-09,1.500000e-05
1.388214e+02,3.799999e+00,1.444000e-09,1.500000e-05
1.388404e+02,3.799999e+00,1.444000e-09,1.500000e-05
1.388594e+02,3.799999e+00,1.444000e-09,1.500000e-05
1.388784e+02,3.799999e+00,1.444000e-09,1.500000e-05
1.388974e+02,3.799999e+00,1.444000e-09,1.500000e-05
1.389164e+02,3.799999e+00,1.444000e-09,1.500000e-05
1.389354e+02,3.799999e+00,1.444000e-09,1.500000e-05
1.389544e+02,3.799999e+00,1.444000e-09,1.500000e-05
1.389734e+02,3.799999e+00,1.444000e-09,1.500000e-05
1.389924e+02,3.799999e+00,1.444000e-09,1.500000e-05
1.390114e+02,3.799999e+00,1.444000e-09,1.500000e-05
1.390304e+02,3.799999e+00,1.444000e-09,1.500000e-05
1.390494e+02,3.799999e+00,1.444000e-09,1.500000e-05
1.390684e+02,3.799999e+00,1.444000e-09,1.500000e-05
1.390874e+02,3.799999e+00,1.444000e-09,1.500000e-05
1.391064e+02,3.799999e+00,1.444000e-09,1.500000e-05
1.391254e+02,3.799999e+00,1.444000e-09,1.500000e-05
1.391444e+02,3.799999e+00,1.444000e-09,1.500000e-05
1.391634e+02,3.799999e+00,1.444000e-09,1.500000e-05
1.391824e+02,3.799999e+00,1.444000e-09,1.500000e-05
1.392014e+02,3.799999e+00,1.444000e-09,1.500000e-05
1.392204e+02,3.799999e+00,1.444000e-09,1.500000e-05
1.392394e+02,3.799999e+00,1.444000e-09,1.500000e-05
1.392584e+02,3.799999e+00,1.444000e-09,1.500000e-05
1.392774e+02,3.799999e+00,1.444000e-09,1.500000e-05
1.392964e+02,3.799999e+00,1.444000e-09,1.500000e-05
1.393154e+02,3.799999e+00,1.444000e-09,1.500000e-05
1.393344e+02,3.799999e+00,1.444000e-09,1.500000e-05
1.393534e+02,3.799999e+00,1.444000e-09,1.500000e-05
1.393724e+02,3.799999e+00,1.444000e-09,1.500000e-05
1.393914e+02,3.799999e+00,1.444000e-09,1.500000e-05
1.394104e+02,3.799999e+00,1.444000e-09,1.500000e-05
1.394294e+02,3.799999e+00,1.444000e-09,1.500000e-05
1.394484e+02,3.799999e+00,1.444000e-09,1.500000e-05
1.394674e+02,3.799999e+00,1.444000e-09,1.500000e-05
1.394864e+02,3.799999e+00,1.444000e-09,1.500000e-05
1.395054e+02,3.799999e+00,1.444000e-09,1.500000e-05
1.395244e+02,3.799999e+00,1.444000e-09,1.500000e-05
1.395434e+02,3.799999e+00,1.444000e-09,1.500000e-05
1.395624e+02,3.799999e+00,1.444000e-09,1.500000e-05
1.395814e+02,3.799999e+00,1.444000e-09,1.500000e-05
1.396004e+02,3.799999e+00,1.444000e-09,1.500000e-05
1.396194e+02,3.799999e+00,1.444000e-09,1.500000e-05
1.396384e+02,3.799999e+00,1.444000e-09,1.500000e-05
1.396574e+02,3.799999e+00,1.444000e-09,1.500000e-05
1.396764e+02,3.799999e+00,1.444000e-09,1.500000e-05
1.396954e+02,3.799999e+00,1.444000e-09,1.500000e-05
1.397144e+02,3.799999e+00,1.444000e-09,1.500000e-05
1.397334e+02,3.799999e+00,1.444000e-09,1.500000e-05
1.397524e+02,3.799999e+00,1.444000e-09,1.500000e-05
1.397714e+02,3.799999e+00,1.444000e-09,1.500000e-05
1.397904e+02,3.799999e+00,1.444000e-09,1.500000e-05
1.398094e+02,3.799999e+00,1.444000e-09,1.500000e-05
1.398284e+02,3.799999e+00,1.444000e-09,1.500000e-05
1.398474e+02,3.799999e+00,1.444000e-09,1.500000e-05
1.398664e+02,3.799999e+00,1.444000e-09,1.500000e-05
1.398854e+02,3.799999e+00,1.444000e-09,1.500000e-05
1.399044e+02,3.799999e+00,1.444000e-09,1.500000e-05
1.399234e+02,3.799999e+00,1.444000e-09,1.500000e-05
1.399424e+02,3.799999e+00,1.444000e-09,1.500000e-05
1.399614e+02,3.799999e+00,1.444000e-09,1.500000e-05
1.399804e+02,3.799999e+00,1.444000e-09,1.500000e-05
1.399994e+02,3.799999e+00,1.444000e-09,1.500000e-05
1.400184e+02,3.799999e+00,1.444000e-09,1.500000e-05
1.400374e+02,3.799999e+00,1.444000e-09,1.500000e-05
1.400564e+02,3.799999e+00,1.444000e-09,1.500000e-05
1.400754e+02,3.799999e+00,1.444000e-09,1.500000e-05
1.400944e+02,3.799999e+00,1.444000e-09,1.500000e-05
1.401134e+02,3.799999e+00,1.444000e-09,1.500000e-05
1.401324e+02,3.799999e+00,1.444000e-09,1.500000e-05
1.401514e+02,3.799999e+00,1.444000e-09,1.500000e-05
1.401704e+02,3.799999e+00,1.444000e-09,1.500000e-05
1.401894e+02,3.799999e+00,1.444000e-09,1.500000e-05
1.402084e+02,3.799999e+00,1.444000e-09,1.500000e-05
1.402274e+02,3.799999e+00,1.444000e-09,1.500000e-05
1.402464e+02,3.799999e+00,1.444000e-09,1.500000e-05
1.402654e+02,3.799999e+00,1.444000e-09,1.500000e-05
1.402844e+02,3.799999e+00,1.444000e-09,1.500000e-05
1.403034e+02,3.799999e+00,1.444000e-09,1.500000e-05
1.403224e+02,3.799999e+00,1.444000e-09,1.500000e-05
1.403414e+02,3.799999e+00,1.444000e-09,1.500000e-05
1.403604e+02,3.799999e+00,1.444000e-09,1.500000e-05
1.403794e+02,3.799999e+00,1.444000e-09,1.500000e-05
1.403984e+02,3.799999e+00,1.444000e-09,1.500000e-05
1.404174e+02,3.799999e+00,1.444000e-09,1.500000e-05
1.404364e+02,3.799999e+00,1.444000e-09,1.500000e-05
1.404554e+02,3.799999e+00,1.444000e-09,1.500000e-05
1.404744e+02,3.799999e+00,1.444000e-09,1.500000e-05
1.404934e+02,3.799999e+00,1.444000e-09,1.500000e-05
1.405124e+02,3.799999e+00,1.444000e-09,1.500000e-05
1.405314e+02,3.799999e+00,1.444000e-09,1.500000e-05
1.405504e+02,3.799999e+00,1.444000e-09,1.500000e-05
1.405694e+02,3.799999e+00,1.444000e-09,1.500000e-05
1.405884e+02,3.799999e+00,1.444000e-09,1.500000e-05
1.406074e+02,3.799999e+00,1.444000e-09,1.500000e-05
1.406264e+02,3.799999e+00,1.444000e-09,1.500000e-05
1.406454e+02,3.799999e+00,1.444000e-09,1.500000e-05
1.406644e+02,3.799999e+00,1.444000e-09,1.500000e-05
1.406834e+02,3.799999e+00,1.444000e-09,1.500000e-05
1.407024e+02,3.799999e+00,1.444000e-09,1.500000e-05
1.407214e+02,3.799999e+00,1.444000e-09,1.500000e-05
1.407404e+02,3.799999e+00,1.444000e-09,1.500000e-05
1.407594e+02,3.799999e+00,1.444000e-09,1.500000e-05
1.407784e+02,3.799999e+00,1.444000e-09,1.500000e-05
1.407974e+02,3.799999e+00,1.444000e-09,1.500000e-05
1.408164e+02,3.799999e+00,1.444000e-09,1.500000e-05
1.408354e+02,3.799999e+00,1.444000e-09,1.500000e-05
1.408544e+02,3.799999e+00,1.444000e-09,1.500000e-05
1.408734e+02,3.799999e+00,1.444000e-09,1.500000e-05
1.408924e+02,3.799999e+00,1.444000e-09,1.500000e-05
1.409114e+02,3.799999e+00,1.444000e-09,1.500000e-05
1.409304e+02,3.799999e+00,1.444000e-09,1.500000e-05
1.409494e+02,3.799999e+00,1.444000e-09,1.500000e-05
1.409684e+02,3.799999e+00,1.444000e-09,1.500000e-05
1.409874e+02,3.799999e+00,1.444000e-09,1.500000e-05
1.410064e+02,3.799999e+00,1.444000e-09,1.500000e-05
1.410254e+02,3.799999e+00,1.444000e-09,1.500000e-05
1.410444e+02,3.799999e+00,1.444000e-09,1.500000e-05
1.410634e+02,3.799999e+00,1.444000e-09,1.500000e-05
1.410824e+02,3.799999e+00,1.444000e-09,1.500000e-05
1.411014e+02,3.799999e+00,1.444000e-09,1.500000e-05
1.411204e+02,3.799999e+00,1.444000e-09,1.500000e-05
1.411394e+02,3.799999e+00,1.444000e-09,1.500000e-05
1.411584e+02,3.799999e+00,1.444000e-09,1.500000e-05
1.411774e+02,3.799999e+00,1.444000e-09,1.500000e-05
1.411964e+02,3.799999e+00,1.444000e-09,1.500000e-05
1.412154e+02,3.799999e+00,1.444000e-09,1.500000e-05
1.412344e+02,3.799999e+00,1.444000e-09,1.500000e-05
1.412534e+02,3.799999e+00,1.444000e-09,1.500000e-05
1.412724e+02,3.799999e+00,1.444000e-09,1.500000e-05
1.412914e+02,3.799999e+00,1.444000e-09,1.500000e-05
1.413104e+02,3.799999e+00,1.444000e-09,1.500000e-05
1.413294e+02,3.799999e+00,1.444000e-09,1.500000e-05
1.413484e+02,3.799999e+00,1.444000e-09,1.500000e-05
1.413674e+02,3.799999e+00,1.444000e-09,1.500000e-05
1.413864e+02,3.799999e+00,1.444000e-09,1.500000e-05
1.414054e+02,3.799999e+00,1.444000e-09,1.500000e-05
1.414244e+02,3.799999e+00,1.444000e-09,1.500000e-05
1.414434e+02,3.799999e+00,1.444000e-09,1.500000e-05
1.414624e+02,3.799999e+00,1.444000e-09,1.500000e-05
1.414814e+02,3.799999e+00,1.444000e-09,1.500000e-05
1.415004e+02,3.799999e+00,1.444000e-09,1.500000e-05
1.415194e+02,3.799999e+00,1.444000e-09,1.500000e-05
1.415384e+02,3.799999e+00,1.444000e-09,1.500000e-05
1.415574e+02,3.799999e+00,1.444000e-09,1.500000e-05
1.415764e+02,3.799999e+00,1.444000e-09,1.500000e-05
1.415954e+02,3.799999e+00,1.444000e-09,1.500000e-05
1.416144e+02,3.799999e+00,1.444000e-09,1.500000e-05
1.416334e+02,3.799999e+00,1.444000e-09,1.500000e-05
1.416524e+02,3.799999e+00,1.444000e-09,1.500000e-05
1.416714e+02,3.799999e+00,1.444000e-09,1.500000e-05
1.416904e+02,3.799999e+00,1.444000e-09,1.500000e-05
1.417094e+02,3.799999e+00,1.444000e-09,1.500000e-05
1.417284e+02,3.799999e+00,1.444000e-09,1.500000e-05
1.417474e+02,3.799999e+00,1.444000e-09,1.500000e-05
1.417664e+02,3.799999e+00,1.444000e-09,1.500000e-05
1.417854e+02,3.799999e+00,1.444000e-09,1.500000e-05
1.418044e+02,3.799999e+00,1.444000e-09,1.500000e-05
1.418234e+02,3.799999e+00,1.444000e-09,1.500000e-05
1.418424e+02,3.799999e+00,1.444000e-09,1.500000e-05
1.418614e+02,3.799999e+00,1.444000e-09,1.500000e-05
1.418804e+02,3.799999e+00,1.444000e-09,1.500000e-05
1.418994e+02,3.799999e+00,1.444000e-09,1.500000e-05
1.419184e+02,3.799999e+00,1.444000e-09,1.500000e-05
1.419374e+02,3.799999e+00,1.444000e-09,1.500000e-05
1.419564e+02,3.799999e+00,1.444000e-09,1.500000e-05
1.419754e+02,3.799999e+00,1.444000e-09,1.500000e-05
1.419944e+02,3.799999e+00,1.444000e-09,1.500000e-05
1.420134e+02,3.799999e+00,1.444000e-09,1.500000e-05
1.420324e+02,3.799999e+00,1.444000e-09,1.500000e-05
1.420514e+02,3.799999e+00,1.444000e-09,1.500000e-05
1.420704e+02,3.799999e+00,1.444000e-09,1.500000e-05
1.420894e+02,3.799999e+00,1.444000e-09,1.500000e-05
1.421084e+02,3.799999e+00,1.444000e-09,1.500000e-05
1.421274e+02,3.799999e+00,1.444000e-09,1.500000e-05
1.421464e+02,3.799999e+00,1.444000e-09,1.500000e-05
1.421654e+02,3.799999e+00,1.444000e-09,1.500000e-05
1.421844e+02,3.799999e+00,1.444000e-09,1.500000e-05
1.422034e+02,3.799999e+00,1.444000e-09,1.500000e-05
1.422224e+02,3.799999e+00,1.444000e-09,1.500000e-05
1.422414e+02,3.799999e+00,1.444000e-09,1.500000e-05
1.422604e+02,3.799999e+00,1.444000e-09,1.500000e-05
1.422794e+02,3.799999e+00,1.444000e-09,1.500000e-05
1.422984e+02,3.799999e+00,1.444000e-09,1.500000e-05
1.423174e+02,3.799999e+00,1.444000e-09,1.500000e-05
1.423364e+02,3.799999e+00,1.444000e-09,1.500000e-05
1.423554e+02,3.799999e+00,1.444000e-09,1.500000e-05
1.423744e+02,3.799999e+00,1.444000e-09,1.500000e-05
1.423934e+02,3.799999e+00,1.444000e-09,1.500000e-05
1.424124e+02,3.799999e+00,1.444000e-09,1.500000e-05
1.424314e+02,3.799999e+00,1.444000e-09,1.500000e-05
1.424504e+02,3.799999e+00,1.444000e-09,1.500000e-05
1.424694e+02,3.799999e+00,1.444000e-09,1.500000e-05
1.424884e+02,3.799999e+00,1.444000e-09,1.500000e-05
1.425074e+02,3.799999e+00,1.444000e-09,1.500000e-05
1.425264e+02,3.799999e+00,1.444000e-09,1.500000e-05
1.425454e+02,3.799999e+00,1.444000e-09,1.500000e-05
1.425644e+02,3.799999e+00,1.444000e-09,1.500000e-05
1.425834e+02,3.799999e+00,1.444000e-09,1.500000e-05
1.426024e+02,3.799999e+00,1.444000e-09,1.500000e-05
1.426214e+02,3.799999e+00,1.444000e-09,1.500000e-05
1.426404e+02,3.799999e+00,1.444000e-09,1.500000e-05
1.426594e+02,3.799999e+00,1.444000e-09,1.500000e-05
1.426784e+02,3.799999e+00,1.444000e-09,1.500000e-05
1.426974e+02,3.799999e+00,1.444000e-09,1.500000e-05
1.427164e+02,3.799999e+00,1.444000e-09,1.500000e-05
1.427354e+02,3.799999e+00,1.444000e-09,1.500000e-05
1.427544e+02,3.799999e+00,1.444000e-09,1.500000e-05
1.427734e+02,3.799999e+00,1.444000e-09,1.500000e-05
1.427924e+02,3.799999e+00,1.444000e-09,1.500000e-05
1.428114e+02,3.799999e+00,1.444000e-09,1.500000e-05
1.428304e+02,3.799999e+00,1.444000e-09,1.500000e-05
1.428494e+02,3.799999e+00,1.444000e-09,1.500000e-05
1.428684e+02,3.799999e+00,1.444000e-09,1.500000e-05
1.428874e+02,3.799999e+00,1.444000e-09,1.500000e-05
1.429064e+02,3.799999e+00,1.444000e-09,1.500000e-05
1.429254e+02,3.799999e+00,1.444000e-09,1.500000e-05
1.429444e+02,3.799999e+00,1.444000e-09,1.500000e-05
1.429634e+02,3.799999e+00,1.444000e-09,1.500000e-05
1.429824e+02,3.799999e+00,1.444000e-09,1.500000e-05
1.430014e+02,3.799999e+00,1.444000e-09,1.500000e-05
1.430204e+02,3.799999e+00,1.444000e-09,1.500000e-05
1.430394e+02,3.799999e+00,1.444000e-09,1.500000e-05
1.430584e+02,3.799999e+00,1.444000e-09,1.500000e-05
1.430774e+02,3.799999e+00,1.444000e-09,1.500000e-05
1.430964e+02,3.799999e+00,1.444000e-09,1.500000e-05
1.431154e+02,3.799999e+00,1.444000e-09,1.500000e-05
1.431344e+02,3.799999e+00,1.444000e-09,1.500000e-05
1.431534e+02,3.799999e+00,1.444000e-09,1.500000e-05
1.431724e+02,3.799999e+00,1.444000e-09,1.500000e-05
1.431914e+02,3.799999e+00,1.444000e-09,1.500000e-05
1.432104e+02,3.799999e+00,1.444000e-09,1.500000e-05
1.432294e+02,3.799999e+00,1.444000e-09,1.500000e-05
1.432484e+02,3.799999e+00,1.444000e-09,1.500000e-05
1.432674e+02,3.799999e+00,1.444000e-09,1.500000e-05
1.432864e+02,3.799999e+00,1.444000e-09,1.500000e-05
1.433054e+02,3.799999e+00,1.444000e-09,1.500000e-05
1.433244e+02,3.799999e+00,1.444000e-09,1.500000e-05
1.433434e+02,3.799999e+00,1.444000e-09,1.500000e-05
1.433624e+02,3.799999e+00,1.444000e-09,1.500000e-05
1.433814e+02,3.799999e+00,1.444000e-09,1.500000e-05
1.434004e+02,3.799999e+00,1.444000e-09,1.500000e-05
1.434194e+02,3.799999e+00,1.444000e-09,1.500000e-05
1.434384e+02,3.799999e+00,1.444000e-09,1.500000e-05
1.434574e+02,3.799999e+00,1.444000e-09,1.500000e-05
1.434764e+02,3.799999e+00,1.444000e-09,1.500000e-05
1.434954e+02,3.799999e+00,1.444000e-09,1.500000e-05
1.435144e+02,3.799999e+00,1.444000e-09,1.500000e-05
1.435334e+02,3.799999e+00,1.444000e-09,1.500000e-05
1.435524e+02,3.799999e+00,1.444000e-09,1.500000e-05
1.435714e+02,3.799999e+00,1.444000e-09,1.500000e-05
1.435904e+02,3.799999e+00,1.444000e-09,1.500000e-05
1.436094e+02,3.799999e+00,1.444000e-09,1.500000e-05
1.436284e+02,3.799999e+00,1.444000e-09,1.500000e-05
1.436474e+02,3.799999e+00,1.444000e-09,1.500000e-05
1.436664e+02,3.799999e+00,1.444000e-09,1.500000e-05
1.436854e+02,3.799999e+00,1.444000e-09,1.500000e-05
1.437044e+02,3.799999e+00,1.444000e-09,1.500000e-05
1.437234e+02,3.799999e+00,1.444000e-09,1.500000e-05
1.437424e+02,3.799999e+00,1.444000e-09,1.500000e-05
1.437614e+02,3.799999e+00,1.444000e-09,1.500000e-05
1.437804e+02,3.799999e+00,1.444000e-09,1.500000e-05
1.437994e+02,3.799999e+00,1.444000e-09,1.500000e-05
1.438184e+02,3.799999e+00,1.444000e-09,1.500000e-05
1.438374e+02,3.799999e+00,1.444000e-09,1.500000e-05
1.438564e+02,3.799999e+00,1.444000e-09,1.500000e-05
1.438754e+02,3.799999e+00,1.444000e-09,1.500000e-05
1.438944e+02,3.799999e+00,1.444000e-09,1.500000e-05
1.439134e+02,3.799999e+00,1.444000e-09,1.500000e-05
1.439324e+02,3.799999e+00,1.444000e-09,1.500000e-05
1.439514e+02,3.799999e+00,1.444000e-09,1.500000e-05
1.439704e+02,3.799999e+00,1.444000e-09,1.500000e-05
1.439894e+02,3.799999e+00,1.444000e-09,1.500000e-05
1.440084e+02,3.799999e+00,1.444000e-09,1.500000e-05
1.440274e+02,3.799999e+00,1.444000e-09,1.500000e-05
1.440464e+02,3.799999e+00,1.444000e-09,1.500000e-05
1.440654e+02,3.799999e+00,1.444000e-09,1.500000e-05
1.440844e+02,3.799999e+00,1.444000e-09,1.500000e-05
1.441034e+02,3.799999e+00,1.444000e-09,1.500000e-05
1.441224e+02,3.799999e+00,1.444000e-09,1.500000e-05
1.441414e+02,3.799999e+00,1.444000e-09,1.500000e-05
1.441604e+02,3.799999e+00,1.444000e-09,1.500000e-05
1.441794e+02,3.799999e+00,1.444000e-09,1.500000e-05
1.441984e+02,3.799999e+00,1.444000e-09,1.500000e-05
1.442174e+02,3.799999e+00,1.444000e-09,1.500000e-05
1.442364e+02,3.799999e+00,1.444000e-09,1.500000e-05
1.442554e+02,3.799999e+00,1.444000e-09,1.500000e-05
1.442744e+02,3.799999e+00,1.444000e-09,1.500000e-05
1.442934e+02,3.799999e+00,1.444000e-09,1.500000e-05
1.443124e+02,3.799999e+00,1.444000e-09,1.500000e-05
1.443314e+02,3.799999e+00,1.444000e-09,1.500000e-05
1.443504e+02,3.799999e+00,1.444000e-09,1.500000e-05
1.443694e+02,3.799999e+00,1.444000e-09,1.500000e-05
1.443884e+02,3.799999e+00,1.444000e-09,1.500000e-05
1.444074e+02,3.799999e+00,1.444000e-09,1.500000e-05
1.444264e+02,3.799999e+00,1.444000e-09,1.500000e-05
1.444454e+02,3.799999e+00,1.444000e-09,1.500000e-05
1.444644e+02,3.799999e+00,1.444000e-09,1.500000e-05
1.444834e+02,3.799999e+00,1.444000e-09,1.500000e-05
1.445024e+02,3.799999e+00,1.444000e-09,1.500000e-05
1.445214e+02,3.799999e+00,1.444000e-09,1.500000e-05
1.445404e+02,3.799999e+00,1.444000e-09,1.500000e-05
1.445594e+02,3.799999e+00,1.444000e-09,1.500000e-05
1.445784e+02,3.799999e+00,1.444000e-09,1.500000e-05
1.445974e+02,3.799999e+00,1.444000e-09,1.500000e-05
1.446164e+02,3.799999e+00,1.444000e-09,1.500000e-05
1.446354e+02,3.799999e+00,1.444000e-09,1.500000e-05
1.446544e+02,3.799999e+00,1.444000e-09,1.500000e-05
1.446734e+02,3.799999e+00,1.444000e-09,1.500000e-05
1.446924e+02,3.799999e+00,1.444000e-09,1.500000e-05
1.447114e+02,3.799999e+00,1.444000e-09,1.500000e-05
1.447304e+02,3.799999e+00,1.444000e-09,1.500000e-05
1.447494e+02,3.799999e+00,1.444000e-09,1.500000e-05
1.447684e+02,3.799999e+00,1.444000e-09,1.500000e-05
1.447874e+02,3.799999e+00,1.444000e-09,1.500000e-05
1.448064e+02,3.799999e+00,1.444000e-09,1.500000e-05
1.448254e+02,3.799999e+00,1.444000e-09,1.500000e-05
1.448444e+02,3.799999e+00,1.444000e-09,1.500000e-05
1.448634e+02,3.799999e+00,1.444000e-09,1.500000e-05
1.448824e+02,3.799999e+00,1.444000e-09,1.500000e-05
1.449014e+02,3.799999e+00,1.444000e-09,1.500000e-05
1.449204e+02,3.799999e+00,1.444000e-09,1.500000e-05
1.449394e+02,3.799999e+00,1.444000e-09,1.500000e-05
1.449584e+02,3.799999e+00,1.444000e-09,1.500000e-05
1.449774e+02,3.799999e+00,1.444000e-09,1.500000e-05
1.449964e+02,3.799999e+00,1.444000e-09,1.500000e-05
1.450154e+02,3.799999e+00,1.444000e-09,1.500000e-05
1.450344e+02,3.799999e+00,1.444000e-09,1.500000e-05
1.450534e+02,3.799999e+00,1.444000e-09,1.500000e-05
1.450724e+02,3.799999e+00,1.444000e-09,1.500000e-05
1.450914e+02,3.799999e+00,1.444000e-09,1.500000e-05
1.451104e+02,3.799999e+00,1.444000e-09,1.500000e-05
1.451294e+02,3.799999e+00,1.444000e-09,1.500000e-05
1.451484e+02,3.799999e+00,1.444000e-09,1.500000e-05
1.451674e+02,3.799999e+00,1.444000e-09,1.500000e-05
1.451864e+02,3.799999e+00,1.444000e-09,1.500000e-05
1.452054e+02,3.799999e+00,1.444000e-09,1.500000e-05
1.452244e+02,3.799999e+00,1.444000e-09,1.500000e-05
1.452434e+02,3.799999e+00,1.444000e-09,1.500000e-05
1.452624e+02,3.799999e+00,1.444000e-09,1.500000e-05
1.452814e+02,3.799999e+00,1.444000e-09,1.500000e-05
1.453004e+02,3.799999e+00,1.444000e-09,1.500000e-05
1.453194e+02,3.799999e+00,1.444000e-09,1.500000e-05
1.453384e+02,3.799999e+00,1.444000e-09,1.500000e-05
1.453574e+02,3.799999e+00,1.444000e-09,1.500000e-05
1.453764e+02,3.799999e+00,1.444000e-09,1.500000e-05
1.453954e+02,3.799999e+00,1.444000e-09,1.500000e-05
1.454144e+02,3.799999e+00,1.444000e-09,1.500000e-05
1.454334e+02,3.799999e+00,1.444000e-09,1.500000e-05
1.454524e+02,3.799999e+00,1.444000e-09,1.500000e-05
1.454714e+02,3.799999e+00,1.444000e-09,1.500000e-05
1.454904e+02,3.799999e+00,1.444000e-09,1.500000e-05
1.455094e+02,3.799999e+00,1.444000e-09,1.500000e-05
1.455284e+02,3.799999e+00,1.444000e-09,1.500000e-05
1.455474e+02,3.799999e+00,1.444000e-09,1.500000e-05
1.455664e+02,3.799999e+00,1.444000e-09,1.500000e-05
1.455854e+02,3.799999e+00,1.444000e-09,1.500000e-05
1.456044e+02,3.799999e+00,1.444000e-09,1.500000e-05
1.456234e+02,3.799999e+00,1.444000e-09,1.500000e-05
1.456424e+02,3.799999e+00,1.444000e-09,1.500000e-05
1.456614e+02,3.799999e+00,1.444000e-09,1.500000e-05
1.456804e+02,3.799999e+00,1.444000e-09,1.500000e-05
1.456994e+02,3.799999e+00,1.444000e-09,1.500000e-05
1.457184e+02,3.799999e+00,1.444000e-09,1.500000e-05
1.457374e+02,3.799999e+00,1.444000e-09,1.500000e-05
1.457564e+02,3.799999e+00,1.444000e-09,1.500000e-05
1.457754e+02,3.799999e+00,1.444000e-09,1.500000e-05
1.457944e+02,3.799999e+00,1.444000e-09,1.500000e-05
1.458134e+02,3.799999e+00,1.444000e-09,1.500000e-05
1.458324e+02,3.799999e+00,1.444000e-09,1.500000e-05
1.458514e+02,3.799999e+00,1.444000e-09,1.500000e-05
1.458704e+02,3.799999e+00,1.444000e-09,1.500000e-05
1.458894e+02,3.799999e+00,1.444000e-09,1.500000e-05
1.459084e+02,3.799999e+00,1.444000e-09,1.500000e-05
1.459274e+02,3.799999e+00,1.444000e-09,1.500000e-05
1.459464e+02,3.799999e+00,1.444000e-09,1.500000e-05
1.459654e+02,3.799999e+00,1.444000e-09,1.500000e-05
1.459844e+02,3.799999e+00,1.444000e-09,1.500000e-05
1.460034e+02,3.799999e+00,1.444000e-09,1.500000e-05
1.460224e+02,3.799999e+00,1.444000e-09,1.500000e-05
1.460414e+02,3.799999e+00,1.444000e-09,1.500000e-05
1.460604e+02,3.799999e+00,1.444000e-09,1.500000e-05
1.460794e+02,3.799999e+00,1.444000e-09,1.500000e-05
1.460984e+02,3.799999e+00,1.444000e-09,1.500000e-05
1.461174e+02,3.799999e+00,1.444000e-09,1.500000e-05
1.461364e+02,3.799999e+00,1.444000e-09,1.500000e-05
1.461554e+02,3.799999e+00,1.444000e-09,1.500000e-05
1.461744e+02,3.799999e+00,1.444000e-09,1.500000e-05
1.461934e+02,3.799999e+00,1.444000e-09,1.500000e-05
1.462124e+02,3.799999e+00,1.444000e-09,1.500000e-05
1.462314e+02,3.799999e+00,1.444000e-09,1.500000e-05
1.462504e+02,3.799999e+00,1.444000e-09,1.500000e-05
1.462694e+02,3.799999e+00,1.444000e-09,1.500000e-05
1.462884e+02,3.799999e+00,1.444000e-09,1.500000e-05
1.463074e+02,3.799999e+00,1.444000e-09,1.500000e-05
1.463264e+02,3.799999e+00,1.444000e-09,1.500000e-05
1.463454e+02,3.799999e+00,1.444000e-09,1.500000e-05
1.463644e+02,3.799999e+00,1.444000e-09,1.500000e-05
1.463834e+02,3.799999e+00,1.444000e-09,1.500000e-05
1.464024e+02,3.799999e+00,1.444000e-09,1.500000e-05
1.464214e+02,3.799999e+00,1.444000e-09,1.500000e-05
1.464404e+02,3.799999e+00,1.444000e-09,1.500000e-05
1.464594e+02,3.799999e+00,1.444000e-09,1.500000e-05
1.464784e+02,3.799999e+00,1.444000e-09,1.500000e-05
1.464974e+02,3.799999e+00,1.444000e-09,1.500000e-05
1.465164e+02,3.799999e+00,1.444000e-09,1.500000e-05
1.465354e+02,3.799999e+00,1.444000e-09,1.500000e-05
1.465544e+02,3.799999e+00,1.444000e-09,1.500000e-05
1.465734e+02,3.799999e+00,1.444000e-09,1.500000e-05
1.465924e+02,3.799999e+00,1.444000e-09,1.500000e-05
1.466114e+02,3.799999e+00,1.444000e-09,1.500000e-05
1.466304e+02,3.799999e+00,1.444000e-09,1.500000e-05
1.466494e+02,3.799999e+00,1.444000e-09,1.500000e-05
1.466684e+02,3.799999e+00,1.444000e-09,1.500000e-05
1.466874e+02,3.799999e+00,1.444000e-09,1.500000e-05
1.467064e+02,3.799999e+00,1.444000e-09,1.500000e-05
1.467254e+02,3.799999e+00,1.444000e-09,1.500000e-05
1.467444e+02,3.799999e+00,1.444000e-09,1.500000e-05
1.467634e+02,3.799999e+00,1.444000e-09,1.500000e-05
1.467824e+02,3.799999e+00,1.444000e-09,1.500000e-05
1.468014e+02,3.799999e+00,1.444000e-09,1.500000e-05
1.468204e+02,3.799999e+00,1.444000e-09,1.500000e-05
1.468394e+02,3.799999e+00,1.444000e-09,1.500000e-05
1.468584e+02,3.799999e+00,1.444000e-09,1.500000e-05
1.468774e+02,3.799999e+00,1.444000e-09,1.500000e-05
1.468964e+02,3.799999e+00,1.444000e-09,1.500000e-05
1.469154e+02,3.799999e+00,1.444000e-09,1.500000e-05
1.469344e+02,3.799999e+00,1.444000e-09,1.500000e-05
1.469534e+02,3.799999e+00,1.444000e-09,1.500000e-05
1.469724e+02,3.799999e+00,1.444000e-09,1.500000e-05
1.469914e+02,3.799999e+00,1.444000e-09,1.500000e-05
1.470104e+02,3.799999e+00,1.444000e-09,1.500000e-05
1.470294e+02,3.799999e+00,1.444000e-09,1.500000e-05
1.470484e+02,3.799999e+00,1.444000e-09,1.500000e-05
1.470674e+02,3.799999e+00,1.444000e-09,1.500000e-05
1.470864e+02,3.799999e+00,1.444000e-09,1.500000e-05
1.471054e+02,3.799999e+00,1.444000e-09,1.500000e-05
1.471244e+02,3.799999e+00,1.444000e-09,1.500000e-05
1.471434e+02,3.799999e+00,1.444000e-09,1.500000e-05
1.471624e+02,3.799999e+00,1.444000e-09,1.500000e-05
1.471814e+02,3.799999e+00,1.444000e-09,1.500000e-05
1.472004e+02,3.799999e+00,1.444000e-09,1.500000e-05
1.472194e+02,3.799999e+00,1.444000e-09,1.500000e-05
1.472384e+02,3.799999e+00,1.444000e-09,1.500000e-05
1.472574e+02,3.799999e+00,1.444000e-09,1.500000e-05
1.472764e+02,3.799999e+00,1.444000e-09,1.500000e-05
1.472954e+02,3.799999e+00,1.444000e-09,1.500000e-05
1.473144e+02,3.799999e+00,1.444000e-09,1.500000e-05
1.473334e+02,3.799999e+00,1.444000e-09,1.500000e-05
1.473524e+02,3.799999e+00,1.444000e-09,1.500000e-05
1.473714e+02,3.799999e+00,1.444000e-09,1.500000e-05
1.473904e+02,3.799999e+00,1.444000e-09,1.500000e-05
1.474094e+02,3.799999e+00,1.444000e-09,1.500000e-05
1.474284e+02,3.799999e+00,1.444000e-09,1.500000e-05
1.474474e+02,3.799999e+00,1.444000e-09,1.500000e-05
1.474664e+02,3.799999e+00,1.444000e-09,1.500000e-05
1.474854e+02,3.799999e+00,1.444000e-09,1.500000e-05
1.475044e+02,3.799999e+00,1.444000e-09,1.500000e-05
1.475234e+02,3.799999e+00,1.444000e-09,1.500000e-05
1.475424e+02,3.799999e+00,1.444000e-09,1.500000e-05
1.475614e+02,3.799999e+00,1.444000e-09,1.500000e-05
1.475804e+02,3.799999e+00,1.444000e-09,1.500000e-05
1.475994e+02,3.799999e+00,1.444000e-09,1.500000e-05
1.476184e+02,3.799999e+00,1.444000e-09,1.500000e-05
1.476374e+02,3.799999e+00,1.444000e-09,1.500000e-05
1.476564e+02,3.799999e+00,1.444000e-09,1.500000e-05
1.476754e+02,3.799999e+00,1.444000e-09,1.500000e-05
1.476944e+02,3.799999e+00,1.444000e-09,1.500000e-05
1.477134e+02,3.799999e+00,1.444000e-09,1.500000e-05
1.477324e+02,3.799999e+00,1.444000e-09,1.500000e-05
1.477514e+02,3.799999e+00,1.444000e-09,1.500000e-05
1.477704e+02,3.799999e+00,1.444000e-09,1.500000e-05
1.477894e+02,3.799999e+00,1.444000e-09,1.500000e-05
1.478084e+02,3.799999e+00,1.444000e-09,1.500000e-05
1.478274e+02,3.799999e+00,1.444000e-09,1.500000e-05
1.478464e+02,3.799999e+00,1.444000e-09,1.500000e-05
1.478654e+02,3.799999e+00,1.444000e-09,1.500000e-05
1.478844e+02,3.799999e+00,1.444000e-09,1.500000e-05
1.479034e+02,3.799999e+00,1.444000e-09,1.500000e-05
1.479224e+02,3.799999e+00,1.444000e-09,1.500000e-05
1.479414e+02,3.799999e+00,1.444000e-09,1.500000e-05
1.479604e+02,3.799999e+00,1.444000e-09,1.500000e-05
1.479794e+02,3.799999e+00,1.444000e-09,1.500000e-05
1.479984e+02,3.799999e+00,1.444000e-09,1.500000e-05
1.480174e+02,3.799999e+00,1.444000e-09,1.500000e-05
1.480364e+02,3.799999e+00,1.444000e-09,1.500000e-05
1.480554e+02,3.799999e+00,1.444000e-09,1.500000e-05
1.480744e+02,3.799999e+00,1.444000e-09,1.500000e-05
1.480934e+02,3.799999e+00,1.444000e-09,1.500000e-05
1.481124e+02,3.799999e+00,1.444000e-09,1.500000e-05
1.481314e+02,3.799999e+00,1.444000e-09,1.500000e-05
1.481504e+02,3.799999e+00,1.444000e-09,1.500000e-05
1.481694e+02,3.799999e+00,1.444000e-09,1.500000e-05
1.481884e+02,3.799999e+00,1.444000e-09,1.500000e-05
1.482074e+02,3.799999e+00,1.444000e-09,1.500000e-05
1.482264e+02,3.799999e+00,1.444000e-09,1.500000e-05
1.482454e+02,3.799999e+00,1.444000e-09,1.500000e-05
1.482644e+02,3.799999e+00,1.444000e-09,1.500000e-05
1.482834e+02,3.799999e+00,1.444000e-09,1.500000e-05
1.483024e+02,3.799999e+00,1.444000e-09,1.500000e-05
1.483214e+02,3.799999e+00,1.444000e-09,1.500000e-05
1.483404e+02,3.799999e+00,1.444000e-09,1.500000e-05
1.483594e+02,3.799999e+00,1.444000e-09,1.500000e-05
1.483784e+02,3.799999e+00,1.444000e-09,1.500000e-05
1.483974e+02,3.799999e+00,1.444000e-09,1.500000e-05
1.484164e+02,3.799999e+00,1.444000e-09,1.500000e-05
1.484354e+02,3.799999e+00,1.444000e-09,1.500000e-05
1.484544e+02,3.799999e+00,1.444000e-09,1.500000e-05
1.484734e+02,3.799999e+00,1.444000e-09,1.500000e-05
1.484924e+02,3.799999e+00,1.444000e-09,1.500000e-05
1.485114e+02,3.799999e+00,1.444000e-09,1.500000e-05
1.485304e+02,3.799999e+00,1.444000e-09,1.500000e-05
1.485494e+02,3.799999e+00,1.444000e-09,1.500000e-05
1.485684e+02,3.799999e+00,1.444000e-09,1.500000e-05
1.485874e+02,3.799999e+00,1.444000e-09,1.500000e-05
1.486064e+02,3.799999e+00,1.444000e-09,1.500000e-05
1.486254e+02,3.799999e+00,1.444000e-09,1.500000e-05
1.486444e+02,3.799999e+00,1.444000e-09,1.500000e-05
1.486634e+02,3.799999e+00,1.444000e-09,1.500000e-05
1.486824e+02,3.799999e+00,1.444000e-09,1.500000e-05
1.487014e+02,3.799999e+00,1.444000e-09,1.500000e-05
1.487204e+02,3.799999e+00,1.444000e-09,1.500000e-05
1.487394e+02,3.799999e+00,1.444000e-09,1.500000e-05
1.487584e+02,3.799999e+00,1.444000e-09,1.500000e-05
1.487774e+02,3.799999e+00,1.444000e-09,1.500000e-05
1.487964e+02,3.799999e+00,1.444000e-09,1.500000e-05
1.488154e+02,3.799999e+00,1.444000e-09,1.500000e-05
1.488344e+02,3.799999e+00,1.444000e-09,1.500000e-05
1.488534e+02,3.799999e+00,1.444000e-09,1.500000e-05
1.488724e+02,3.799999e+00,1.444000e-09,1.500000e-05
1.488914e+02,3.799999e+00,1.444000e-09,1.500000e-05
1.489104e+02,3.799999e+00,1.444000e-09,1.500000e-05
1.489294e+02,3.799999e+00,1.444000e-09,1.500000e-05
1.489484e+02,3.799999e+00,1.444000e-09,1.500000e-05
1.489674e+02,3.799999e+00,1.444000e-09,1.500000e-05
1.489864e+02,3.799999e+00,1.444000e-09,1.500000e-05
1.490054e+02,3.799999e+00,1.444000e-09,1.500000e-05
1.490244e+02,3.799999e+00,1.444000e-09,1.500000e-05
1.490434e+02,3.799999e+00,1.444000e-09,1.500000e-05
1.490624e+02,3.799999e+00,1.444000e-09,1.500000e-05
1.490814e+02,3.799999e+00,1.444000e-09,1.500000e-05
1.491004e+02,3.799999e+00,1.444000e-09,1.500000e-05
1.491194e+02,3.799999e+00,1.444000e-09,1.500000e-05
1.491384e+02,3.799999e+00,1.444000e-09,1.500000e-05
1.491574e+02,3.799999e+00,1.444000e-09,1.500000e-05
1.491764e+02,3.799999e+00,1.444000e-09,1.500000e-05
1.491954e+02,3.799999e+00,1.444000e-09,1.500000e-05
1.492144e+02,3.799999e+00,1.444000e-09,1.500000e-05
1.492334e+02,3.799999e+00,1.444000e-09,1.500000e-05
1.492524e+02,3.799999e+00,1.444000e-09,1.500000e-05
1.492714e+02,3.799999e+00,1.444000e-09,1.500000e-05
1.492904e+02,3.799999e+00,1.444000e-09,1.500000e-05
1.493094e+02,3.799999e+00,1.444000e-09,1.500000e-05
1.493284e+02,3.799999e+00,1.444000e-09,1.500000e-05
1.493474e+02,3.799999e+00,1.444000e-09,1.500000e-05
1.493664e+02,3.799999e+00,1.444000e-09,1.500000e-05
1.493854e+02,3.799999e+00,1.444000e-09,1.500000e-05
1.494044e+02,3.799999e+00,1.444000e-09,1.500000e-05
1.494234e+02,3.799999e+00,1.444000e-09,1.500000e-05
1.494424e+02,3.799999e+00,1.444000e-09,1.500000e-05
1.494614e+02,3.799999e+00,1.444000e-09,1.500000e-05
1.494804e+02,3.799999e+00,1.444000e-09,1.500000e-05
1.494994e+02,3.799999e+00,1.444000e-09,1.500000e-05
1.495184e+02,3.799999e+00,1.444000e-09,1.500000e-05
1.495374e+02,3.799999e+00,1.444000e-09,1.500000e-05
1.495564e+02,3.799999e+00,1.444000e-09,1.500000e-05
1.495754e+02,3.799999e+00,1.444000e-09,1.500000e-05
1.495944e+02,3.799999e+00,1.444000e-09,1.500000e-05
1.496134e+02,3.799999e+00,1.444000e-09,1.500000e-05
1.496324e+02,3.799999e+00,1.444000e-09,1.500000e-05
1.496514e+02,3.799999e+00,1.444000e-09,1.500000e-05
1.496704e+02,3.799999e+00,1.444000e-09,1.500000e-05
1.496894e+02,3.799999e+00,1.444000e-09,1.500000e-05
1.497084e+02,3.799999e+00,1.444000e-09,1.500000e-05
1.497274e+02,3.799999e+00,1.444000e-09,1.500000e-05
1.497464e+02,3.799999e+00,1.444000e-09,1.500000e-05
1.497654e+02,3.799999e+00,1.444000e-09,1.500000e-05
1.497844e+02,3.799999e+00,1.444000e-09,1.500000e-05
1.498034e+02,3.799999e+00,1.444000e-09,1.500000e-05
1.498224e+02,3.799999e+00,1.444000e-09,1.500000e-05
1.498414e+02,3.799999e+00,1.444000e-09,1.500000e-05
1.498604e+02,3.799999e+00,1.444000e-09,1.500000e-05
1.498794e+02,3.799999e+00,1.444000e-09,1.500000e-05
1.498984e+02,3.799999e+00,1.444000e-09,1.500000e-05
1.499174e+02,3.799999e+00,1.444000e-09,1.500000e-05
1.499364e+02,3.799999e+00,1.444000e-09,1.500000e-05
1.499554e+02,3.799999e+00,1.444000e-09,1.500000e-05
1.499744e+02,3.799999e+00,1.444000e-09,1.500000e-05
1.499934e+02,3.799999e+00,1.444000e-09,1.500000e-05
1.500124e+02,3.799999e+00,1.444000e-09,1.500000e-05
1.500314e+02,3.799999e+00,1.444000e-09,1.500000e-05
1.500504e+02,3.799999e+00,1.444000e-09,1.500000e-05
1.500694e+02,3.799999e+00,1.444000e-09,1.500000e-05
1.500884e+02,3.799999e+00,1.444000e-09,1.500000e-05
1.501074e+02,3.799999e+00,1.444000e-09,1.500000e-05
1.501264e+02,3.799999e+00,1.444000e-09,1.500000e-05
1.501454e+02,3.799999e+00,1.444000e-09,1.500000e-05
1.501644e+02,3.799999e+00,1.444000e-09,1.500000e-05
1.501834e+02,3.799999e+00,1.444000e-09,1.500000e-05
1.502024e+02,3.799999e+00,1.444000e-09,1.500000e-05
1.502214e+02,3.799999e+00,1.444000e-09,1.500000e-05
1.502404e+02,3.799999e+00,1.444000e-09,1.500000e-05
1.502594e+02,3.799999e+00,1.444000e-09,1.500000e-05
1.502784e+02,3.799999e+00,1.444000e-09,1.500000e-05
1.502974e+02,3.799999e+00,1.444000e-09,1.500000e-05
1.503164e+02,3.799999e+00,1.444000e-09,1.500000e-05
1.503354e+02,3.799999e+00,1.444000e-09,1.500000e-05
1.503544e+02,3.799999e+00,1.444000e-09,1.500000e-05
1.503734e+02,3.799999e+00,1.444000e-09,1.500000e-05
1.503924e+02,3.799999e+00,1.444000e-09,1.500000e-05
1.504114e+02,3.799999e+00,1.444000e-09,1.500000e-05
1.504304e+02,3.799999e+00,1.444000e-09,1.500000e-05
1.504494e+02,3.799999e+00,1.444000e-09,1.500000e-05
1.504684e+02,3.799999e+00,1.444000e-09,1.500000e-05
1.504874e+02,3.799999e+00,1.444000e-09,1.500000e-05
1.505064e+02,3.799999e+00,1.444000e-09,1.500000e-05
1.505254e+02,3.799999e+00,1.444000e-09,1.500000e-05
1.505444e+02,3.799999e+00,1.444000e-09,1.500000e-05
1.505634e+02,3.799999e+00,1.444000e-09,1.500000e-05
1.505824e+02,3.799999e+00,1.444000e-09,1.500000e-05
1.506014e+02,3.799999e+00,1.444000e-09,1.500000e-05
1.506204e+02,3.799999e+00,1.444000e-09,1.500000e-05
1.506394e+02,3.799999e+00,1.444000e-09,1.500000e-05
1.506584e+02,3.799999e+00,1.444000e-09,1.500000e-05
1.506774e+02,3.799999e+00,1.444000e-09,1.500000e-05
1.506964e+02,3.799999e+00,1.444000e-09,1.500000e-05
1.507154e+02,3.799999e+00,1.444000e-09,1.500000e-05
1.507344e+02,3.799999e+00,1.444000e-09,1.500000e-05
1.507534e+02,3.799999e+00,1.444000e-09,1.500000e-05
1.507724e+02,3.799999e+00,1.444000e-09,1.500000e-05
1.507914e+02,3.799999e+00,1.444000e-09,1.500000e-05
1.508104e+02,3.799999e+00,1.444000e-09,1.500000e-05
1.508294e+02,3.799999e+00,1.444000e-09,1.500000e-05
1.508484e+02,3.799999e+00,1.444000e-09,1.500000e-05
1.508674e+02,3.799999e+00,1.444000e-09,1.500000e-05
1.508864e+02,3.799999e+00,1.444000e-09,1.500000e-05
1.509054e+02,3.799999e+00,1.444000e-09,1.500000e-05
1.509244e+02,3.799999e+00,1.444000e-09,1.500000e-05
1.509434e+02,3.799999e+00,1.444000e-09,1.500000e-05
1.509624e+02,3.799999e+00,1.444000e-09,1.500000e-05
1.509814e+02,3.799999e+00,1.444000e-09,1.500000e-05
1.510004e+02,3.799999e+00,1.444000e-09,1.500000e-05
1.510194e+02,3.799999e+00,1.444000e-09,1.500000e-05
1.510384e+02,3.799999e+00,1.444000e-09,1.500000e-05
1.510574e+02,3.799999e+00,1.444000e-09,1.500000e-05
1.510764e+02,3.799999e+00,1.444000e-09,1.500000e-05
1.510954e+02,3.799999e+00,1.444000e-09,1.500000e-05
1.511144e+02,3.799999e+00,1.444000e-09,1.500000e-05
1.511334e+02,3.799999e+00,1.444000e-09,1.500000e-05
1.511524e+02,3.799999e+00,1.444000e-09,1.500000e-05
1.511714e+02,3.799999e+00,1.444000e-09,1.500000e-05
1.511904e+02,3.799999e+00,1.444000e-09,1.500000e-05
1.512094e+02,3.799999e+00,1.444000e-09,1.500000e-05
1.512284e+02,3.799999e+00,1.444000e-09,1.500000e-05
1.512474e+02,3.799999e+00,1.444000e-09,1.500000e-05
1.512664e+02,3.799999e+00,1.444000e-09,1.500000e-05
1.512854e+02,3.799999e+00,1.444000e-09,1.500000e-05
1.513044e+02,3.799999e+00,1.444000e-09,1.500000e-05
1.513234e+02,3.799999e+00,1.444000e-09,1.500000e-05
1.513424e+02,3.799999e+00,1.444000e-09,1.500000e-05
1.513614e+02,3.799999e+00,1.444000e-09,1.500000e-05
1.513804e+02,3.799999e+00,1.444000e-09,1.500000e-05
1.513994e+02,3.799999e+00,1.444000e-09,1.500000e-05
1.514184e+02,3.799999e+00,1.444000e-09,1.500000e-05
1.514374e+02,3.799999e+00,1.444000e-09,1.500000e-05
1.514564e+02,3.799999e+00,1.444000e-09,1.500000e-05
1.514754e+02,3.799999e+00,1.444000e-09,1.500000e-05
1.514944e+02,3.799999e+00,1.444000e-09,1.500000e-05
1.515134e+02,3.799999e+00,1.444000e-09,1.500000e-05
1.515324e+02,3.799999e+00,1.444000e-09,1.500000e-05
1.515514e+02,3.799999e+00,1.444000e-09,1.500000e-05
1.515704e+02,3.799999e+00,1.444000e-09,1.500000e-05
1.515894e+02,3.799999e+00,1.444000e-09,1.500000e-05
1.516084e+02,3.799999e+00,1.444000e-09,1.500000e-05
1.516274e+02,3.799999e+00,1.444000e-09,1.500000e-05
1.516464e+02,3.799999e+00,1.444000e-09,1.500000e-05
1.516654e+02,3.799999e+00,1.444000e-09,1.500000e-05
1.516844e+02,3.799999e+00,1.444000e-09,1.500000e-05
1.517034e+02,3.799999e+00,1.444000e-09,1.500000e-05
1.517224e+02,3.799999e+00,1.444000e-09,1.500000e-05
1.517414e+02,3.799999e+00,1.444000e-09,1.500000e-05
1.517604e+02,3.799999e+00,1.444000e-09,1.500000e-05
1.517794e+02,3.799999e+00,1.444000e-09,1.500000e-05
1.517984e+02,3.799999e+00,1.444000e-09,1.500000e-05
1.518174e+02,3.799999e+00,1.444000e-09,1.500000e-05
1.518364e+02,3.799999e+00,1.444000e-09,1.500000e-05
1.518554e+02,3.799999e+00,1.444000e-09,1.500000e-05
1.518744e+02,3.799999e+00,1.444000e-09,1.500000e-05
1.518934e+02,3.799999e+00,1.444000e-09,1.500000e-05
1.519124e+02,3.799999e+00,1.444000e-09,1.500000e-05
1.519314e+02,3.799999e+00,1.444000e-09,1.500000e-05
1.519504e+02,3.799999e+00,1.444000e-09,1.500000e-05
1.519694e+02,3.799999e+00,1.444000e-09,1.500000e-05
1.519884e+02,3.799999e+00,1.444000e-09,1.500000e-05
1.520074e+02,3.799999e+00,1.444000e-09,1.500000e-05
1.520264e+02,3.799999e+00,1.444000e-09,1.500000e-05
1.520454e+02,3.799999e+00,1.444000e-09,1.500000e-05
1.520644e+02,3.799999e+00,1.444000e-09,1.500000e-05
1.520834e+02,3.799999e+00,1.444000e-09,1.500000e-05
1.521024e+02,3.799999e+00,1.444000e-09,1.500000e-05
1.521214e+02,3.799999e+00,1.444000e-09,1.500000e-05
1.521404e+02,3.799999e+00,1.444000e-09,1.500000e-05
1.521594e+02,3.799999e+00,1.444000e-09,1.500000e-05
1.521784e+02,3.799999e+00,1.444000e-09,1.500000e-05
1.521974e+02,3.799999e+00,1.444000e-09,1.500000e-05
1.522164e+02,3.799999e+00,1.444000e-09,1.500000e-05
1.522354e+02,3.799999e+00,1.444000e-09,1.500000e-05
1.522544e+02,3.799999e+00,1.444000e-09,1.500000e-05
1.522734e+02,3.799999e+00,1.444000e-09,1.500000e-05
1.522924e+02,3.799999e+00,1.444000e-09,1.500000e-05
1.523114e+02,3.799999e+00,1.444000e-09,1.500000e-05
1.523304e+02,3.799999e+00,1.444000e-09,1.500000e-05
1.523494e+02,3.799999e+00,1.444000e-09,1.500000e-05
1.523684e+02,3.799999e+00,1.444000e-09,1.500000e-05
1.523874e+02,3.799999e+00,1.444000e-09,1.500000e-05
1.524064e+02,3.799999e+00,1.444000e-09,1.500000e-05
1.524254e+02,3.799999e+00,1.444000e-09,1.500000e-05
1.524444e+02,3.799999e+00,1.444000e-09,1.500000e-05
1.524634e+02,3.799999e+00,1.444000e-09,1.500000e-05
1.524824e+02,3.799999e+00,1.444000e-09,1.500000e-05
1.525014e+02,3.799999e+00,1.444000e-09,1.500000e-05
1.525204e+02,3.799999e+00,1.444000e-09,1.500000e-05
1.525394e+02,3.799999e+00,1.444000e-09,1.500000e-05
1.525584e+02,3.799999e+00,1.444000e-09,1.500000e-05
1.525774e+02,3.799999e+00,1.444000e-09,1.500000e-05
1.525964e+02,3.799999e+00,1.444000e-09,1.500000e-05
1.526154e+02,3.799999e+00,1.444000e-09,1.500000e-05
1.526344e+02,3.799999e+00,1.444000e-09,1.500000e-05
1.526534e+02,3.799999e+00,1.444000e-09,1.500000e-05
1.526724e+02,3.799999e+00,1.444000e-09,1.500000e-05
1.526914e+02,3.799999e+00,1.444000e-09,1.500000e-05
1.527104e+02,3.799999e+00,1.444000e-09,1.500000e-05
1.527294e+02,3.799999e+00,1.444000e-09,1.500000e-05
1.527484e+02,3.799999e+00,1.444000e-09,1.500000e-05
1.527674e+02,3.799999e+00,1.444000e-09,1.500000e-05
1.527864e+02,3.799999e+00,1.444000e-09,1.500000e-05
1.528054e+02,3.799999e+00,1.444000e-09,1.500000e-05
1.528244e+02,3.799999e+00,1.444000e-09,1.500000e-05
1.528434e+02,3.799999e+00,1.444000e-09,1.500000e-05
1.528624e+02,3.799999e+00,1.444000e-09,1.500000e-05
1.528814e+02,3.799999e+00,1.444000e-09,1.500000e-05
1.529004e+02,3.799999e+00,1.444000e-09,1.500000e-05
1.529194e+02,3.799999e+00,1.444000e-09,1.500000e-05
1.529384e+02,3.799999e+00,1.444000e-09,1.500000e-05
1.529574e+02,3.799999e+00,1.444000e-09,1.500000e-05
1.529764e+02,3.799999e+00,1.444000e-09,1.500000e-05
1.529954e+02,3.799999e+00,1.444000e-09,1.500000e-05
1.530144e+02,3.799999e+00,1.444000e-09,1.500000e-05
1.530334e+02,3.799999e+00,1.444000e-09,1.500000e-05
1.530524e+02,3.799999e+00,1.444000e-09,1.500000e-05
1.530714e+02,3.799999e+00,1.444000e-09,1.500000e-05
1.530904e+02,3.799999e+00,1.444000e-09,1.500000e-05
1.531094e+02,3.799999e+00,1.444000e-09,1.500000e-05
1.531284e+02,3.799999e+00,1.444000e-09,1.500000e-05
1.531474e+02,3.799999e+00,1.444000e-09,1.500000e-05
1.531664e+02,3.799999e+00,1.444000e-09,1.500000e-05
1.531854e+02,3.799999e+00,1.444000e-09,1.500000e-05
1.532044e+02,3.799999e+00,1.444000e-09,1.500000e-05
1.532234e+02,3.799999e+00,1.444000e-09,1.500000e-05
1.532424e+02,3.799999e+00,1.444000e-09,1.500000e-05
1.532614e+02,3.799999e+00,1.444000e-09,1.500000e-05
1.532804e+02,3.799999e+00,1.444000e-09,1.500000e-05
1.532994e+02,3.799999e+00,1.444000e-09,1.500000e-05
1.533184e+02,3.799999e+00,1.444000e-09,1.500000e-05
1.533374e+02,3.799999e+00,1.444000e-09,1.500000e-05
1.533564e+02,3.799999e+00,1.444000e-09,1.500000e-05
1.533754e+02,3.799999e+00,1.444000e-09,1.500000e-05
1.533944e+02,3.799999e+00,1.444000e-09,1.500000e-05
1.534134e+02,3.799999e+00,1.444000e-09,1.500000e-05
1.534324e+02,3.799999e+00,1.444000e-09,1.500000e-05
1.534514e+02,3.799999e+00,1.444000e-09,1.500000e-05
1.534704e+02,3.799999e+00,1.444000e-09,1.500000e-05
1.534894e+02,3.799999e+00,1.444000e-09,1.500000e-05
1.535084e+02,3.799999e+00,1.444000e-09,1.500000e-05
1.535274e+02,3.799999e+00,1.444000e-09,1.500000e-05
1.535464e+02,3.799999e+00,1.444000e-09,1.500000e-05
1.535654e+02,3.799999e+00,1.444000e-09,1.500000e-05
1.535844e+02,3.799999e+00,1.444000e-09,1.500000e-05
1.536034e+02,3.799999e+00,1.444000e-09,1.500000e-05
1.536224e+02,3.799999e+00,1.444000e-09,1.500000e-05
1.536414e+02,3.799999e+00,1.444000e-09,1.500000e-05
1.536604e+02,3.799999e+00,1.444000e-09,1.500000e-05
1.536794e+02,3.799999e+00,1.444000e-09,1.500000e-05
1.536984e+02,3.799999e+00,1.444000e-09,1.500000e-05
1.537174e+02,3.799999e+00,1.444000e-09,1.500000e-05
1.537364e+02,3.799999e+00,1.444000e-09,1.500000e-05
1.537554e+02,3.799999e+00,1.444000e-09,1.500000e-05
1.537744e+02,3.799999e+00,1.444000e-09,1.500000e-05
1.537934e+02,3.799999e+00,1.444000e-09,1.500000e-05
1.538124e+02,3.799999e+00,1.444000e-09,1.500000e-05
1.538314e+02,3.799999e+00,1.444000e-09,1.500000e-05
1.538504e+02,3.799999e+00,1.444000e-09,1.500000e-05
1.538694e+02,3.799999e+00,1.444000e-09,1.500000e-05
1.538884e+02,3.799999e+00,1.444000e-09,1.500000e-05
1.539074e+02,3.799999e+00,1.444000e-09,1.500000e-05
1.539264e+02,3.799999e+00,1.444000e-09,1.500000e-05
1.539454e+02,3.799999e+00,1.444000e-09,1.500000e-05
1.539644e+02,3.799999e+00,1.444000e-09,1.500000e-05
1.539834e+02,3.799999e+00,1.444000e-09,1.500000e-05
1.540024e+02,3.799999e+00,1.444000e-09,1.500000e-05
1.540214e+02,3.799999e+00,1.444000e-09,1.500000e-05
1.540404e+02,3.799999e+00,1.444000e-09,1.500000e-05
1.540594e+02,3.799999e+00,1.444000e-09,1.500000e-05
1.540784e+02,3.799999e+00,1.444000e-09,1.500000e-05
1.540974e+02,3.799999e+00,1.444000e-09,1.500000e-05
1.541164e+02,3.799999e+00,1.444000e-09,1.500000e-05
1.541354e+02,3.799999e+00,1.444000e-09,1.500000e-05
1.541544e+02,3.799999e+00,1.444000e-09,1.500000e-05
1.541734e+02,3.799999e+00,1.444000e-09,1.500000e-05
1.541924e+02,3.799999e+00,1.444000e-09,1.500000e-05
1.542114e+02,3.799999e+00,1.444000e-09,1.500000e-05
1.542304e+02,3.799999e+00,1.444000e-09,1.500000e-05
1.542494e+02,3.799999e+00,1.444000e-09,1.500000e-05
1.542684e+02,3.799999e+00,1.444000e-09,1.500000e-05
1.542874e+02,3.799999e+00,1.444000e-09,1.500000e-05
1.543064e+02,3.799999e+00,1.444000e-09,1.500000e-05
1.543254e+02,3.799999e+00,1.444000e-09,1.500000e-05
1.543444e+02,3.799999e+00,1.444000e-09,1.500000e-05
1.543634e+02,3.799999e+00,1.444000e-09,1.500000e-05
1.543824e+02,3.799999e+00,1.444000e-09,1.500000e-05
1.544014e+02,3.799999e+00,1.444000e-09,1.500000e-05
1.544204e+02,3.799999e+00,1.444000e-09,1.500000e-05
1.544394e+02,3.799999e+00,1.444000e-09,1.500000e-05
1.544584e+02,3.799999e+00,1.444000e-09,1.500000e-05
1.544774e+02,3.799999e+00,1.444000e-09,1.500000e-05
1.544964e+02,3.799999e+00,1.444000e-09,1.500000e-05
1.545154e+02,3.799999e+00,1.444000e-09,1.500000e-05
1.545344e+02,3.799999e+00,1.444000e-09,1.500000e-05
1.545534e+02,3.799999e+00,1.444000e-09,1.500000e-05
1.545724e+02,3.799999e+00,1.444000e-09,1.500000e-05
1.545914e+02,3.799999e+00,1.444000e-09,1.500000e-05
1.546104e+02,3.799999e+00,1.444000e-09,1.500000e-05
1.546294e+02,3.799999e+00,1.444000e-09,1.500000e-05
1.546484e+02,3.799999e+00,1.444000e-09,1.500000e-05
1.546674e+02,3.799999e+00,1.444000e-09,1.500000e-05
1.546864e+02,3.799999e+00,1.444000e-09,1.500000e-05
1.547054e+02,3.799999e+00,1.444000e-09,1.500000e-05
1.547244e+02,3.799999e+00,1.444000e-09,1.500000e-05
1.547434e+02,3.799999e+00,1.444000e-09,1.500000e-05
1.547624e+02,3.799999e+00,1.444000e-09,1.500000e-05
1.547814e+02,3.799999e+00,1.444000e-09,1.500000e-05
1.548004e+02,3.799999e+00,1.444000e-09,1.500000e-05
1.548194e+02,3.799999e+00,1.444000e-09,1.500000e-05
1.548384e+02,3.799999e+00,1.444000e-09,1.500000e-05
1.548574e+02,3.799999e+00,1.444000e-09,1.500000e-05
1.548764e+02,3.799999e+00,1.444000e-09,1.500000e-05
1.548954e+02,3.799999e+00,1.444000e-09,1.500000e-05
1.549144e+02,3.799999e+00,1.444000e-09,1.500000e-05
1.549334e+02,3.799999e+00,1.444000e-09,1.500000e-05
1.549524e+02,3.799999e+00,1.444000e-09,1.500000e-05
1.549714e+02,3.799999e+00,1.444000e-09,1.500000e-05
1.549904e+02,3.799999e+00,1.444000e-09,1.500000e-05
1.550094e+02,3.799999e+00,1.444000e-09,1.500000e-05
1.550284e+02,3.799999e+00,1.444000e-09,1.500000e-05
1.550474e+02,3.799999e+00,1.444000e-09,1.500000e-05
1.550664e+02,3.799999e+00,1.444000e-09,1.500000e-05
1.550854e+02,3.799999e+00,1.444000e-09,1.500000e-05
1.551044e+02,3.799999e+00,1.444000e-09,1.500000e-05
1.551234e+02,3.799999e+00,1.444000e-09,1.500000e-05
1.551424e+02,3.799999e+00,1.444000e-09,1.500000e-05
1.551614e+02,3.799999e+00,1.444000e-09,1.500000e-05
1.551804e+02,3.799999e+00,1.444000e-09,1.500000e-05
1.551994e+02,3.799999e+00,1.444000e-09,1.500000e-05
1.552184e+02,3.799999e+00,1.444000e-09,1.500000e-05
1.552374e+02,3.799999e+00,1.444000e-09,1.500000e-05
1.552564e+02,3.799999e+00,1.444000e-09,1.500000e-05
1.552754e+02,3.799999e+00,1.444000e-09,1.500000e-05
1.552944e+02,3.799999e+00,1.444000e-09,1.500000e-05
1.553134e+02,3.799999e+00,1.444000e-09,1.500000e-05
1.553324e+02,3.799999e+00,1.444000e-09,1.500000e-05
1.553514e+02,3.799999e+00,1.444000e-09,1.500000e-05
1.553704e+02,3.799999e+00,1.444000e-09,1.500000e-05
1.553894e+02,3.799999e+00,1.444000e-09,1.500000e-05
1.554084e+02,3.799999e+00,1.444000e-09,1.500000e-05
1.554274e+02,3.799999e+00,1.444000e-09,1.500000e-05
1.554464e+02,3.799999e+00,1.444000e-09,1.500000e-05
1.554654e+02,3.799999e+00,1.444000e-09,1.500000e-05
1.554844e+02,3.799999e+00,1.444000e-09,1.500000e-05
1.555034e+02,3.799999e+00,1.444000e-09,1.500000e-05
1.555224e+02,3.799999e+00,1.444000e-09,1.500000e-05
1.555414e+02,3.799999e+00,1.444000e-09,1.500000e-05
1.555604e+02,3.799999e+00,1.444000e-09,1.500000e-05
1.555794e+02,3.799999e+00,1.444000e-09,1.500000e-05
1.555984e+02,3.799999e+00,1.444000e-09,1.500000e-05
1.556174e+02,3.799999e+00,1.444000e-09,1.500000e-05
1.556364e+02,3.799999e+00,1.444000e-09,1.500000e-05
1.556554e+02,3.799999e+00,1.444000e-09,1.500000e-05
1.556744e+02,3.799999e+00,1.444000e-09,1.500000e-05
1.556934e+02,3.799999e+00,1.444000e-09,1.500000e-05
1.557124e+02,3.799999e+00,1.444000e-09,1.500000e-05
1.557314e+02,3.799999e+00,1.444000e-09,1.500000e-05
1.557504e+02,3.799999e+00,1.444000e-09,1.500000e-05
1.557694e+02,3.799999e+00,1.444000e-09,1.500000e-05
1.557884e+02,3.799999e+00,1.444000e-09,1.500000e-05
1.558074e+02,3.799999e+00,1.444000e-09,1.500000e-05
1.558264e+02,3.799999e+00,1.444000e-09,1.500000e-05
1.558454e+02,3.799999e+00,1.444000e-09,1.500000e-05
1.558644e+02,3.799999e+00,1.444000e-09,1.500000e-05
1.558834e+02,3.799999e+00,1.444000e-09,1.500000e-05
1.559024e+02,3.799999e+00,1.444000e-09,1.500000e-05
1.559214e+02,3.799999e+00,1.444000e-09,1.500000e-05
1.559404e+02,3.799999e+00,1.444000e-09,1.500000e-05
1.559594e+02,3.799999e+00,1.444000e-09,1.500000e-05
1.559784e+02,3.799999e+00,1.444000e-09,1.500000e-05
1.559974e+02,3.799999e+00,1.444000e-09,1.500000e-05
1.560164e+02,3.799999e+00,1.444000e-09,1.500000e-05
1.560354e+02,3.799999e+00,1.444000e-09,1.500000e-05
1.560544e+02,3.799999e+00,1.444000e-09,1.500000e-05
1.560734e+02,3.799999e+00,1.444000e-09,1.500000e-05
1.560924e+02,3.799999e+00,1.444000e-09,1.500000e-05
1.561114e+02,3.799999e+00,1.444000e-09,1.500000e-05
1.561304e+02,3.799999e+00,1.444000e-09,1.500000e-05
1.561494e+02,3.799999e+00,1.444000e-09,1.500000e-05
1.561684e+02,3.799999e+00,1.444000e-09,1.500000e-05
1.561874e+02,3.799999e+00,1.444000e-09,1.500000e-05
1.562064e+02,3.799999e+00,1.444000e-09,1.500000e-05
1.562254e+02,3.799999e+00,1.444000e-09,1.500000e-05
1.562444e+02,3.799999e+00,1.444000e-09,1.500000e-05
1.562634e+02,3.799999e+00,1.444000e-09,1.500000e-05
1.562824e+02,3.799999e+00,1.444000e-09,1.500000e-05
1.563014e+02,3.799999e+00,1.444000e-09,1.500000e-05
1.563204e+02,3.799999e+00,1.444000e-09,1.500000e-05
1.563394e+02,3.799999e+00,1.444000e-09,1.500000e-05
1.563584e+02,3.799999e+00,1.444000e-09,1.500000e-05
1.563774e+02,3.799999e+00,1.444000e-09,1.500000e-05
1.563964e+02,3.799999e+00,1.444000e-09,1.500000e-05
1.564154e+02,3.799999e+00,1.444000e-09,1.500000e-05
1.564344e+02,3.799999e+00,1.444000e-09,1.500000e-05
1.564534e+02,3.799999e+00,1.444000e-09,1.500000e-05
1.564724e+02,3.799999e+00,1.444000e-09,1.500000e-05
1.564914e+02,3.799999e+00,1.444000e-09,1.500000e-05
1.565104e+02,3.799999e+00,1.444000e-09,1.500000e-05
1.565294e+02,3.799999e+00,1.444000e-09,1.500000e-05
1.565484e+02,3.799999e+00,1.444000e-09,1.500000e-05
1.565674e+02,3.799999e+00,1.444000e-09,1.500000e-05
1.565864e+02,3.799999e+00,1.444000e-09,1.500000e-05
1.566054e+02,3.799999e+00,1.444000e-09,1.500000e-05
1.566244e+02,3.799999e+00,1.444000e-09,1.500000e-05
1.566434e+02,3.799999e+00,1.444000e-09,1.500000e-05
1.566624e+02,3.799999e+00,1.444000e-09,1.500000e-05
1.566814e+02,3.799999e+00,1.444000e-09,1.500000e-05
1.567004e+02,3.799999e+00,1.444000e-09,1.500000e-05
1.567194e+02,3.799999e+00,1.444000e-09,1.500000e-05
1.567384e+02,3.799999e+00,1.444000e-09,1.500000e-05
1.567574e+02,3.799999e+00,1.444000e-09,1.500000e-05
1.567764e+02,3.799999e+00,1.444000e-09,1.500000e-05
1.567954e+02,3.799999e+00,1.444000e-09,1.500000e-05
1.568144e+02,3.799999e+00,1.444000e-09,1.500000e-05
1.568334e+02,3.799999e+00,1.444000e-09,1.500000e-05
1.568524e+02,3.799999e+00,1.444000e-09,1.500000e-05
1.568714e+02,3.799999e+00,1.444000e-09,1.500000e-05
1.568904e+02,3.799999e+00,1.444000e-09,1.500000e-05
1.569094e+02,3.799999e+00,1.444000e-09,1.500000e-05
1.569284e+02,3.799999e+00,1.444000e-09,1.500000e-05
1.569474e+02,3.799999e+00,1.444000e-09,1.500000e-05
1.569664e+02,3.799999e+00,1.444000e-09,1.500000e-05
1.569854e+02,3.799999e+00,1.444000e-09,1.500000e-05
1.570044e+02,3.799999e+00,1.444000e-09,1.500000e-05
1.570234e+02,3.799999e+00,1.444000e-09,1.500000e-05
1.570424e+02,3.799999e+00,1.444000e-09,1.500000e-05
1.570614e+02,3.799999e+00,1.444000e-09,1.500000e-05
1.570804e+02,3.799999e+00,1.444000e-09,1.500000e-05
1.570994e+02,3.799999e+00,1.444000e-09,1.500000e-05
1.571184e+02,3.799999e+00,1.444000e-09,1.500000e-05
1.571374e+02,3.799999e+00,1.444000e-09,1.500000e-05
1.571564e+02,3.799999e+00,1.444000e-09,1.500000e-05
1.571754e+02,3.799999e+00,1.444000e-09,1.500000e-05
1.571944e+02,3.799999e+00,1.444000e-09,1.500000e-05
1.572134e+02,3.799999e+00,1.444000e-09,1.500000e-05
1.572324e+02,3.799999e+00,1.444000e-09,1.500000e-05
1.572514e+02,3.799999e+00,1.444000e-09,1.500000e-05
1.572704e+02,3.799999e+00,1.444000e-09,1.500000e-05
1.572894e+02,3.799999e+00,1.444000e-09,1.500000e-05
1.573084e+02,3.799999e+00,1.444000e-09,1.500000e-05
1.573274e+02,3.799999e+00,1.444000e-09,1.500000e-05
1.573464e+02,3.799999e+00,1.444000e-09,1.500000e-05
1.573654e+02,3.799999e+00,1.444000e-09,1.500000e-05
1.573844e+02,3.799999e+00,1.444000e-09,1.500000e-05
1.574034e+02,3.799999e+00,1.444000e-09,1.500000e-05
1.574224e+02,3.799999e+00,1.444000e-09,1.500000e-05
1.574414e+02,3.799999e+00,1.444000e-09,1.500000e-05
1.574604e+02,3.799999e+00,1.444000e-09,1.500000e-05
1.574794e+02,3.799999e+00,1.444000e-09,1.500000e-05
1.574984e+02,3.799999e+00,1.444000e-09,1.500000e-05
1.575174e+02,3.799999e+00,1.444000e-09,1.500000e-05
1.575364e+02,3.799999e+00,1.444000e-09,1.500000e-05
1.575554e+02,3.799999e+00,1.444000e-09,1.500000e-05
1.575744e+02,3.799999e+00,1.444000e-09,1.500000e-05
1.575934e+02,3.799999e+00,1.444000e-09,1.500000e-05
1.576124e+02,3.799999e+00,1.444000e-09,1.500000e-05
1.576314e+02,3.799999e+00,1.444000e-09,1.500000e-05
1.576504e+02,3.799999e+00,1.444000e-09,1.500000e-05
1.576694e+02,3.799999e+00,1.444000e-09,1.500000e-05
1.576884e+02,3.799999e+00,1.444000e-09,1.500000e-05
1.577074e+02,3.799999e+00,1.444000e-09,1.500000e-05
1.577264e+02,3.799999e+00,1.444000e-09,1.500000e-05
1.577454e+02,3.799999e+00,1.444000e-09,1.500000e-05
1.577644e+02,3.799999e+00,1.444000e-09,1.500000e-05
1.577834e+02,3.799999e+00,1.444000e-09,1.500000e-05
1.578024e+02,3.799999e+00,1.444000e-09,1.500000e-05
1.578214e+02,3.799999e+00,1.444000e-09,1.500000e-05
1.578404e+02,3.799999e+00,1.444000e-09,1.500000e-05
1.578594e+02,3.799999e+00,1.444000e-09,1.500000e-05
1.578784e+02,3.799999e+00,1.444000e-09,1.500000e-05
1.578974e+02,3.799999e+00,1.444000e-09,1.500000e-05
1.579164e+02,3.799999e+00,1.444000e-09,1.500000e-05
1.579354e+02,3.799999e+00,1.444000e-09,1.500000e-05
1.579544e+02,3.799999e+00,1.444000e-09,1.500000e-05
1.579734e+02,3.799999e+00,1.444000e-09,1.500000e-05
1.579924e+02,3.799999e+00,1.444000e-09,1.500000e-05
1.580114e+02,3.799999e+00,1.444000e-09,1.500000e-05
1.580304e+02,3.799999e+00,1.444000e-09,1.500000e-05
1.580494e+02,3.799999e+00,1.444000e-09,1.500000e-05
1.580684e+02,3.799999e+00,1.444000e-09,1.500000e-05
1.580874e+02,3.799999e+00,1.444000e-09,1.500000e-05
1.581064e+02,3.799999e+00,1.444000e-09,1.500000e-05
1.581254e+02,3.799999e+00,1.444000e-09,1.500000e-05
1.581444e+02,3.799999e+00,1.444000e-09,1.500000e-05
1.581634e+02,3.799999e+00,1.444000e-09,1.500000e-05
1.581824e+02,3.799999e+00,1.444000e-09,1.500000e-05
1.582014e+02,3.799999e+00,1.444000e-09,1.500000e-05
1.582204e+02,3.799999e+00,1.444000e-09,1.500000e-05
1.582394e+02,3.799999e+00,1.444000e-09,1.500000e-05
1.582584e+02,3.799999e+00,1.444000e-09,1.500000e-05
1.582774e+02,3.799999e+00,1.444000e-09,1.500000e-05
1.582964e+02,3.799999e+00,1.444000e-09,1.500000e-05
1.583154e+02,3.799999e+00,1.444000e-09,1.500000e-05
1.583344e+02,3.799999e+00,1.444000e-09,1.500000e-05
1.583534e+02,3.799999e+00,1.444000e-09,1.500000e-05
1.583724e+02,3.799999e+00,1.444000e-09,1.500000e-05
1.583914e+02,3.799999e+00,1.444000e-09,1.500000e-05
1.584104e+02,3.799999e+00,1.444000e-09,1.500000e-05
1.584294e+02,3.799999e+00,1.444000e-09,1.500000e-05
1.584484e+02,3.799999e+00,1.444000e-09,1.500000e-05
1.584674e+02,3.799999e+00,1.444000e-09,1.500000e-05
1.584864e+02,3.799999e+00,1.444000e-09,1.500000e-05
1.585054e+02,3.799999e+00,1.444000e-09,1.500000e-05
1.585244e+02,3.799999e+00,1.444000e-09,1.500000e-05
1.585434e+02,3.799999e+00,1.444000e-09,1.500000e-05
1.585624e+02,3.799999e+00,1.444000e-09,1.500000e-05
1.585814e+02,3.799999e+00,1.444000e-09,1.500000e-05
1.586004e+02,3.799999e+00,1.444000e-09,1.500000e-05
1.586194e+02,3.799999e+00,1.444000e-09,1.500000e-05
1.586384e+02,3.799999e+00,1.444000e-09,1.500000e-05
1.586574e+02,3.799999e+00,1.444000e-09,1.500000e-05
1.586764e+02,3.799999e+00,1.444000e-09,1.500000e-05
1.586954e+02,3.799999e+00,1.444000e-09,1.500000e-05
1.587144e+02,3.799999e+00,1.444000e-09,1.500000e-05
1.587334e+02,3.799999e+00,1.444000e-09,1.500000e-05
1.587524e+02,3.799999e+00,1.444000e-09,1.500000e-05
1.587714e+02,3.799999e+00,1.444000e-09,1.500000e-05
1.587904e+02,3.799999e+00,1.444000e-09,1.500000e-05
1.588094e+02,3.799999e+00,1.444000e-09,1.500000e-05
1.588284e+02,3.799999e+00,1.444000e-09,1.500000e-05
1.588474e+02,3.799999e+00,1.444000e-09,1.500000e-05
1.588664e+02,3.799999e+00,1.444000e-09,1.500000e-05
1.588854e+02,3.799999e+00,1.444000e-09,1.500000e-05
1.589044e+02,3.799999e+00,1.444000e-09,1.500000e-05
1.589234e+02,3.799999e+00,1.444000e-09,1.500000e-05
1.589424e+02,3.799999e+00,1.444000e-09,1.500000e-05
1.589614e+02,3.799999e+00,1.444000e-09,1.500000e-05
1.589804e+02,3.799999e+00,1.444000e-09,1.500000e-05
1.589994e+02,3.799999e+00,1.444000e-09,1.500000e-05
1.590184e+02,3.799999e+00,1.444000e-09,1.500000e-05
1.590374e+02,3.799999e+00,1.444000e-09,1.500000e-05
1.590564e+02,3.799999e+00,1.444000e-09,1.500000e-05
1.590754e+02,3.799999e+00,1.444000e-09,1.500000e-05
1.590944e+02,3.799999e+00,1.444000e-09,1.500000e-05
1.591134e+02,3.799999e+00,1.444000e-09,1.500000e-05
1.591324e+02,3.799999e+00,1.444000e-09,1.500000e-05
1.591514e+02,3.799999e+00,1.444000e-09,1.500000e-05
1.591704e+02,3.799999e+00,1.444000e-09,1.500000e-05
1.591894e+02,3.799999e+00,1.444000e-09,1.500000e-05
1.592084e+02,3.799999e+00,1.444000e-09,1.500000e-05
1.592274e+02,3.799999e+00,1.444000e-09,1.500000e-05
1.592464e+02,3.799999e+00,1.444000e-09,1.500000e-05
1.592654e+02,3.799999e+00,1.444000e-09,1.500000e-05
1.592844e+02,3.799999e+00,1.444000e-09,1.500000e-05
1.593034e+02,3.799999e+00,1.444000e-09,1.500000e-05
1.593224e+02,3.799999e+00,1.444000e-09,1.500000e-05
1.593414e+02,3.799999e+00,1.444000e-09,1.500000e-05
1.593604e+02,3.799999e+00,1.444000e-09,1.500000e-05
1.593794e+02,3.799999e+00,1.444000e-09,1.500000e-05
1.593984e+02,3.799999e+00,1.444000e-09,1.500000e-05
1.594174e+02,3.799999e+00,1.444000e-09,1.500000e-05
1.594364e+02,3.799999e+00,1.444000e-09,1.500000e-05
1.594554e+02,3.799999e+00,1.444000e-09,1.500000e-05
1.594744e+02,3.799999e+00,1.444000e-09,1.500000e-05
1.594934e+02,3.799999e+00,1.444000e-09,1.500000e-05
1.595124e+02,3.799999e+00,1.444000e-09,1.500000e-05
1.595314e+02,3.799999e+00,1.444000e-09,1.500000e-05
1.595504e+02,3.799999e+00,1.444000e-09,1.500000e-05
1.595694e+02,3.799999e+00,1.444000e-09,1.500000e-05
1.595884e+02,3.799999e+00,1.444000e-09,1.500000e-05
1.596074e+02,3.799999e+00,1.444000e-09,1.500000e-05
1.596264e+02,3.799999e+00,1.444000e-09,1.500000e-05
1.596454e+02,3.799999e+00,1.444000e-09,1.500000e-05
1.596644e+02,3.799999e+00,1.444000e-09,1.500000e-05
1.596834e+02,3.799999e+00,1.444000e-09,1.500000e-05
1.597024e+02,3.799999e+00,1.444000e-09,1.500000e-05
1.597214e+02,3.799999e+00,1.444000e-09,1.500000e-05
1.597404e+02,3.799999e+00,1.444000e-09,1.500000e-05
1.597594e+02,3.799999e+00,1.444000e-09,1.500000e-05
1.597784e+02,3.799999e+00,1.444000e-09,1.500000e-05
1.597974e+02,3.799999e+00,1.444000e-09,1.500000e-05
1.598164e+02,3.799999e+00,1.444000e-09,1.500000e-05
1.598354e+02,3.799999e+00,1.444000e-09,1.500000e-05
1.598544e+02,3.799999e+00,1.444000e-09,1.500000e-05
1.598734e+02,3.799999e+00,1.444000e-09,1.500000e-05
1.598924e+02,3.799999e+00,1.444000e-09,1.500000e-05
1.599114e+02,3.799999e+00,1.444000e-09,1.500000e-05
1.599304e+02,3.799999e+00,1.444000e-09,1.500000e-05
1.599494e+02,3.799999e+00,1.444000e-09,1.500000e-05
1.599684e+02,3.799999e+00,1.444000e-09,1.500000e-05
1.599874e+02,3.799999e+00,1.444000e-09,1.500000e-05
1.600064e+02,3.799999e+00,1.444000e-09,1.500000e-05
1.600254e+02,3.799999e+00,1.444000e-09,1.500000e-05
1.600444e+02,3.799999e+00,1.444000e-09,1.500000e-05
1.600634e+02,3.799999e+00,1.444000e-09,1.500000e-05
1.600824e+02,3.799999e+00,1.444000e-09,1.500000e-05
1.601014e+02,3.799999e+00,1.444000e-09,1.500000e-05
1.601204e+02,3.799999e+00,1.444000e-09,1.500000e-05
1.601394e+02,3.799999e+00,1.444000e-09,1.500000e-05
1.601584e+02,3.799999e+00,1.444000e-09,1.500000e-05
1.601774e+02,3.799999e+00,1.444000e-09,1.500000e-05
1.601964e+02,3.799999e+00,1.444000e-09,1.500000e-05
1.602154e+02,3.799999e+00,1.444000e-09,1.500000e-05
1.602344e+02,3.799999e+00,1.444000e-09,1.500000e-05
1.602534e+02,3.799999e+00,1.444000e-09,1.500000e-05
1.602724e+02,3.799999e+00,1.444000e-09,1.500000e-05
1.602914e+02,3.799999e+00,1.444000e-09,1.500000e-05
1.603104e+02,3.799999e+00,1.444000e-09,1.500000e-05
1.603294e+02,3.799999e+00,1.444000e-09,1.500000e-05
1.603484e+02,3.799999e+00,1.444000e-09,1.500000e-05
1.603674e+02,3.799999e+00,1.444000e-09,1.500000e-05
1.603864e+02,3.799999e+00,1.444000e-09,1.500000e-05
1.604054e+02,3.799999e+00,1.444000e-09,1.500000e-05
1.604244e+02,3.799999e+00,1.444000e-09,1.500000e-05
1.604434e+02,3.799999e+00,1.444000e-09,1.500000e-05
1.604624e+02,3.799999e+00,1.444000e-09,1.500000e-05
1.604814e+02,3.799999e+00,1.444000e-09,1.500000e-05
1.605004e+02,3.799999e+00,1.444000e-09,1.500000e-05
1.605194e+02,3.799999e+00,1.444000e-09,1.500000e-05
1.605384e+02,3.799999e+00,1.444000e-09,1.500000e-05
1.605574e+02,3.799999e+00,1.444000e-09,1.500000e-05
1.605764e+02,3.799999e+00,1.444000e-09,1.500000e-05
1.605954e+02,3.799999e+00,1.444000e-09,1.500000e-05
1.606144e+02,3.799999e+00,1.444000e-09,1.500000e-05
1.606334e+02,3.799999e+00,1.444000e-09,1.500000e-05
1.606524e+02,3.799999e+00,1.444000e-09,1.500000e-05
1.606714e+02,3.799999e+00,1.444000e-09,1.500000e-05
1.606904e+02,3.799999e+00,1.444000e-09,1.500000e-05
1.607094e+02,3.799999e+00,1.444000e-09,1.500000e-05
1.607284e+02,3.799999e+00,1.444000e-09,1.500000e-05
1.607474e+02,3.799999e+00,1.444000e-09,1.500000e-05
1.607664e+02,3.799999e+00,1.444000e-09,1.500000e-05
1.607854e+02,3.799999e+00,1.444000e-09,1.500000e-05
1.608044e+02,3.799999e+00,1.444000e-09,1.500000e-05
1.608234e+02,3.799999e+00,1.444000e-09,1.500000e-05
1.608424e+02,3.799999e+00,1.444000e-09,1.500000e-05
1.608614e+02,3.799999e+00,1.444000e-09,1.500000e-05
1.608804e+02,3.799999e+00,1.444000e-09,1.500000e-05
1.608994e+02,3.799999e+00,1.444000e-09,1.500000e-05
1.609184e+02,3.799999e+00,1.444000e-09,1.500000e-05
1.609374e+02,3.799999e+00,1.444000e-09,1.500000e-05
1.609564e+02,3.799999e+00,1.444000e-09,1.500000e-05
1.609754e+02,3.799999e+00,1.444000e-09,1.500000e-05
1.609944e+02,3.799999e+00,1.444000e-09,1.500000e-05
1.610134e+02,3.799999e+00,1.444000e-09,1.500000e-05
1.610324e+02,3.799999e+00,1.444000e-09,1.500000e-05
1.610514e+02,3.799999e+00,1.444000e-09,1.500000e-05
1.610704e+02,3.799999e+00,1.444000e-09,1.500000e-05
1.610894e+02,3.799999e+00,1.444000e-09,1.500000e-05
1.611084e+02,3.799999e+00,1.444000e-09,1.500000e-05
1.611274e+02,3.799999e+00,1.444000e-09,1.500000e-05
1.611464e+02,3.799999e+00,1.444000e-09,1.500000e-05
1.611654e+02,3.799999e+00,1.444000e-09,1.500000e-05
1.611844e+02,3.799999e+00,1.444000e-09,1.500000e-05
1.612034e+02,3.799999e+00,1.444000e-09,1.500000e-05
1.612224e+02,3.799999e+00,1.444000e-09,1.500000e-05
1.612414e+02,3.799999e+00,1.444000e-09,1.500000e-05
1.612604e+02,3.799999e+00,1.444000e-09,1.500000e-05
1.612794e+02,3.799999e+00,1.444000e-09,1.500000e-05
1.612984e+02,3.799999e+00,1.444000e-09,1.500000e-05
1.613174e+02,3.799999e+00,1.444000e-09,1.500000e-05
1.613364e+02,3.799999e+00,1.444000e-09,1.500000e-05
1.613554e+02,3.799999e+00,1.444000e-09,1.500000e-05
1.613744e+02,3.799999e+00,1.444000e-09,1.500000e-05
1.613934e+02,3.799999e+00,1.444000e-09,1.500000e-05
1.614124e+02,3.799999e+00,1.444000e-09,1.500000e-05
1.614314e+02,3.799999e+00,1.444000e-09,1.500000e-05
1.614504e+02,3.799999e+00,1.444000e-09,1.500000e-05
1.614694e+02,3.799999e+00,1.444000e-09,1.500000e-05
1.614884e+02,3.799999e+00,1.444000e-09,1.500000e-05
1.615074e+02,3.799999e+00,1.444000e-09,1.500000e-05
1.615264e+02,3.799999e+00,1.444000e-09,1.500000e-05
1.615454e+02,3.799999e+00,1.444000e-09,1.500000e-05
1.615644e+02,3.799999e+00,1.444000e-09,1.500000e-05
1.615834e+02,3.799999e+00,1.444000e-09,1.500000e-05
1.616024e+02,3.799999e+00,1.444000e-09,1.500000e-05
1.616214e+02,3.799999e+00,1.444000e-09,1.500000e-05
1.616404e+02,3.799999e+00,1.444000e-09,1.500000e-05
1.616594e+02,3.799999e+00,1.444000e-09,1.500000e-05
1.616784e+02,3.799999e+00,1.444000e-09,1.500000e-05
1.616974e+02,3.799999e+00,1.444000e-09,1.500000e-05
1.617164e+02,3.799999e+00,1.444000e-09,1.500000e-05
1.617354e+02,3.799999e+00,1.444000e-09,1.500000e-05
1.617544e+02,3.799999e+00,1.444000e-09,1.500000e-05
1.617734e+02,3.799999e+00,1.444000e-09,1.500000e-05
1.617924e+02,3.799999e+00,1.444000e-09,1.500000e-05
1.618114e+02,3.799999e+00,1.444000e-09,1.500000e-05
1.618304e+02,3.799999e+00,1.444000e-09,1.500000e-05
1.618494e+02,3.799999e+00,1.444000e-09,1.500000e-05
1.618684e+02,3.799999e+00,1.444000e-09,1.500000e-05
1.618874e+02,3.799999e+00,1.444000e-09,1.500000e-05
1.619064e+02,3.799999e+00,1.444000e-09,1.500000e-05
1.619254e+02,3.799999e+00,1.444000e-09,1.500000e-05
1.619444e+02,3.799999e+00,1.444000e-09,1.500000e-05
1.619634e+02,3.799999e+00,1.444000e-09,1.500000e-05
1.619824e+02,3.799999e+00,1.444000e-09,1.500000e-05
1.620014e+02,3.799999e+00,1.444000e-09,1.500000e-05
1.620204e+02,3.799999e+00,1.444000e-09,1.500000e-05
1.620394e+02,3.799999e+00,1.444000e-09,1.500000e-05
1.620584e+02,3.799999e+00,1.444000e-09,1.500000e-05
1.620774e+02,3.799999e+00,1.444000e-09,1.500000e-05
1.620964e+02,3.799999e+00,1.444000e-09,1.500000e-05
1.621154e+02,3.799999e+00,1.444000e-09,1.500000e-05
1.621344e+02,3.799999e+00,1.444000e-09,1.500000e-05
1.621534e+02,3.799999e+00,1.444000e-09,1.500000e-05
1.621724e+02,3.799999e+00,1.444000e-09,1.500000e-05
1.621914e+02,3.799999e+00,1.444000e-09,1.500000e-05
1.622104e+02,3.799999e+00,1.444000e-09,1.500000e-05
1.622294e+02,3.799999e+00,1.444000e-09,1.500000e-05
1.622484e+02,3.799999e+00,1.444000e-09,1.500000e-05
1.622674e+02,3.799999e+00,1.444000e-09,1.500000e-05
1.622864e+02,3.799999e+00,1.444000e-09,1.500000e-05
1.623054e+02,3.799999e+00,1.444000e-09,1.500000e-05
1.623244e+02,3.799999e+00,1.444000e-09,1.500000e-05
1.623434e+02,3.799999e+00,1.444000e-09,1.500000e-05
1.623624e+02,3.799999e+00,1.444000e-09,1.500000e-05
1.623814e+02,3.799999e+00,1.444000e-09,1.500000e-05
1.624004e+02,3.799999e+00,1.444000e-09,1.500000e-05
1.624194e+02,3.799999e+00,1.444000e-09,1.500000e-05
1.624384e+02,3.799999e+00,1.444000e-09,1.500000e-05
1.624574e+02,3.799999e+00,1.444000e-09,1.500000e-05
1.624764e+02,3.799999e+00,1.444000e-09,1.500000e-05
1.624954e+02,3.799999e+00,1.444000e-09,1.500000e-05
1.625144e+02,3.799999e+00,1.444000e-09,1.500000e-05
1.625334e+02,3.799999e+00,1.444000e-09,1.500000e-05
1.625524e+02,3.799999e+00,1.444000e-09,1.500000e-05
1.625714e+02,3.799999e+00,1.444000e-09,1.500000e-05
1.625904e+02,3.799999e+00,1.444000e-09,1.500000e-05
1.626094e+02,3.799999e+00,1.444000e-09,1.500000e-05
1.626284e+02,3.799999e+00,1.444000e-09,1.500000e-05
1.626474e+02,3.799999e+00,1.444000e-09,1.500000e-05
1.626664e+02,3.799999e+00,1.444000e-09,1.500000e-05
1.626854e+02,3.799999e+00,1.444000e-09,1.500000e-05
1.627044e+02,3.799999e+00,1.444000e-09,1.500000e-05
1.627234e+02,3.799999e+00,1.444000e-09,1.500000e-05
1.627424e+02,3.799999e+00,1.444000e-09,1.500000e-05
1.627614e+02,3.799999e+00,1.444000e-09,1.500000e-05
1.627804e+02,3.799999e+00,1.444000e-09,1.500000e-05
1.627994e+02,3.799999e+00,1.444000e-09,1.500000e-05
1.628184e+02,3.799999e+00,1.444000e-09,1.500000e-05
1.628374e+02,3.799999e+00,1.444000e-09,1.500000e-05
1.628564e+02,3.799999e+00,1.444000e-09,1.500000e-05
1.628754e+02,3.799999e+00,1.444000e-09,1.500000e-05
1.628944e+02,3.799999e+00,1.444000e-09,1.500000e-05
1.629134e+02,3.799999e+00,1.444000e-09,1.500000e-05
1.629324e+02,3.799999e+00,1.444000e-09,1.500000e-05
1.629514e+02,3.799999e+00,1.444000e-09,1.500000e-05
1.629704e+02,3.799999e+00,1.444000e-09,1.500000e-05
1.629894e+02,3.799999e+00,1.444000e-09,1.500000e-05
1.630084e+02,3.799999e+00,1.444000e-09,1.500000e-05
1.630274e+02,3.799999e+00,1.444000e-09,1.500000e-05
1.630464e+02,3.799999e+00,1.444000e-09,1.500000e-05
1.630654e+02,3.799999e+00,1.444000e-09,1.500000e-05
1.630844e+02,3.799999e+00,1.444000e-09,1.500000e-05
1.631034e+02,3.799999e+00,1.444000e-09,1.500000e-05
1.631224e+02,3.799999e+00,1.444000e-09,1.500000e-05
1.631414e+02,3.799999e+00,1.444000e-09,1.500000e-05
1.631604e+02,3.799999e+00,1.444000e-09,1.500000e-05
1.631794e+02,3.799999e+00,1.444000e-09,1.500000e-05
1.631984e+02,3.799999e+00,1.444000e-09,1.500000e-05
1.632174e+02,3.799999e+00,1.444000e-09,1.500000e-05
1.632364e+02,3.799999e+00,1.444000e-09,1.500000e-05
1.632554e+02,3.799999e+00,1.444000e-09,1.500000e-05
1.632744e+02,3.799999e+00,1.444000e-09,1.500000e-05
1.632934e+02,3.799999e+00,1.444000e-09,1.500000e-05
1.633124e+02,3.799999e+00,1.444000e-09,1.500000e-05
1.633314e+02,3.799999e+00,1.444000e-09,1.500000e-05
1.633504e+02,3.799999e+00,1.444000e-09,1.500000e-05
1.633694e+02,3.799999e+00,1.444000e-09,1.500000e-05
1.633884e+02,3.799999e+00,1.444000e-09,1.500000e-05
1.634074e+02,3.799999e+00,1.444000e-09,1.500000e-05
1.634264e+02,3.799999e+00,1.444000e-09,1.500000e-05
1.634454e+02,3.799999e+00,1.444000e-09,1.500000e-05
1.634644e+02,3.799999e+00,1.444000e-09,1.500000e-05
1.634834e+02,3.799999e+00,1.444000e-09,1.500000e-05
1.635024e+02,3.799999e+00,1.444000e-09,1.500000e-05
1.635214e+02,3.799999e+00,1.444000e-09,1.500000e-05
1.635404e+02,3.799999e+00,1.444000e-09,1.500000e-05
1.635594e+02,3.799999e+00,1.444000e-09,1.500000e-05
1.635784e+02,3.799999e+00,1.444000e-09,1.500000e-05
1.635974e+02,3.799999e+00,1.444000e-09,1.500000e-05
1.636164e+02,3.799999e+00,1.444000e-09,1.500000e-05
1.636354e+02,3.799999e+00,1.444000e-09,1.500000e-05
1.636544e+02,3.799999e+00,1.444000e-09,1.500000e-05
1.636734e+02,3.799999e+00,1.444000e-09,1.500000e-05
1.636924e+02,3.799999e+00,1.444000e-09,1.500000e-05
1.637114e+02,3.799999e+00,1.444000e-09,1.500000e-05
1.637304e+02,3.799999e+00,1.444000e-09,1.500000e-05
1.637494e+02,3.799999e+00,1.444000e-09,1.500000e-05
1.637684e+02,3.799999e+00,1.444000e-09,1.500000e-05
1.637874e+02,3.799999e+00,1.444000e-09,1.500000e-05
1.638064e+02,3.799999e+00,1.444000e-09,1.500000e-05
1.638254e+02,3.799999e+00,1.444000e-09,1.500000e-05
1.638444e+02,3.799999e+00,1.444000e-09,1.500000e-05
1.638634e+02,3.799999e+00,1.444000e-09,1.500000e-05
1.638824e+02,3.799999e+00,1.444000e-09,1.500000e-05
1.639014e+02,3.799999e+00,1.444000e-09,1.500000e-05
1.639204e+02,3.799999e+00,1.444000e-09,1.500000e-05
1.639394e+02,3.799999e+00,1.444000e-09,1.500000e-05
1.639584e+02,3.799999e+00,1.444000e-09,1.500000e-05
1.639774e+02,3.799999e+00,1.444000e-09,1.500000e-05
1.639964e+02,3.799999e+00,1.444000e-09,1.500000e-05
1.640154e+02,3.799999e+00,1.444000e-09,1.500000e-05
1.640344e+02,3.799999e+00,1.444000e-09,1.500000e-05
1.640534e+02,3.799999e+00,1.444000e-09,1.500000e-05
1.640724e+02,3.799999e+00,1.444000e-09,1.500000e-05
1.640914e+02,3.799999e+00,1.444000e-09,1.500000e-05
1.641104e+02,3.799999e+00,1.444000e-09,1.500000e-05
1.641294e+02,3.799999e+00,1.444000e-09,1.500000e-05
1.641484e+02,3.799999e+00,1.444000e-09,1.500000e-05
1.641674e+02,3.799999e+00,1.444000e-09,1.500000e-05
1.641864e+02,3.799999e+00,1.444000e-09,1.500000e-05
1.642054e+02,3.799999e+00,1.444000e-09,1.500000e-05
1.642244e+02,3.799999e+00,1.444000e-09,1.500000e-05
1.642434e+02,3.799999e+00,1.444000e-09,1.500000e-05
1.642624e+02,3.799999e+00,1.444000e-09,1.500000e-05
1.642814e+02,3.799999e+00,1.444000e-09,1.500000e-05
1.643004e+02,3.799999e+00,1.444000e-09,1.500000e-05
1.643194e+02,3.799999e+00,1.444000e-09,1.500000e-05
1.643384e+02,3.799999e+00,1.444000e-09,1.500000e-05
1.643574e+02,3.799999e+00,1.444000e-09,1.500000e-05
1.643764e+02,3.799999e+00,1.444000e-09,1.500000e-05
1.643954e+02,3.799999e+00,1.444000e-09,1.500000e-05
1.644144e+02,3.799999e+00,1.444000e-09,1.500000e-05
1.644334e+02,3.799999e+00,1.444000e-09,1.500000e-05
1.644524e+02,3.799999e+00,1.444000e-09,1.500000e-05
1.644714e+02,3.799999e+00,1.444000e-09,1.500000e-05
1.644904e+02,3.799999e+00,1.444000e-09,1.500000e-05
1.645094e+02,3.799999e+00,1.444000e-09,1.500000e-05
1.645284e+02,3.799999e+00,1.444000e-09,1.500000e-05
1.645474e+02,3.799999e+00,1.444000e-09,1.500000e-05
1.645664e+02,3.799999e+00,1.444000e-09,1.500000e-05
1.645854e+02,3.799999e+00,1.444000e-09,1.500000e-05
1.646044e+02,3.799999e+00,1.444000e-09,1.500000e-05
1.646234e+02,3.799999e+00,1.444000e-09,1.500000e-05
1.646424e+02,3.799999e+00,1.444000e-09,1.500000e-05
1.646614e+02,3.799999e+00,1.444000e-09,1.500000e-05
1.646804e+02,3.799999e+00,1.444000e-09,1.500000e-05
1.646994e+02,3.799999e+00,1.444000e-09,1.500000e-05
1.647184e+02,3.799999e+00,1.444000e-09,1.500000e-05
1.647374e+02,3.799999e+00,1.444000e-09,1.500000e-05
1.647564e+02,3.799999e+00,1.444000e-09,1.500000e-05
1.647754e+02,3.799999e+00,1.444000e-09,1.500000e-05
1.647944e+02,3.799999e+00,1.444000e-09,1.500000e-05
1.648134e+02,3.799999e+00,1.444000e-09,1.500000e-05
1.648324e+02,3.799999e+00,1.444000e-09,1.500000e-05
1.648514e+02,3.799999e+00,1.444000e-09,1.500000e-05
1.648704e+02,3.799999e+00,1.444000e-09,1.500000e-05
1.648894e+02,3.799999e+00,1.444000e-09,1.500000e-05
1.649084e+02,3.799999e+00,1.444000e-09,1.500000e-05
1.649274e+02,3.799999e+00,1.444000e-09,1.500000e-05
1.649464e+02,3.799999e+00,1.444000e-09,1.500000e-05
1.649654e+02,3.799999e+00,1.444000e-09,1.500000e-05
1.649844e+02,3.799999e+00,1.444000e-09,1.500000e-05
1.650034e+02,3.799999e+00,1.444000e-09,1.500000e-05
1.650224e+02,3.799999e+00,1.444000e-09,1.500000e-05
1.650414e+02,3.799999e+00,1.444000e-09,1.500000e-05
1.650604e+02,3.799999e+00,1.444000e-09,1.500000e-05
1.650794e+02,3.799999e+00,1.444000e-09,1.500000e-05
1.650984e+02,3.799999e+00,1.444000e-09,1.500000e-05
1.651174e+02,3.799999e+00,1.444000e-09,1.500000e-05
1.651364e+02,3.799999e+00,1.444000e-09,1.500000e-05
1.651554e+02,3.799999e+00,1.444000e-09,1.500000e-05
1.651744e+02,3.799999e+00,1.444000e-09,1.500000e-05
1.651934e+02,3.799999e+00,1.444000e-09,1.500000e-05
1.652124e+02,3.799999e+00,1.444000e-09,1.500000e-05
1.652314e+02,3.799999e+00,1.444000e-09,1.500000e-05
1.652504e+02,3.799999e+00,1.444000e-09,1.500000e-05
1.652694e+02,3.799999e+00,1.444000e-09,1.500000e-05
1.652884e+02,3.799999e+00,1.444000e-09,1.500000e-05
1.653074e+02,3.799999e+00,1.444000e-09,1.500000e-05
1.653264e+02,3.799999e+00,1.444000e-09,1.500000e-05
1.653454e+02,3.799999e+00,1.444000e-09,1.500000e-05
1.653644e+02,3.799999e+00,1.444000e-09,1.500000e-05
1.653834e+02,3.799999e+00,1.444000e-09,1.500000e-05
1.654024e+02,3.799999e+00,1.444000e-09,1.500000e-05
1.654214e+02,3.799999e+00,1.444000e-09,1.500000e-05
1.654404e+02,3.799999e+00,1.444000e-09,1.500000e-05
1.654594e+02,3.799999e+00,1.444000e-09,1.500000e-05
1.654784e+02,3.799999e+00,1.444000e-09,1.500000e-05
1.654974e+02,3.799999e+00,1.444000e-09,1.500000e-05
1.655164e+02,3.799999e+00,1.444000e-09,1.500000e-05
1.655354e+02,3.799999e+00,1.444000e-09,1.500000e-05
1.655544e+02,3.799999e+00,1.444000e-09,1.500000e-05
1.655734e+02,3.799999e+00,1.444000e-09,1.500000e-05
1.655924e+02,3.799999e+00,1.444000e-09,1.500000e-05
1.656114e+02,3.799999e+00,1.444000e-09,1.500000e-05
1.656304e+02,3.799999e+00,1.444000e-09,1.500000e-05
1.656494e+02,3.799999e+00,1.444000e-09,1.500000e-05
1.656684e+02,3.799999e+00,1.444000e-09,1.500000e-05
1.656874e+02,3.799999e+00,1.444000e-09,1.500000e-05
1.657064e+02,3.799999e+00,1.444000e-09,1.500000e-05
1.657254e+02,3.799999e+00,1.444000e-09,1.500000e-05
1.657444e+02,3.799999e+00,1.444000e-09,1.500000e-05
1.657634e+02,3.799999e+00,1.444000e-09,1.500000e-05
1.657824e+02,3.799999e+00,1.444000e-09,1.500000e-05
1.658014e+02,3.799999e+00,1.444000e-09,1.500000e-05
1.658204e+02,3.799999e+00,1.444000e-09,1.500000e-05
1.658394e+02,3.799999e+00,1.444000e-09,1.500000e-05
1.658584e+02,3.799999e+00,1.444000e-09,1.500000e-05
1.658774e+02,3.799999e+00,1.444000e-09,1.500000e-05
1.658964e+02,3.799999e+00,1.444000e-09,1.500000e-05
1.659154e+02,3.799999e+00,1.444000e-09,1.500000e-05
1.659344e+02,3.799999e+00,1.444000e-09,1.500000e-05
1.659534e+02,3.799999e+00,1.444000e-09,1.500000e-05
1.659724e+02,3.799999e+00,1.444000e-09,1.500000e-05
1.659914e+02,3.799999e+00,1.444000e-09,1.500000e-05
1.660104e+02,3.799999e+00,1.444000e-09,1.500000e-05
1.660294e+02,3.799999e+00,1.444000e-09,1.500000e-05
1.660484e+02,3.799999e+00,1.444000e-09,1.500000e-05
1.660674e+02,3.799999e+00,1.444000e-09,1.500000e-05
1.660864e+02,3.799999e+00,1.444000e-09,1.500000e-05
1.661054e+02,3.799999e+00,1.444000e-09,1.500000e-05
1.661244e+02,3.799999e+00,1.444000e-09,1.500000e-05
1.661434e+02,3.799999e+00,1.444000e-09,1.500000e-05
1.661624e+02,3.799999e+00,1.444000e-09,1.500000e-05
1.661814e+02,3.799999e+00,1.444000e-09,1.500000e-05
1.662004e+02,3.799999e+00,1.444000e-09,1.500000e-05
1.662194e+02,3.799999e+00,1.444000e-09,1.500000e-05
1.662384e+02,3.799999e+00,1.444000e-09,1.500000e-05
1.662574e+02,3.799999e+00,1.444000e-09,1.500000e-05
1.662764e+02,3.799999e+00,1.444000e-09,1.500000e-05
1.662954e+02,3.799999e+00,1.444000e-09,1.500000e-05
1.663144e+02,3.799999e+00,1.444000e-09,1.500000e-05
1.663334e+02,3.799999e+00,1.444000e-09,1.500000e-05
1.663524e+02,3.799999e+00,1.444000e-09,1.500000e-05
1.663714e+02,3.799999e+00,1.444000e-09,1.500000e-05
1.663904e+02,3.799999e+00,1.444000e-09,1.500000e-05
1.664094e+02,3.799999e+00,1.444000e-09,1.500000e-05
1.664284e+02,3.799999e+00,1.444000e-09,1.500000e-05
1.664474e+02,3.799999e+00,1.444000e-09,1.500000e-05
1.664664e+02,3.799999e+00,1.444000e-09,1.500000e-05
1.664854e+02,3.799999e+00,1.444000e-09,1.500000e-05
1.665044e+02,3.799999e+00,1.444000e-09,1.500000e-05
1.665234e+02,3.799999e+00,1.444000e-09,1.500000e-05
1.665424e+02,3.799999e+00,1.444000e-09,1.500000e-05
1.665614e+02,3.799999e+00,1.444000e-09,1.500000e-05
1.665804e+02,3.799999e+00,1.444000e-09,1.500000e-05
1.665994e+02,3.799999e+00,1.444000e-09,1.500000e-05
1.666184e+02,3.799999e+00,1.444000e-09,1.500000e-05
1.666374e+02,3.799999e+00,1.444000e-09,1.500000e-05
1.666564e+02,3.799999e+00,1.444000e-09,1.500000e-05
1.666754e+02,3.799999e+00,1.444000e-09,1.500000e-05
1.666944e+02,3.799999e+00,1.444000e-09,1.500000e-05
1.667134e+02,3.799999e+00,1.444000e-09,1.500000e-05
1.667324e+02,3.799999e+00,1.444000e-09,1.500000e-05
1.667514e+02,3.799999e+00,1.444000e-09,1.500000e-05
1.667704e+02,3.799999e+00,1.444000e-09,1.500000e-05
1.667894e+02,3.799999e+00,1.444000e-09,1.500000e-05
1.668084e+02,3.799999e+00,1.444000e-09,1.500000e-05
1.668274e+02,3.799999e+00,1.444000e-09,1.500000e-05
1.668464e+02,3.799999e+00,1.444000e-09,1.500000e-05
1.668654e+02,3.799999e+00,1.444000e-09,1.500000e-05
1.668844e+02,3.799999e+00,1.444000e-09,1.500000e-05
1.669034e+02,3.799999e+00,1.444000e-09,1.500000e-05
1.669224e+02,3.799999e+00,1.444000e-09,1.500000e-05
1.669414e+02,3.799999e+00,1.444000e-09,1.500000e-05
1.669604e+02,3.799999e+00,1.444000e-09,1.500000e-05
1.669794e+02,3.799999e+00,1.444000e-09,1.500000e-05
1.669984e+02,3.799999e+00,1.444000e-09,1.500000e-05
1.670174e+02,3.799999e+00,1.444000e-09,1.500000e-05
1.670364e+02,3.799999e+00,1.444000e-09,1.500000e-05
1.670554e+02,3.799999e+00,1.444000e-09,1.500000e-05
1.670744e+02,3.799999e+00,1.444000e-09,1.500000e-05
1.670934e+02,3.799999e+00,1.444000e-09,1.500000e-05
1.671124e+02,3.799999e+00,1.444000e-09,1.500000e-05
1.671314e+02,3.799999e+00,1.444000e-09,1.500000e-05
1.671504e+02,3.799999e+00,1.444000e-09,1.500000e-05
1.671694e+02,3.799999e+00,1.444000e-09,1.500000e-05
1.671884e+02,3.799999e+00,1.444000e-09,1.500000e-05
1.672074e+02,3.799999e+00,1.444000e-09,1.500000e-05
1.672264e+02,3.799999e+00,1.444000e-09,1.500000e-05
1.672454e+02,3.799999e+00,1.444000e-09,1.500000e-05
1.672644e+02,3.799999e+00,1.444000e-09,1.500000e-05
1.672834e+02,3.799999e+00,1.444000e-09,1.500000e-05
1.673024e+02,3.799999e+00,1.444000e-09,1.500000e-05
1.673214e+02,3.799999e+00,1.444000e-09,1.500000e-05
1.673404e+02,3.799999e+00,1.444000e-09,1.500000e-05
1.673594e+02,3.799999e+00,1.444000e-09,1.500000e-05
1.673784e+02,3.799999e+00,1.444000e-09,1.500000e-05
1.673974e+02,3.799999e+00,1.444000e-09,1.500000e-05
1.674164e+02,3.799999e+00,1.444000e-09,1.500000e-05
1.674354e+02,3.799999e+00,1.444000e-09,1.500000e-05
1.674544e+02,3.799999e+00,1.444000e-09,1.500000e-05
1.674734e+02,3.799999e+00,1.444000e-09,1.500000e-05
1.674924e+02,3.799999e+00,1.444000e-09,1.500000e-05
1.675114e+02,3.799999e+00,1.444000e-09,1.500000e-05
1.675304e+02,3.799999e+00,1.444000e-09,1.500000e-05
1.675494e+02,3.799999e+00,1.444000e-09,1.500000e-05
1.675684e+02,3.799999e+00,1.444000e-09,1.500000e-05
1.675874e+02,3.799999e+00,1.444000e-09,1.500000e-05
1.676064e+02,3.799999e+00,1.444000e-09,1.500000e-05
1.676254e+02,3.799999e+00,1.444000e-09,1.500000e-05
1.676444e+02,3.799999e+00,1.444000e-09,1.500000e-05
1.676634e+02,3.799999e+00,1.444000e-09,1.500000e-05
1.676824e+02,3.799999e+00,1.444000e-09,1.500000e-05
1.677014e+02,3.799999e+00,1.444000e-09,1.500000e-05
1.677204e+02,3.799999e+00,1.444000e-09,1.500000e-05
1.677394e+02,3.799999e+00,1.444000e-09,1.500000e-05
1.677584e+02,3.799999e+00,1.444000e-09,1.500000e-05
1.677774e+02,3.799999e+00,1.444000e-09,1.500000e-05
1.677964e+02,3.799999e+00,1.444000e-09,1.500000e-05
1.678154e+02,3.799999e+00,1.444000e-09,1.500000e-05
1.678344e+02,3.799999e+00,1.444000e-09,1.500000e-05
1.678534e+02,3.799999e+00,1.444000e-09,1.500000e-05
1.678724e+02,3.799999e+00,1.444000e-09,1.500000e-05
1.678914e+02,3.799999e+00,1.444000e-09,1.500000e-05
1.679104e+02,3.799999e+00,1.444000e-09,1.500000e-05
1.679294e+02,3.799999e+00,1.444000e-09,1.500000e-05
1.679484e+02,3.799999e+00,1.444000e-09,1.500000e-05
1.679674e+02,3.799999e+00,1.444000e-09,1.500000e-05
1.679864e+02,3.799999e+00,1.444000e-09,1.500000e-05
1.680054e+02,3.799999e+00,1.444000e-09,1.500000e-05
1.680244e+02,3.799999e+00,1.444000e-09,1.500000e-05
1.680434e+02,3.799999e+00,1.444000e-09,1.500000e-05
1.680624e+02,3.799999e+00,1.444000e-09,1.500000e-05
1.680814e+02,3.799999e+00,1.444000e-09,1.500000e-05
1.681004e+02,3.799999e+00,1.444000e-09,1.500000e-05
1.681194e+02,3.799999e+00,1.444000e-09,1.500000e-05
1.681384e+02,3.799999e+00,1.444000e-09,1.500000e-05
1.681574e+02,3.799999e+00,1.444000e-09,1.500000e-05
1.681764e+02,3.799999e+00,1.444000e-09,1.500000e-05
1.681954e+02,3.799999e+00,1.444000e-09,1.500000e-05
1.682144e+02,3.799999e+00,1.444000e-09,1.500000e-05
1.682334e+02,3.799999e+00,1.444000e-09,1.500000e-05
1.682524e+02,3.799999e+00,1.444000e-09,1.500000e-05
1.682714e+02,3.799999e+00,1.444000e-09,1.500000e-05
1.682904e+02,3.799999e+00,1.444000e-09,1.500000e-05
1.683094e+02,3.799999e+00,1.444000e-09,1.500000e-05
1.683284e+02,3.799999e+00,1.444000e-09,1.500000e-05
1.683474e+02,3.799999e+00,1.444000e-09,1.500000e-05
1.683664e+02,3.799999e+00,1.444000e-09,1.500000e-05
1.683854e+02,3.799999e+00,1.444000e-09,1.500000e-05
1.684044e+02,3.799999e+00,1.444000e-09,1.500000e-05
1.684234e+02,3.799999e+00,1.444000e-09,1.500000e-05
1.684424e+02,3.799999e+00,1.444000e-09,1.500000e-05
1.684614e+02,3.799999e+00,1.444000e-09,1.500000e-05
1.684804e+02,3.799999e+00,1.444000e-09,1.500000e-05
1.684994e+02,3.799999e+00,1.444000e-09,1.500000e-05
1.685184e+02,3.799999e+00,1.444000e-09,1.500000e-05
1.685374e+02,3.799999e+00,1.444000e-09,1.500000e-05
1.685564e+02,3.799999e+00,1.444000e-09,1.500000e-05
1.685754e+02,3.799999e+00,1.444000e-09,1.500000e-05
1.685944e+02,3.799999e+00,1.444000e-09,1.500000e-05
1.686134e+02,3.799999e+00,1.444000e-09,1.500000e-05
1.686324e+02,3.799999e+00,1.444000e-09,1.500000e-05
1.686514e+02,3.799999e+00,1.444000e-09,1.500000e-05
1.686704e+02,3.799999e+00,1.444000e-09,1.500000e-05
1.686894e+02,3.799999e+00,1.444000e-09,1.500000e-05
1.687084e+02,3.799999e+00,1.444000e-09,1.500000e-05
1.687274e+02,3.799999e+00,1.444000e-09,1.500000e-05
1.687464e+02,3.799999e+00,1.444000e-09,1.500000e-05
1.687654e+02,3.799999e+00,1.444000e-09,1.500000e-05
1.687844e+02,3.799999e+00,1.444000e-09,1.500000e-05
1.688034e+02,3.799999e+00,1.444000e-09,1.500000e-05
1.688224e+02,3.799999e+00,1.444000e-09,1.500000e-05
1.688414e+02,3.799999e+00,1.444000e-09,1.500000e-05
1.688604e+02,3.799999e+00,1.444000e-09,1.500000e-05
1.688794e+02,3.799999e+00,1.444000e-09,1.500000e-05
1.688984e+02,3.799999e+00,1.444000e-09,1.500000e-05
1.689174e+02,3.799999e+00,1.444000e-09,1.500000e-05
1.689364e+02,3.799999e+00,1.444000e-09,1.500000e-05
1.689554e+02,3.799999e+00,1.444000e-09,1.500000e-05
1.689744e+02,3.799999e+00,1.444000e-09,1.500000e-05
1.689934e+02,3.799999e+00,1.444000e-09,1.500000e-05
1.690124e+02,3.799999e+00,1.444000e-09,1.500000e-05
1.690314e+02,3.799999e+00,1.444000e-09,1.500000e-05
1.690504e+02,3.799999e+00,1.444000e-09,1.500000e-05
1.690694e+02,3.799999e+00,1.444000e-09,1.500000e-05
1.690884e+02,3.799999e+00,1.444000e-09,1.500000e-05
1.691074e+02,3.799999e+00,1.444000e-09,1.500000e-05
1.691264e+02,3.799999e+00,1.444000e-09,1.500000e-05
1.691454e+02,3.799999e+00,1.444000e-09,1.500000e-05
1.691644e+02,3.799999e+00,1.444000e-09,1.500000e-05
1.691834e+02,3.799999e+00,1.444000e-09,1.500000e-05
1.692024e+02,3.799999e+00,1.444000e-09,1.500000e-05
1.692214e+02,3.799999e+00,1.444000e-09,1.500000e-05
1.692404e+02,3.799999e+00,1.444000e-09,1.500000e-05
1.692594e+02,3.799999e+00,1.444000e-09,1.500000e-05
1.692784e+02,3.799999e+00,1.444000e-09,1.500000e-05
1.692974e+02,3.799999e+00,1.444000e-09,1.500000e-05
1.693164e+02,3.799999e+00,1.444000e-09,1.500000e-05
1.693354e+02,3.799999e+00,1.444000e-09,1.500000e-05
1.693544e+02,3.799999e+00,1.444000e-09,1.500000e-05
1.693734e+02,3.799999e+00,1.444000e-09,1.500000e-05
1.693924e+02,3.799999e+00,1.444000e-09,1.500000e-05
1.694114e+02,3.799999e+00,1.444000e-09,1.500000e-05
1.694304e+02,3.799999e+00,1.444000e-09,1.500000e-05
1.694494e+02,3.799999e+00,1.444000e-09,1.500000e-05
1.694684e+02,3.799999e+00,1.444000e-09,1.500000e-05
1.694874e+02,3.799999e+00,1.444000e-09,1.500000e-05
1.695064e+02,3.799999e+00,1.444000e-09,1.500000e-05
1.695254e+02,3.799999e+00,1.444000e-09,1.500000e-05
1.695444e+02,3.799999e+00,1.444000e-09,1.500000e-05
1.695634e+02,3.799999e+00,1.444000e-09,1.500000e-05
1.695824e+02,3.799999e+00,1.444000e-09,1.500000e-05
1.696014e+02,3.799999e+00,1.444000e-09,1.500000e-05
1.696204e+02,3.799999e+00,1.444000e-09,1.500000e-05
1.696394e+02,3.799999e+00,1.444000e-09,1.500000e-05
1.696584e+02,3.799999e+00,1.444000e-09,1.500000e-05
1.696774e+02,3.799999e+00,1.444000e-09,1.500000e-05
1.696964e+02,3.799999e+00,1.444000e-09,1.500000e-05
1.697154e+02,3.799999e+00,1.444000e-09,1.500000e-05
1.697344e+02,3.799999e+00,1.444000e-09,1.500000e-05
1.697534e+02,3.799999e+00,1.444000e-09,1.500000e-05
1.697724e+02,3.799999e+00,1.444000e-09,1.500000e-05
1.697914e+02,3.799999e+00,1.444000e-09,1.500000e-05
1.698104e+02,3.799999e+00,1.444000e-09,1.500000e-05
1.698294e+02,3.799999e+00,1.444000e-09,1.500000e-05
1.698484e+02,3.799999e+00,1.444000e-09,1.500000e-05
1.698674e+02,3.799999e+00,1.444000e-09,1.500000e-05
1.698864e+02,3.799999e+00,1.444000e-09,1.500000e-05
1.699054e+02,3.799999e+00,1.444000e-09,1.500000e-05
1.699244e+02,3.799999e+00,1.444000e-09,1.500000e-05
1.699434e+02,3.799999e+00,1.444000e-09,1.500000e-05
1.699624e+02,3.799999e+00,1.444000e-09,1.500000e-05
1.699814e+02,3.799999e+00,1.444000e-09,1.500000e-05
1.700004e+02,3.799999e+00,1.444000e-09,1.500000e-05
1.700194e+02,3.799999e+00,1.444000e-09,1.500000e-05
1.700384e+02,3.799999e+00,1.444000e-09,1.500000e-05
1.700574e+02,3.799999e+00,1.444000e-09,1.500000e-05
1.700764e+02,3.799999e+00,1.444000e-09,1.500000e-05
1.700954e+02,3.799999e+00,1.444000e-09,1.500000e-05
1.701144e+02,3.799999e+00,1.444000e-09,1.500000e-05
1.701334e+02,3.799999e+00,1.444000e-09,1.500000e-05
1.701524e+02,3.799999e+00,1.444000e-09,1.500000e-05
1.701714e+02,3.799999e+00,1.444000e-09,1.500000e-05
1.701904e+02,3.799999e+00,1.444000e-09,1.500000e-05
1.702094e+02,3.799999e+00,1.444000e-09,1.500000e-05
1.702284e+02,3.799999e+00,1.444000e-09,1.500000e-05
1.702474e+02,3.799999e+00,1.444000e-09,1.500000e-05
1.702664e+02,3.799999e+00,1.444000e-09,1.500000e-05
1.702854e+02,3.799999e+00,1.444000e-09,1.500000e-05
1.703044e+02,3.799999e+00,1.444000e-09,1.500000e-05
1.703234e+02,3.799999e+00,1.444000e-09,1.500000e-05
1.703424e+02,3.799999e+00,1.444000e-09,1.500000e-05
1.703614e+02,3.799999e+00,1.444000e-09,1.500000e-05
1.703804e+02,3.799999e+00,1.444000e-09,1.500000e-05
1.703994e+02,3.799999e+00,1.444000e-09,1.500000e-05
1.704184e+02,3.799999e+00,1.444000e-09,1.500000e-05
1.704374e+02,3.799999e+00,1.444000e-09,1.500000e-05
1.704564e+02,3.799999e+00,1.444000e-09,1.500000e-05
1.704754e+02,3.799999e+00,1.444000e-09,1.500000e-05
1.704944e+02,3.799999e+00,1.444000e-09,1.500000e-05
1.705134e+02,3.799999e+00,1.444000e-09,1.500000e-05
1.705324e+02,3.799999e+00,1.444000e-09,1.500000e-05
1.705514e+02,3.799999e+00,1.444000e-09,1.500000e-05
1.705704e+02,3.799999e+00,1.444000e-09,1.500000e-05
1.705894e+02,3.799999e+00,1.444000e-09,1.500000e-05
1.706084e+02,3.799999e+00,1.444000e-09,1.500000e-05
1.706274e+02,3.799999e+00,1.444000e-09,1.500000e-05
1.706464e+02,3.799999e+00,1.444000e-09,1.500000e-05
1.706654e+02,3.799999e+00,1.444000e-09,1.500000e-05
1.706844e+02,3.799999e+00,1.444000e-09,1.500000e-05
1.707034e+02,3.799999e+00,1.444000e-09,1.500000e-05
1.707224e+02,3.799999e+00,1.444000e-09,1.500000e-05
1.707414e+02,3.799999e+00,1.444000e-09,1.500000e-05
1.707604e+02,3.799999e+00,1.444000e-09,1.500000e-05
1.707794e+02,3.799999e+00,1.444000e-09,1.500000e-05
1.707984e+02,3.799999e+00,1.444000e-09,1.500000e-05
1.708174e+02,3.799999e+00,1.444000e-09,1.500000e-05
1.708364e+02,3.799999e+00,1.444000e-09,1.500000e-05
1.708554e+02,3.799999e+00,1.444000e-09,1.500000e-05
1.708744e+02,3.799999e+00,1.444000e-09,1.500000e-05
1.708934e+02,3.799999e+00,1.444000e-09,1.500000e-05
1.709124e+02,3.799999e+00,1.444000e-09,1.500000e-05
1.709314e+02,3.799999e+00,1.444000e-09,1.500000e-05
1.709504e+02,3.799999e+00,1.444000e-09,1.500000e-05
1.709694e+02,3.799999e+00,1.444000e-09,1.500000e-05
1.709884e+02,3.799999e+00,1.444000e-09,1.500000e-05
1.710074e+02,3.799999e+00,1.444000e-09,1.500000e-05
1.710264e+02,3.799999e+00,1.444000e-09,1.500000e-05
1.710454e+02,3.799999e+00,1.444000e-09,1.500000e-05
1.710644e+02,3.799999e+00,1.444000e-09,1.500000e-05
1.710834e+02,3.799999e+00,1.444000e-09,1.500000e-05
1.711024e+02,3.799999e+00,1.444000e-09,1.500000e-05
1.711214e+02,3.799999e+00,1.444000e-09,1.500000e-05
1.711404e+02,3.799999e+00,1.444000e-09,1.500000e-05
1.711594e+02,3.799999e+00,1.444000e-09,1.500000e-05
1.711784e+02,3.799999e+00,1.444000e-09,1.500000e-05
1.711974e+02,3.799999e+00,1.444000e-09,1.500000e-05
1.712164e+02,3.799999e+00,1.444000e-09,1.500000e-05
1.712354e+02,3.799999e+00,1.444000e-09,1.500000e-05
1.712544e+02,3.799999e+00,1.444000e-09,1.500000e-05
1.712734e+02,3.799999e+00,1.444000e-09,1.500000e-05
1.712924e+02,3.799999e+00,1.444000e-09,1.500000e-05
1.713114e+02,3.799999e+00,1.444000e-09,1.500000e-05
1.713304e+02,3.799999e+00,1.444000e-09,1.500000e-05
1.713494e+02,3.799999e+00,1.444000e-09,1.500000e-05
1.713684e+02,3.799999e+00,1.444000e-09,1.500000e-05
1.713874e+02,3.799999e+00,1.444000e-09,1.500000e-05
1.714064e+02,3.799999e+00,1.444000e-09,1.500000e-05
1.714254e+02,3.799999e+00,1.444000e-09,1.500000e-05
1.714444e+02,3.799999e+00,1.444000e-09,1.500000e-05
1.714634e+02,3.799999e+00,1.444000e-09,1.500000e-05
1.714824e+02,3.799999e+00,1.444000e-09,1.500000e-05
1.715014e+02,3.799999e+00,1.444000e-09,1.500000e-05
1.715204e+02,3.799999e+00,1.444000e-09,1.500000e-05
1.715394e+02,3.799999e+00,1.444000e-09,1.500000e-05
1.715584e+02,3.799999e+00,1.444000e-09,1.500000e-05
1.715774e+02,3.799999e+00,1.444000e-09,1.500000e-05
1.715964e+02,3.799999e+00,1.444000e-09,1.500000e-05
1.716154e+02,3.799999e+00,1.444000e-09,1.500000e-05
1.716344e+02,3.799999e+00,1.444000e-09,1.500000e-05
1.716534e+02,3.799999e+00,1.444000e-09,1.500000e-05
1.716724e+02,3.799999e+00,1.444000e-09,1.500000e-05
1.716914e+02,3.799999e+00,1.444000e-09,1.500000e-05
1.717104e+02,3.799999e+00,1.444000e-09,1.500000e-05
1.717294e+02,3.799999e+00,1.444000e-09,1.500000e-05
1.717484e+02,3.799999e+00,1.444000e-09,1.500000e-05
1.717674e+02,3.799999e+00,1.444000e-09,1.500000e-05
1.717864e+02,3.799999e+00,1.444000e-09,1.500000e-05
1.718054e+02,3.799999e+00,1.444000e-09,1.500000e-05
1.718244e+02,3.799999e+00,1.444000e-09,1.500000e-05
1.718434e+02,3.799999e+00,1.444000e-09,1.500000e-05
1.718624e+02,3.799999e+00,1.444000e-09,1.500000e-05
1.718814e+02,3.799999e+00,1.444000e-09,1.500000e-05
1.719004e+02,3.799999e+00,1.444000e-09,1.500000e-05
1.719194e+02,3.799999e+00,1.444000e-09,1.500000e-05
1.719384e+02,3.799999e+00,1.444000e-09,1.500000e-05
1.719574e+02,3.799999e+00,1.444000e-09,1.500000e-05
1.719764e+02,3.799999e+00,1.444000e-09,1.500000e-05
1.719954e+02,3.799999e+00,1.444000e-09,1.500000e-05
1.720144e+02,3.799999e+00,1.444000e-09,1.500000e-05
1.720334e+02,3.799999e+00,1.444000e-09,1.500000e-05
1.720524e+02,3.799999e+00,1.444000e-09,1.500000e-05
1.720714e+02,3.799999e+00,1.444000e-09,1.500000e-05
1.720904e+02,3.799999e+00,1.444000e-09,1.500000e-05
1.721094e+02,3.799999e+00,1.444000e-09,1.500000e-05
1.721284e+02,3.799999e+00,1.444000e-09,1.500000e-05
1.721474e+02,3.799999e+00,1.444000e-09,1.500000e-05
1.721664e+02,3.799999e+00,1.444000e-09,1.500000e-05
1.721854e+02,3.799999e+00,1.444000e-09,1.500000e-05
1.722044e+02,3.799999e+00,1.444000e-09,1.500000e-05
1.722234e+02,3.799999e+00,1.444000e-09,1.500000e-05
1.722424e+02,3.799999e+00,1.444000e-09,1.500000e-05
1.722614e+02,3.799999e+00,1.444000e-09,1.500000e-05
1.722804e+02,3.799999e+00,1.444000e-09,1.500000e-05
1.722994e+02,3.799999e+00,1.444000e-09,1.500000e-05
1.723184e+02,3.799999e+00,1.444000e-09,1.500000e-05
1.723374e+02,3.799999e+00,1.444000e-09,1.500000e-05
1.723564e+02,3.799999e+00,1.444000e-09,1.500000e-05
1.723754e+02,3.799999e+00,1.444000e-09,1.500000e-05
1.723944e+02,3.799999e+00,1.444000e-09,1.500000e-05
1.724134e+02,3.799999e+00,1.444000e-09,1.500000e-05
1.724324e+02,3.799999e+00,1.444000e-09,1.500000e-05
1.724514e+02,3.799999e+00,1.444000e-09,1.500000e-05
1.724704e+02,3.799999e+00,1.444000e-09,1.500000e-05
1.724894e+02,3.799999e+00,1.444000e-09,1.500000e-05
1.725084e+02,3.799999e+00,1.444000e-09,1.500000e-05
1.725274e+02,3.799999e+00,1.444000e-09,1.500000e-05
1.725464e+02,3.799999e+00,1.444000e-09,1.500000e-05
1.725654e+02,3.799999e+00,1.444000e-09,1.500000e-05
1.725844e+02,3.799999e+00,1.444000e-09,1.500000e-05
1.726034e+02,3.799999e+00,1.444000e-09,1.500000e-05
1.726224e+02,3.799999e+00,1.444000e-09,1.500000e-05
1.726414e+02,3.799999e+00,1.444000e-09,1.500000e-05
1.726604e+02,3.799999e+00,1.444000e-09,1.500000e-05
1.726794e+02,3.799999e+00,1.444000e-09,1.500000e-05
1.726984e+02,3.799999e+00,1.444000e-09,1.500000e-05
1.727174e+02,3.799999e+00,1.444000e-09,1.500000e-05
1.727364e+02,3.799999e+00,1.444000e-09,1.500000e-05
1.727554e+02,3.799999e+00,1.444000e-09,1.500000e-05
1.727744e+02,3.799999e+00,1.444000e-09,1.500000e-05
1.727934e+02,3.799999e+00,1.444000e-09,1.500000e-05
1.728124e+02,3.799999e+00,1.444000e-09,1.500000e-05
1.728314e+02,3.799999e+00,1.444000e-09,1.500000e-05
1.728504e+02,3.799999e+00,1.444000e-09,1.500000e-05
1.728694e+02,3.799999e+00,1.444000e-09,1.500000e-05
1.728884e+02,3.799999e+00,1.444000e-09,1.500000e-05
1.729074e+02,3.799999e+00,1.444000e-09,1.500000e-05
1.729264e+02,3.799999e+00,1.444000e-09,1.500000e-05
1.729454e+02,3.799999e+00,1.444000e-09,1.500000e-05
1.729644e+02,3.799999e+00,1.444000e-09,1.500000e-05
1.729834e+02,3.799999e+00,1.444000e-09,1.500000e-05
1.730024e+02,3.799999e+00,1.444000e-09,1.500000e-05
1.730214e+02,3.799999e+00,1.444000e-09,1.500000e-05
1.730404e+02,3.799999e+00,1.444000e-09,1.500000e-05
1.730594e+02,3.799999e+00,1.444000e-09,1.500000e-05
1.730784e+02,3.799999e+00,1.444000e-09,1.500000e-05
1.730974e+02,3.799999e+00,1.444000e-09,1.500000e-05
1.731164e+02,3.799999e+00,1.444000e-09,1.500000e-05
1.731354e+02,3.799999e+00,1.444000e-09,1.500000e-05
1.731544e+02,3.799999e+00,1.444000e-09,1.500000e-05
1.731734e+02,3.799999e+00,1.444000e-09,1.500000e-05
1.731924e+02,3.799999e+00,1.444000e-09,1.500000e-05
1.732114e+02,3.799999e+00,1.444000e-09,1.500000e-05
1.732304e+02,3.799999e+00,1.444000e-09,1.500000e-05
1.732494e+02,3.799999e+00,1.444000e-09,1.500000e-05
1.732684e+02,3.799999e+00,1.444000e-09,1.500000e-05
1.732874e+02,3.799999e+00,1.444000e-09,1.500000e-05
1.733064e+02,3.799999e+00,1.444000e-09,1.500000e-05
1.733254e+02,3.799999e+00,1.444000e-09,1.500000e-05
1.733444e+02,3.799999e+00,1.444000e-09,1.500000e-05
1.733634e+02,3.799999e+00,1.444000e-09,1.500000e-05
1.733824e+02,3.799999e+00,1.444000e-09,1.500000e-05
1.734014e+02,3.799999e+00,1.444000e-09,1.500000e-05
1.734204e+02,3.799999e+00,1.444000e-09,1.500000e-05
1.734394e+02,3.799999e+00,1.444000e-09,1.500000e-05
1.734584e+02,3.799999e+00,1.444000e-09,1.500000e-05
1.734774e+02,3.799999e+00,1.444000e-09,1.500000e-05
1.734964e+02,3.799999e+00,1.444000e-09,1.500000e-05
1.735154e+02,3.799999e+00,1.444000e-09,1.500000e-05
1.735344e+02,3.799999e+00,1.444000e-09,1.500000e-05
1.735534e+02,3.799999e+00,1.444000e-09,1.500000e-05
1.735724e+02,3.799999e+00,1.444000e-09,1.500000e-05
1.735914e+02,3.799999e+00,1.444000e-09,1.500000e-05
1.736104e+02,3.799999e+00,1.444000e-09,1.500000e-05
1.736294e+02,3.799999e+00,1.444000e-09,1.500000e-05
1.736484e+02,3.799999e+00,1.444000e-09,1.500000e-05
1.736674e+02,3.799999e+00,1.444000e-09,1.500000e-05
1.736864e+02,3.799999e+00,1.444000e-09,1.500000e-05
1.737054e+02,3.799999e+00,1.444000e-09,1.500000e-05
1.737244e+02,3.799999e+00,1.444000e-09,1.500000e-05
1.737434e+02,3.799999e+00,1.444000e-09,1.500000e-05
1.737624e+02,3.799999e+00,1.444000e-09,1.500000e-05
1.737814e+02,3.799999e+00,1.444000e-09,1.500000e-05
1.738004e+02,3.799999e+00,1.444000e-09,1.500000e-05
1.738194e+02,3.799999e+00,1.444000e-09,1.500000e-05
1.738384e+02,3.799999e+00,1.444000e-09,1.500000e-05
1.738574e+02,3.799999e+00,1.444000e-09,1.500000e-05
1.738764e+02,3.799999e+00,1.444000e-09,1.500000e-05
1.738954e+02,3.799999e+00,1.444000e-09,1.500000e-05
1.739144e+02,3.799999e+00,1.444000e-09,1.500000e-05
1.739334e+02,3.799999e+00,1.444000e-09,1.500000e-05
1.739524e+02,3.799999e+00,1.444000e-09,1.500000e-05
1.739714e+02,3.799999e+00,1.444000e-09,1.500000e-05
1.739904e+02,3.799999e+00,1.444000e-09,1.500000e-05
1.740094e+02,3.799999e+00,1.444000e-09,1.500000e-05
1.740284e+02,3.799999e+00,1.444000e-09,1.500000e-05
1.740474e+02,3.799999e+00,1.444000e-09,1.500000e-05
1.740664e+02,3.799999e+00,1.444000e-09,1.500000e-05
1.740854e+02,3.799999e+00,1.444000e-09,1.500000e-05
1.741044e+02,3.799999e+00,1.444000e-09,1.500000e-05
1.741234e+02,3.799999e+00,1.444000e-09,1.500000e-05
1.741424e+02,3.799999e+00,1.444000e-09,1.500000e-05
1.741614e+02,3.799999e+00,1.444000e-09,1.500000e-05
1.741804e+02,3.799999e+00,1.444000e-09,1.500000e-05
1.741994e+02,3.799999e+00,1.444000e-09,1.500000e-05
1.742184e+02,3.799999e+00,1.444000e-09,1.500000e-05
1.742374e+02,3.799999e+00,1.444000e-09,1.500000e-05
1.742564e+02,3.799999e+00,1.444000e-09,1.500000e-05
1.742754e+02,3.799999e+00,1.444000e-09,1.500000e-05
1.742944e+02,3.799999e+00,1.444000e-09,1.500000e-05
1.743134e+02,3.799999e+00,1.444000e-09,1.500000e-05
1.743324e+02,3.799999e+00,1.444000e-09,1.500000e-05
1.743514e+02,3.799999e+00,1.444000e-09,1.500000e-05
1.743704e+02,3.799999e+00,1.444000e-09,1.500000e-05
1.743894e+02,3.799999e+00,1.444000e-09,1.500000e-05
1.744084e+02,3.799999e+00,1.444000e-09,1.500000e-05
1.744274e+02,3.799999e+00,1.444000e-09,1.500000e-05
1.744464e+02,3.799999e+00,1.444000e-09,1.500000e-05
1.744654e+02,3.799999e+00,1.444000e-09,1.500000e-05
1.744844e+02,3.799999e+00,1.444000e-09,1.500000e-05
1.745034e+02,3.799999e+00,1.444000e-09,1.500000e-05
1.745224e+02,3.799999e+00,1.444000e-09,1.500000e-05
1.745414e+02,3.799999e+00,1.444000e-09,1.500000e-05
1.745604e+02,3.799999e+00,1.444000e-09,1.500000e-05
1.745794e+02,3.799999e+00,1.444000e-09,1.500000e-05
1.745984e+02,3.799999e+00,1.444000e-09,1.500000e-05
1.746174e+02,3.799999e+00,1.444000e-09,1.500000e-05
1.746364e+02,3.799999e+00,1.444000e-09,1.500000e-05
1.746554e+02,3.799999e+00,1.444000e-09,1.500000e-05
1.746744e+02,3.799999e+00,1.444000e-09,1.500000e-05
1.746934e+02,3.799999e+00,1.444000e-09,1.500000e-05
1.747124e+02,3.799999e+00,1.444000e-09,1.500000e-05
1.747314e+02,3.799999e+00,1.444000e-09,1.500000e-05
1.747504e+02,3.799999e+00,1.444000e-09,1.500000e-05
1.747694e+02,3.799999e+00,1.444000e-09,1.500000e-05
1.747884e+02,3.799999e+00,1.444000e-09,1.500000e-05
1.748074e+02,3.799999e+00,1.444000e-09,1.500000e-05
1.748264e+02,3.799999e+00,1.444000e-09,1.500000e-05
1.748454e+02,3.799999e+00,1.444000e-09,1.500000e-05
1.748644e+02,3.799999e+00,1.444000e-09,1.500000e-05
1.748834e+02,3.799999e+00,1.444000e-09,1.500000e-05
1.749024e+02,3.799999e+00,1.444000e-09,1.500000e-05
1.749214e+02,3.799999e+00,1.444000e-09,1.500000e-05
1.749404e+02,3.799999e+00,1.444000e-09,1.500000e-05
1.749594e+02,3.799999e+00,1.444000e-09,1.500000e-05
1.749784e+02,3.799999e+00,1.444000e-09,1.500000e-05
1.749974e+02,3.799999e+00,1.444000e-09,1.500000e-05
1.750164e+02,3.799999e+00,1.444000e-09,1.500000e-05
1.750354e+02,3.799999e+00,1.444000e-09,1.500000e-05
1.750544e+02,3.799999e+00,1.444000e-09,1.500000e-05
1.750734e+02,3.799999e+00,1.444000e-09,1.500000e-05
1.750924e+02,3.799999e+00,1.444000e-09,1.500000e-05
1.751114e+02,3.799999e+00,1.444000e-09,1.500000e-05
1.751304e+02,3.799999e+00,1.444000e-09,1.500000e-05
1.751494e+02,3.799999e+00,1.444000e-09,1.500000e-05
1.751684e+02,3.799999e+00,1.444000e-09,1.500000e-05
1.751874e+02,3.799999e+00,1.444000e-09,1.500000e-05
1.752064e+02,3.799999e+00,1.444000e-09,1.500000e-05
1.752254e+02,3.799999e+00,1.444000e-09,1.500000e-05
1.752444e+02,3.799999e+00,1.444000e-09,1.500000e-05
1.752634e+02,3.799999e+00,1.444000e-09,1.500000e-05
1.752824e+02,3.799999e+00,1.444000e-09,1.500000e-05
1.753014e+02,3.799999e+00,1.444000e-09,1.500000e-05
1.753204e+02,3.799999e+00,1.444000e-09,1.500000e-05
1.753394e+02,3.799999e+00,1.444000e-09,1.500000e-05
1.753584e+02,3.799999e+00,1.444000e-09,1.500000e-05
1.753774e+02,3.799999e+00,1.444000e-09,1.500000e-05
1.753964e+02,3.799999e+00,1.444000e-09,1.500000e-05
1.754154e+02,3.799999e+00,1.444000e-09,1.500000e-05
1.754344e+02,3.799999e+00,1.444000e-09,1.500000e-05
1.754534e+02,3.799999e+00,1.444000e-09,1.500000e-05
1.754724e+02,3.799999e+00,1.444000e-09,1.500000e-05
1.754914e+02,3.799999e+00,1.444000e-09,1.500000e-05
1.755104e+02,3.799999e+00,1.444000e-09,1.500000e-05
1.755294e+02,3.799999e+00,1.444000e-09,1.500000e-05
1.755484e+02,3.799999e+00,1.444000e-09,1.500000e-05
1.755674e+02,3.799999e+00,1.444000e-09,1.500000e-05
1.755864e+02,3.799999e+00,1.444000e-09,1.500000e-05
1.756054e+02,3.799999e+00,1.444000e-09,1.500000e-05
1.756244e+02,3.799999e+00,1.444000e-09,1.500000e-05
1.756434e+02,3.799999e+00,1.444000e-09,1.500000e-05
1.756624e+02,3.799999e+00,1.444000e-09,1.500000e-05
1.756814e+02,3.799999e+00,1.444000e-09,1.500000e-05
1.757004e+02,3.799999e+00,1.444000e-09,1.500000e-05
1.757194e+02,3.799999e+00,1.444000e-09,1.500000e-05
1.757384e+02,3.799999e+00,1.444000e-09,1.500000e-05
1.757574e+02,3.799999e+00,1.444000e-09,1.500000e-05
1.757764e+02,3.799999e+00,1.444000e-09,1.500000e-05
1.757954e+02,3.799999e+00,1.444000e-09,1.500000e-05
1.758144e+02,3.799999e+00,1.444000e-09,1.500000e-05
1.758334e+02,3.799999e+00,1.444000e-09,1.500000e-05
1.758524e+02,3.799999e+00,1.444000e-09,1.500000e-05
1.758714e+02,3.799999e+00,1.444000e-09,1.500000e-05
1.758904e+02,3.799999e+00,1.444000e-09,1.500000e-05
1.759094e+02,3.799999e+00,1.444000e-09,1.500000e-05
1.759284e+02,3.799999e+00,1.444000e-09,1.500000e-05
1.759474e+02,3.799999e+00,1.444000e-09,1.500000e-05
1.759664e+02,3.799999e+00,1.444000e-09,1.500000e-05
1.759854e+02,3.799999e+00,1.444000e-09,1.500000e-05
1.760044e+02,3.799999e+00,1.444000e-09,1.500000e-05
1.760234e+02,3.799999e+00,1.444000e-09,1.500000e-05
1.760424e+02,3.799999e+00,1.444000e-09,1.500000e-05
1.760614e+02,3.799999e+00,1.444000e-09,1.500000e-05
1.760804e+02,3.799999e+00,1.444000e-09,1.500000e-05
1.760994e+02,3.799999e+00,1.444000e-09,1.500000e-05
1.761184e+02,3.799999e+00,1.444000e-09,1.500000e-05
1.761374e+02,3.799999e+00,1.444000e-09,1.500000e-05
1.761564e+02,3.799999e+00,1.444000e-09,1.500000e-05
1.761754e+02,3.799999e+00,1.444000e-09,1.500000e-05
1.761944e+02,3.799999e+00,1.444000e-09,1.500000e-05
1.762134e+02,3.799999e+00,1.444000e-09,1.500000e-05
1.762324e+02,3.799999e+00,1.444000e-09,1.500000e-05
1.762514e+02,3.799999e+00,1.444000e-09,1.500000e-05
1.762704e+02,3.799999e+00,1.444000e-09,1.500000e-05
1.762894e+02,3.799999e+00,1.444000e-09,1.500000e-05
1.763084e+02,3.799999e+00,1.444000e-09,1.500000e-05
1.763274e+02,3.799999e+00,1.444000e-09,1.500000e-05
1.763464e+02,3.799999e+00,1.444000e-09,1.500000e-05
1.763654e+02,3.799999e+00,1.444000e-09,1.500000e-05
1.763844e+02,3.799999e+00,1.444000e-09,1.500000e-05
1.764034e+02,3.799999e+00,1.444000e-09,1.500000e-05
1.764224e+02,3.799999e+00,1.444000e-09,1.500000e-05
1.764414e+02,3.799999e+00,1.444000e-09,1.500000e-05
1.764604e+02,3.799999e+00,1.444000e-09,1.500000e-05
1.764794e+02,3.799999e+00,1.444000e-09,1.500000e-05
1.764984e+02,3.799999e+00,1.444000e-09,1.500000e-05
1.765174e+02,3.799999e+00,1.444000e-09,1.500000e-05
1.765364e+02,3.799999e+00,1.444000e-09,1.500000e-05
1.765554e+02,3.799999e+00,1.444000e-09,1.500000e-05
1.765744e+02,3.799999e+00,1.444000e-09,1.500000e-05
1.765934e+02,3.799999e+00,1.444000e-09,1.500000e-05
1.766124e+02,3.799999e+00,1.444000e-09,1.500000e-05
1.766314e+02,3.799999e+00,1.444000e-09,1.500000e-05
1.766504e+02,3.799999e+00,1.444000e-09,1.500000e-05
1.766694e+02,3.799999e+00,1.444000e-09,1.500000e-05
1.766884e+02,3.799999e+00,1.444000e-09,1.500000e-05
1.767074e+02,3.799999e+00,1.444000e-09,1.500000e-05
1.767264e+02,3.799999e+00,1.444000e-09,1.500000e-05
1.767454e+02,3.799999e+00,1.444000e-09,1.500000e-05
1.767644e+02,3.799999e+00,1.444000e-09,1.500000e-05
1.767834e+02,3.799999e+00,1.444000e-09,1.500000e-05
1.768024e+02,3.799999e+00,1.444000e-09,1.500000e-05
1.768214e+02,3.799999e+00,1.444000e-09,1.500000e-05
1.768404e+02,3.799999e+00,1.444000e-09,1.500000e-05
1.768594e+02,3.799999e+00,1.444000e-09,1.500000e-05
1.768784e+02,3.799999e+00,1.444000e-09,1.500000e-05
1.768974e+02,3.799999e+00,1.444000e-09,1.500000e-05
1.769164e+02,3.799999e+00,1.444000e-09,1.500000e-05
1.769354e+02,3.799999e+00,1.444000e-09,1.500000e-05
1.769544e+02,3.799999e+00,1.444000e-09,1.500000e-05
1.769734e+02,3.799999e+00,1.444000e-09,1.500000e-05
1.769924e+02,3.799999e+00,1.444000e-09,1.500000e-05
1.770114e+02,3.799999e+00,1.444000e-09,1.500000e-05
1.770304e+02,3.799999e+00,1.444000e-09,1.500000e-05
1.770494e+02,3.799999e+00,1.444000e-09,1.500000e-05
1.770684e+02,3.799999e+00,1.444000e-09,1.500000e-05
1.770874e+02,3.799999e+00,1.444000e-09,1.500000e-05
1.771064e+02,3.799999e+00,1.444000e-09,1.500000e-05
1.771254e+02,3.799999e+00,1.444000e-09,1.500000e-05
1.771444e+02,3.799999e+00,1.444000e-09,1.500000e-05
1.771634e+02,3.799999e+00,1.444000e-09,1.500000e-05
1.771824e+02,3.799999e+00,1.444000e-09,1.500000e-05
1.772014e+02,3.799999e+00,1.444000e-09,1.500000e-05
1.772204e+02,3.799999e+00,1.444000e-09,1.500000e-05
1.772394e+02,3.799999e+00,1.444000e-09,1.500000e-05
1.772584e+02,3.799999e+00,1.444000e-09,1.500000e-05
1.772774e+02,3.799999e+00,1.444000e-09,1.500000e-05
1.772964e+02,3.799999e+00,1.444000e-09,1.500000e-05
1.773154e+02,3.799999e+00,1.444000e-09,1.500000e-05
1.773344e+02,3.799999e+00,1.444000e-09,1.500000e-05
1.773534e+02,3.799999e+00,1.444000e-09,1.500000e-05
1.773724e+02,3.799999e+00,1.444000e-09,1.500000e-05
1.773914e+02,3.799999e+00,1.444000e-09,1.500000e-05
1.774104e+02,3.799999e+00,1.444000e-09,1.500000e-05
1.774294e+02,3.799999e+00,1.444000e-09,1.500000e-05
1.774484e+02,3.799999e+00,1.444000e-09,1.500000e-05
1.774674e+02,3.799999e+00,1.444000e-09,1.500000e-05
1.774864e+02,3.799999e+00,1.444000e-09,1.500000e-05
1.775054e+02,3.799999e+00,1.444000e-09,1.500000e-05
1.775244e+02,3.799999e+00,1.444000e-09,1.500000e-05
1.775434e+02,3.799999e+00,1.444000e-09,1.500000e-05
1.775624e+02,3.799999e+00,1.444000e-09,1.500000e-05
1.775814e+02,3.799999e+00,1.444000e-09,1.500000e-05
1.776004e+02,3.799999e+00,1.444000e-09,1.500000e-05
1.776194e+02,3.799999e+00,1.444000e-09,1.500000e-05
1.776384e+02,3.799999e+00,1.444000e-09,1.500000e-05
1.776574e+02,3.799999e+00,1.444000e-09,1.500000e-05
1.776764e+02,3.799999e+00,1.444000e-09,1.500000e-05
1.776954e+02,3.799999e+00,1.444000e-09,1.500000e-05
1.777144e+02,3.799999e+00,1.444000e-09,1.500000e-05
1.777334e+02,3.799999e+00,1.444000e-09,1.500000e-05
1.777524e+02,3.799999e+00,1.444000e-09,1.500000e-05
1.777714e+02,3.799999e+00,1.444000e-09,1.500000e-05
1.777904e+02,3.799999e+00,1.444000e-09,1.500000e-05
1.778094e+02,3.799999e+00,1.444000e-09,1.500000e-05
1.778284e+02,3.799999e+00,1.444000e-09,1.500000e-05
1.778474e+02,3.799999e+00,1.444000e-09,1.500000e-05
1.778664e+02,3.799999e+00,1.444000e-09,1.500000e-05
1.778854e+02,3.799999e+00,1.444000e-09,1.500000e-05
1.779044e+02,3.799999e+00,1.444000e-09,1.500000e-05
1.779234e+02,3.799999e+00,1.444000e-09,1.500000e-05
1.779424e+02,3.799999e+00,1.444000e-09,1.500000e-05
1.779614e+02,3.799999e+00,1.444000e-09,1.500000e-05
1.779804e+02,3.799999e+00,1.444000e-09,1.500000e-05
1.779994e+02,3.799999e+00,1.444000e-09,1.500000e-05
1.780184e+02,3.799999e+00,1.444000e-09,1.500000e-05
1.780374e+02,3.799999e+00,1.444000e-09,1.500000e-05
1.780564e+02,3.799999e+00,1.444000e-09,1.500000e-05
1.780754e+02,3.799999e+00,1.444000e-09,1.500000e-05
1.780944e+02,3.799999e+00,1.444000e-09,1.500000e-05
1.781134e+02,3.799999e+00,1.444000e-09,1.500000e-05
1.781324e+02,3.799999e+00,1.444000e-09,1.500000e-05
1.781514e+02,3.799999e+00,1.444000e-09,1.500000e-05
1.781704e+02,3.799999e+00,1.444000e-09,1.500000e-05
1.781894e+02,3.799999e+00,1.444000e-09,1.500000e-05
1.782084e+02,3.799999e+00,1.444000e-09,1.500000e-05
1.782274e+02,3.799999e+00,1.444000e-09,1.500000e-05
1.782464e+02,3.799999e+00,1.444000e-09,1.500000e-05
1.782654e+02,3.799999e+00,1.444000e-09,1.500000e-05
1.782844e+02,3.799999e+00,1.444000e-09,1.500000e-05
1.783034e+02,3.799999e+00,1.444000e-09,1.500000e-05
1.783224e+02,3.799999e+00,1.444000e-09,1.500000e-05
1.783414e+02,3.799999e+00,1.444000e-09,1.500000e-05
1.783604e+02,3.799999e+00,1.444000e-09,1.500000e-05
1.783794e+02,3.799999e+00,1.444000e-09,1.500000e-05
1.783984e+02,3.799999e+00,1.444000e-09,1.500000e-05
1.784174e+02,3.799999e+00,1.444000e-09,1.500000e-05
1.784364e+02,3.799999e+00,1.444000e-09,1.500000e-05
1.784554e+02,3.799999e+00,1.444000e-09,1.500000e-05
1.784744e+02,3.799999e+00,1.444000e-09,1.500000e-05
1.784934e+02,3.799999e+00,1.444000e-09,1.500000e-05
1.785124e+02,3.799999e+00,1.444000e-09,1.500000e-05
1.785314e+02,3.799999e+00,1.444000e-09,1.500000e-05
1.785504e+02,3.799999e+00,1.444000e-09,1.500000e-05
1.785694e+02,3.799999e+00,1.444000e-09,1.500000e-05
1.785884e+02,3.799999e+00,1.444000e-09,1.500000e-05
1.786074e+02,3.799999e+00,1.444000e-09,1.500000e-05
1.786264e+02,3.799999e+00,1.444000e-09,1.500000e-05
1.786454e+02,3.799999e+00,1.444000e-09,1.500000e-05
1.786644e+02,3.799999e+00,1.444000e-09,1.500000e-05
1.786834e+02,3.799999e+00,1.444000e-09,1.500000e-05
1.787024e+02,3.799999e+00,1.444000e-09,1.500000e-05
1.787214e+02,3.799999e+00,1.444000e-09,1.500000e-05
1.787404e+02,3.799999e+00,1.444000e-09,1.500000e-05
1.787594e+02,3.799999e+00,1.444000e-09,1.500000e-05
1.787784e+02,3.799999e+00,1.444000e-09,1.500000e-05
1.787974e+02,3.799999e+00,1.444000e-09,1.500000e-05
1.788164e+02,3.799999e+00,1.444000e-09,1.500000e-05
1.788354e+02,3.799999e+00,1.444000e-09,1.500000e-05
1.788544e+02,3.799999e+00,1.444000e-09,1.500000e-05
1.788734e+02,3.799999e+00,1.444000e-09,1.500000e-05
1.788924e+02,3.799999e+00,1.444000e-09,1.500000e-05
1.789114e+02,3.799999e+00,1.444000e-09,1.500000e-05
1.789304e+02,3.799999e+00,1.444000e-09,1.500000e-05
1.789494e+02,3.799999e+00,1.444000e-09,1.500000e-05
1.789684e+02,3.799999e+00,1.444000e-09,1.500000e-05
1.789874e+02,3.799999e+00,1.444000e-09,1.500000e-05
1.790064e+02,3.799999e+00,1.444000e-09,1.500000e-05
1.790254e+02,3.799999e+00,1.444000e-09,1.500000e-05
1.790444e+02,3.799999e+00,1.444000e-09,1.500000e-05
1.790634e+02,3.799999e+00,1.444000e-09,1.500000e-05
1.790824e+02,3.799999e+00,1.444000e-09,1.500000e-05
1.791014e+02,3.799999e+00,1.444000e-09,1.500000e-05
1.791204e+02,3.799999e+00,1.444000e-09,1.500000e-05
1.791394e+02,3.799999e+00,1.444000e-09,1.500000e-05
1.791584e+02,3.799999e+00,1.444000e-09,1.500000e-05
1.791774e+02,3.799999e+00,1.444000e-09,1.500000e-05
1.791964e+02,3.799999e+00,1.444000e-09,1.500000e-05
1.792154e+02,3.799999e+00,1.444000e-09,1.500000e-05
1.792344e+02,3.799999e+00,1.444000e-09,1.500000e-05
1.792534e+02,3.799999e+00,1.444000e-09,1.500000e-05
1.792724e+02,3.799999e+00,1.444000e-09,1.500000e-05
1.792914e+02,3.799999e+00,1.444000e-09,1.500000e-05
1.793104e+02,3.799999e+00,1.444000e-09,1.500000e-05
1.793294e+02,3.799999e+00,1.444000e-09,1.500000e-05
1.793484e+02,3.799999e+00,1.444000e-09,1.500000e-05
1.793674e+02,3.799999e+00,1.444000e-09,1.500000e-05
1.793864e+02,3.799999e+00,1.444000e-09,1.500000e-05
1.794054e+02,3.799999e+00,1.444000e-09,1.500000e-05
1.794244e+02,3.799999e+00,1.444000e-09,1.500000e-05
1.794434e+02,3.799999e+00,1.444000e-09,1.500000e-05
1.794624e+02,3.799999e+00,1.444000e-09,1.500000e-05
1.794814e+02,3.799999e+00,1.444000e-09,1.500000e-05
1.795004e+02,3.799999e+00,1.444000e-09,1.500000e-05
1.795194e+02,3.799999e+00,1.444000e-09,1.500000e-05
1.795384e+02,3.799999e+00,1.444000e-09,1.500000e-05
1.795574e+02,3.799999e+00,1.444000e-09,1.500000e-05
1.795764e+02,3.799999e+00,1.444000e-09,1.500000e-05
1.795954e+02,3.799999e+00,1.444000e-09,1.500000e-05
1.796144e+02,3.799999e+00,1.444000e-09,1.500000e-05
1.796334e+02,3.799999e+00,1.444000e-09,1.500000e-05
1.796524e+02,3.799999e+00,1.444000e-09,1.500000e-05
1.796714e+02,3.799999e+00,1.444000e-09,1.500000e-05
1.796904e+02,3.799999e+00,1.444000e-09,1.500000e-05
1.797094e+02,3.799999e+00,1.444000e-09,1.500000e-05
1.797284e+02,3.799999e+00,1.444000e-09,1.500000e-05
1.797474e+02,3.799999e+00,1.444000e-09,1.500000e-05
1.797664e+02,3.799999e+00,1.444000e-09,1.500000e-05
1.797854e+02,3.799999e+00,1.444000e-09,1.500000e-05
1.798044e+02,3.799999e+00,1.444000e-09,1.500000e-05
1.798234e+02,3.799999e+00,1.444000e-09,1.500000e-05
1.798424e+02,3.799999e+00,1.444000e-09,1.500000e-05
1.798614e+02,3.799999e+00,1.444000e-09,1.500000e-05
1.798804e+02,3.799999e+00,1.444000e-09,1.500000e-05
1.798994e+02,3.799999e+00,1.444000e-09,1.500000e-05
1.799184e+02,3.799999e+00,1.444000e-09,1.500000e-05
1.799374e+02,3.799999e+00,1.444000e-09,1.500000e-05
1.799564e+02,3.799999e+00,1.444000e-09,1.500000e-05
1.799754e+02,3.799999e+00,1.444000e-09,1.500000e-05
1.799944e+02,3.799999e+00,1.444000e-09,1.500000e-05
